id_comercio|id_bandera|id_sucursal|id_producto|productos_ean|productos_descripcion|productos_cantidad_presentacion|productos_unidad_medida_presentacion|productos_marca|productos_precio_lista|productos_precio_referencia|productos_cantidad_referencia|productos_unidad_medida_referencia|productos_precio_unitario_promo1|productos_leyenda_promo1|productos_precio_unitario_promo2|productos_leyenda_promo2
3|1|3|7791813434412|1|7UP FREE PET X 1.5L|1.00|unidad| |5200.00|5200.00|1|unidad||||
3|1|3|0000000023897|0|AFEITADORA BIC COMFORT  3|1.00|unidad| |820.00|820.00|1|unidad||||
3|1|3|7790580109882|1|AGUILA EXTRAFINO 60% CACAO X 150 GR|1.00|unidad| |16100.00|16100.00|1|unidad||||
3|1|3|7790040133594|1|AGUILA MINITORTA BROWNIE X 72G|1.00|unidad| |3100.00|3100.00|1|unidad||||
3|1|3|7790040298705|1|AGUILA MINITORTA DDLECHE/MOUSSE SAB.VAINILLA X 72G|1.00|unidad| |3100.00|3100.00|1|unidad||||
3|1|3|0000000023956|0|ALFAJOR CHOCOLATE|1.00|unidad| |2350.00|2350.00|1|unidad||||
3|1|3|0000000023280|0|ALFAJORES DE MAICENA|1.00|unidad| |2350.00|2350.00|1|unidad||||
3|1|3|7790580607418|1|ARCOR CHOCOLATE BLANCO TABLETA X 25 GR|1.00|unidad| |2500.00|2500.00|1|unidad||||
3|1|3|7790580607210|1|ARCOR CHOCOLATE CON LECHE TABLETA X 25GR|1.00|unidad| |2500.00|2500.00|1|unidad||||
3|1|3|0000000001339|0|ARCOR OBLEA RELLENA C/PASTA DE TURRON Y MANI X 25G|1.00|unidad| |700.00|700.00|1|unidad||||
3|1|3|7793360294600|1|BC JUGO MANZANA TETRA X 200CC|1.00|unidad| |1300.00|1300.00|1|unidad||||
3|1|3|7793360246609|1|BC JUGO NARANJA TETRA X 200CC.|1.00|unidad| |1300.00|1300.00|1|unidad||||
3|1|3|7790580154264|1|BEB MULTIFRUTA BC 24X200ML|1.00|unidad| |1300.00|1300.00|1|unidad||||
3|1|3|7792730020559|1|BIZNIKKE NEVADO CHOCOLATE TABLETA X 120 GR.|1.00|unidad| |9200.00|9200.00|1|unidad||||
3|1|3|7790580722708|1|BOMBON TOFI LECHE X 15G|1.00|unidad| |2100.00|2100.00|1|unidad||||
3|1|3|7790040613607|1|Bon O Bon Alfajor Chocolate Blanco x40 gr|1.00|unidad| |2100.00|2100.00|1|unidad||||
3|1|3|7790040613706|1|BON O BON ALFAJOR CHOCOLATE NEGRO/LECHE X 40G|1.00|unidad| |2100.00|2100.00|1|unidad||||
3|1|3|0000000021586|0|BON-O-BON BOMBON AGUILA X 15G|1.00|unidad| |1100.00|1100.00|1|unidad||||
3|1|3|7790580119058|1|BON-O-BON BOMBON CHOCOLATE BLANCO X 15G|1.00|unidad| |1100.00|1100.00|1|unidad||||
3|1|3|0000000021587|0|BON-O-BON BOMBON CHOCOLINA X 15G|1.00|unidad| |1100.00|1100.00|1|unidad||||
3|1|3|7792360072409|1|BONAFIDE BOCADITO DDL X 16G|1.00|unidad| |1800.00|1800.00|1|unidad||||
3|1|3|0000000021151|0|BROWNIE ARTESANAL|1.00|unidad| |5850.00|5850.00|1|unidad||||
3|1|3|0000000023273|0|BUDIN BANANA Y DDL|1.00|unidad| |5300.00|5300.00|1|unidad||||
3|1|3|0000000021701|0|BUDIN DE FRUTOS SECOS|1.00|unidad| |5300.00|5300.00|1|unidad||||
3|1|3|0000000021700|0|BUDIN DE LIMON Y ARANDANOS|1.00|unidad| |5300.00|5300.00|1|unidad||||
3|1|3|7790407022011|1|CABSHA BOCADITO X 10G|1.00|unidad| |1000.00|1000.00|1|unidad||||
3|1|3|7798128000271|1|CACHAFAZ ALFAJOR MOUSSE X 50G|1.00|unidad| |3400.00|3400.00|1|unidad||||
3|1|3|7622201818739|1|CADBURY CHOCOLATE C/LECHE TRES SUEÑOS X 82G|1.00|unidad| |8200.00|8200.00|1|unidad||||
3|1|3|7622201818654|1|CADBURY CHOCOLATE RELLENO YOGHURT FRUTILLA X 29G|1.00|unidad| |3500.00|3500.00|1|unidad||||
3|1|3|7622202271250|1|Caram. Halls 12u Strong Nvo|1.00|unidad| |1350.00|1350.00|1|unidad||||
3|1|3|7622202247286|1|Caram. Halls Cherry Nvo 28 Grs|1.00|unidad| |1350.00|1350.00|1|unidad||||
3|1|3|7790895649301|1|CEPITA 20% NARANJA 200ML|1.00|unidad| |2200.00|2200.00|1|unidad||||
3|1|3|7790895009853|1|CEPITA JUGO MANZANA BOTELLA X 1L|1.00|unidad| |6100.00|6100.00|1|unidad||||
3|1|3|7790895000720|1|CEPITA JUGO MANZANA TETRA X 200CC.|1.00|unidad| |2200.00|2200.00|1|unidad||||
3|1|3|7790895647017|1|CEPITA JUGO MANZANA ZINC TETRA X 1 LT.|1.00|unidad| |4450.00|4450.00|1|unidad||||
3|1|3|7790895000737|1|CEPITA JUGO MULTIFRUTA TETRA X 200CC|1.00|unidad| |2200.00|2200.00|1|unidad||||
3|1|3|7790895647123|1|CEPITA JUGO MULTIFRUTA ZINC TETRA X 1 LT.|1.00|unidad| |4450.00|4450.00|1|unidad||||
3|1|3|7790895648267|1|CEPITA NARANJA 20% 1L|1.00|unidad| |4450.00|4450.00|1|unidad||||
3|1|3|7790895009815|1|CEPITA NARANJA 995CC|1.00|unidad| |6100.00|6100.00|1|unidad||||
3|1|3|0000000022630|0|CEREAL MIX BARRA DE CEREAL C/FRUTILLA&YOGHURT X26G|1.00|unidad| |2000.00|2000.00|1|unidad||||
3|1|3|0000000001341|0|CEREAL MIX BARRA DE CEREAL X 23G|1.00|unidad| |2000.00|2000.00|1|unidad||||
3|1|3|0000000022631|0|CEREAL MIX BARRA DE CEREAL YOGH/FRUTIL.L.X26g|1.00|unidad| |2000.00|2000.00|1|unidad||||
3|1|3|7790580123345|1|CH. TL7 MENTHOL 20X16X14G|1.00|unidad| |2300.00|2300.00|1|unidad||||
3|1|3|0000000019822|0|CH. TL7 VIBR. STRAW. 20X16X14G|1.00|unidad| |2300.00|2300.00|1|unidad||||
3|1|3|7790580104252|1|CH. TL7 VIOL. CHERRY 20X16X14G|1.00|unidad| |2300.00|2300.00|1|unidad||||
3|1|3|7790580317607|1|CH. TL7 XPLOS. MINT 20X16X14G|1.00|unidad| |2300.00|2300.00|1|unidad||||
3|1|3|8445290701961|1|Choc Bananita Dolca 30 grs|1.00|unidad| |2400.00|2400.00|1|unidad||||
3|1|3|8445290701596|1|Choc. Bananita Dolca 14grs|1.00|unidad| |1400.00|1400.00|1|unidad||||
3|1|3|7622202328947|1|Choc. Milka 55g Leche NVO|1.00|unidad| |6400.00|6400.00|1|unidad||||
3|1|3|7790070418296|1|Chocoarroz Blanco est. 22g|1.00|unidad| |2000.00|2000.00|1|unidad||||
3|1|3|7790070418203|1|Chocoarroz DL 22 gr|1.00|unidad| |2000.00|2000.00|1|unidad||||
3|1|3|7790580103521|1|CHOCOLATE LECHE CON CONFITES COFLER X 55 G|1.00|unidad| |6200.00|6200.00|1|unidad||||
3|1|3|7798304840851|1|CHOMPAlmedC/SsaDDL6x180g|1.00|unidad| |10700.00|10700.00|1|unidad||||
3|1|3|7798130953640|1|CHUPETIN COCO POP X 17 G|1.00|unidad| |3600.00|3600.00|1|unidad||||
3|1|3|7798130954777|1|CHUPETIN EMOTI POP 11GR|1.00|unidad| |3600.00|3600.00|1|unidad||||
3|1|3|0000000023604|0|CIRCULAR MEMBRILLO X UN|1.00|unidad| |1700.00|1700.00|1|unidad||||
3|1|3|7798085680516|1|CITRIC JUGO NARANJA MANGO TETRA X 500CC|1.00|unidad| |3850.00|3850.00|1|unidad||||
3|1|3|7798085681834|1|CITRIC JUGO NARANJA TETRA X 1L|1.00|unidad| |5750.00|5750.00|1|unidad||||
3|1|3|7798085681445|1|CITRIC JUGO NARANJA TETRA X 250CC|1.00|unidad| |2200.00|2200.00|1|unidad||||
3|1|3|7798085681452|1|CITRIC JUGO NARANJA TETRA X 500CC|1.00|unidad| |3850.00|3850.00|1|unidad||||
3|1|3|7798085680295|1|CITRIC JUGO NARANJA/ DURAZNO TETRA X 500CC|1.00|unidad| |3850.00|3850.00|1|unidad||||
3|1|3|7790895000997|1|COCA-COLA X 2.25L|1.00|unidad| |8950.00|8950.00|1|unidad||||
3|1|3|7790040659605|1|COFLER BLOCK ALFAJOR CHOCOLATE X 60 G|1.00|unidad| |3100.00|3100.00|1|unidad||||
3|1|3|0000000018365|0|COFLER BLOCK CHOCOLATE C/LECHE Y MANI TAB.X 110GR|1.00|unidad| |8300.00|8300.00|1|unidad||||
3|1|3|0000000015301|0|COFLER BLOCK CHOCOLATE C/LECHE Y MANI TAB.X 38GR|1.00|unidad| |3400.00|3400.00|1|unidad||||
3|1|3|7790580105013|1|COFLER BLOCK CHOCOLATE X 170G|1.00|unidad| |14000.00|14000.00|1|unidad||||
3|1|3|7790580115579|1|COFLER BLOCK CHOCOLATE X 1KG|1.00|unidad| |66200.00|66200.00|1|unidad||||
3|1|3|7790580103385|1|COFLER CHOCOLATE AIREADO BCO/LECHE X 27 GR.|1.00|unidad| |3600.00|3600.00|1|unidad||||
3|1|3|7790580103378|1|COFLER CHOCOLATE AIREADO BLANCO X 27 GR.|1.00|unidad| |3600.00|3600.00|1|unidad||||
3|1|3|7790580115869|1|COFLER CHOCOLATE AIREADO BON O BON X 67G|1.00|unidad| |7000.00|7000.00|1|unidad||||
3|1|3|7790580103361|1|COFLER CHOCOLATE AIREADO LECHE X 27 GR.|1.00|unidad| |3600.00|3600.00|1|unidad||||
3|1|3|7790580043407|1|COFLER CHOCOLATE AIREADO LECHE X 55G|1.00|unidad| |7100.00|7100.00|1|unidad||||
3|1|3|7790580003531|1|COFLER CHOCOLATE BCO&COOK X 55G|1.00|unidad| |6200.00|6200.00|1|unidad||||
3|1|3|7790580043506|1|COFLER CHOCOLATE LECHE CON ALMENDRAS X 55G|1.00|unidad| |6200.00|6200.00|1|unidad||||
3|1|3|0000000024109|0|CRIOLLITO X UN|1.00|unidad| |1700.00|1700.00|1|unidad||||
3|1|3|0000000023957|0|CROISSANT J Y Q|1.00|unidad| |6400.00|6400.00|1|unidad||||
3|1|3|7798024760798|1|CROQUE MONSIEUR J Y Q BLANCO X UN|1.00|unidad| |10100.00|10100.00|1|unidad||||
3|1|3|7798024760804|1|CROQUE MONSIEUR J Y Q NEGRO X UN|1.00|unidad| |10100.00|10100.00|1|unidad||||
3|1|3|0000000020568|0|CUADRADO DE PASTA FROLA|1.00|unidad| |5300.00|5300.00|1|unidad||||
3|1|3|0000000023543|0|DELIVERY MEDIALUNAS X 6 UNIDADES|1.00|unidad| |205.00|205.00|1|unidad||||
3|1|3|7795735000106|1|DON SATUR TALITAS X 140GR|1.00|unidad| |2800.00|2800.00|1|unidad||||
3|1|3|7790206007509|1|DOS CORAZONES BOCADITO CHOC.C/LECHE RELL. X 26GR|1.00|unidad| |2200.00|2200.00|1|unidad||||
3|1|3|7792799000035|1|ECO DE LOS ANDES AGUA CON GAS PET X 500CC.|1.00|unidad| |3300.00|3300.00|1|unidad||||
3|1|3|7798128000486|1|EL CACHAFAZ ALFAJOR BLANCO FLOWPACK X 60 GR|1.00|unidad| |3300.00|3300.00|1|unidad||||
3|1|3|7798128000462|1|EL CACHAFAZ ALFAJOR CHOCOLATE FLOWPACK X 60 GR|1.00|unidad| |3200.00|3200.00|1|unidad||||
3|1|3|7798128001940|1|EL CACHAFAZ ALFAJOR DE MAICENA X 76G|1.00|unidad| |3300.00|3300.00|1|unidad||||
3|1|3|7798128001797|1|EL CACHAFAZ CONITO DULCE DE LECHE X 38G|1.00|unidad| |2700.00|2700.00|1|unidad||||
3|1|3|7798024760569|1|ENSALADA CESAR  PREMIUM X UN|1.00|unidad| |14300.00|14300.00|1|unidad||||
3|1|3|7798024760392|1|ENSALADA CHEF PREMIUM X UN|1.00|unidad| |14300.00|14300.00|1|unidad||||
3|1|3|7798024766417|1|ENSALADA MIX VEG.C/PECHUGUITAS AL SESAMO X UN|1.00|unidad| |14300.00|14300.00|1|unidad||||
3|1|3|7613035242524|1|EPA DDL MAX 88GR|1.00|unidad| |6800.00|6800.00|1|unidad||||
3|1|3|7613035242500|1|EPA ROCKER X 88G|1.00|unidad| |6800.00|6800.00|1|unidad||||
3|1|3|7898024390121|1|FERRERO ROCHER BOMBON CHOC.RELL.PAQ.3 UNID X 37.5G|1.00|unidad| |5600.00|5600.00|1|unidad||||
3|1|3|7798024760255|1|FIGAZZITAS DE SALAME Y QUESO X 2 UN|1.00|unidad| |9100.00|9100.00|1|unidad||||
3|1|3|7798147780062|1|Franui sabor Black 150gr|1.00|unidad| |8500.00|8500.00|1|unidad||||
3|1|3|7798147783223|1|Franui sabor Leche 150gr|1.00|unidad| |8500.00|8500.00|1|unidad||||
3|1|3|7790070431936|1|Gallo YoguBar 20gr|1.00|unidad| |1800.00|1800.00|1|unidad||||
3|1|3|0067061111111|1|GATORADE COOL BLUE PET X 500CC|1.00|unidad| |4300.00|4300.00|1|unidad||||
3|1|3|0071971211111|1|GATORADE FRUTOS TROPICALES PET X 750CC|1.00|unidad| |5200.00|5200.00|1|unidad||||
3|1|3|0066011111111|1|GATORADE MANZANA PET X 500CC|1.00|unidad| |4300.00|4300.00|1|unidad||||
3|1|3|0042831111111|1|GATORADE MANZANA PET X 750CC|1.00|unidad| |5100.00|5100.00|1|unidad||||
3|1|3|0006602111111|1|GATORADE NARANJA PET X 500CC|1.00|unidad| |4300.00|4300.00|1|unidad||||
3|1|3|7798024766103|1|GRANDWICH PANINI GRIGLIATTI JAM/QUE/TOM/HUE X 210G|1.00|unidad| |7350.00|7350.00|1|unidad||||
3|1|3|0000000023445|0|HALLS FREE MENTA X 28 G|1.00|unidad| |1500.00|1500.00|1|unidad||||
3|1|3|7791249450277|1|HALLS MENTA LYPTUS CARAMELOS DUROS PAQ.X 28G|1.00|unidad| |1300.00|1300.00|1|unidad||||
3|1|3|0000000023603|0|ICEDREAM CIRCULAR PASTELERA X UN|1.00|unidad| |1700.00|1700.00|1|unidad||||
3|1|3|0028411111111|1|JORGITO ALFAJOR BLANCO X 50G|1.00|unidad| |1800.00|1800.00|1|unidad||||
3|1|3|0011111112842|1|JORGITO ALFAJOR CHOCOLATE X 55G|1.00|unidad| |1800.00|1800.00|1|unidad||||
3|1|3|7790957000545|1|JORGITO MINI ALFAJOR CHOCOLATE PAQ.X 6 UNID.|1.00|unidad| |4900.00|4900.00|1|unidad||||
3|1|3|7790957000538|1|JORGITO MINI ALFAJOR GLACEADO PAQ.X 6 UNID.X 155GR|1.00|unidad| |4900.00|4900.00|1|unidad||||
3|1|3|0000080052760|1|KINDER BUENO OBLEA CHOCOLATE CON LECHE X 43G|1.00|unidad| |4900.00|4900.00|1|unidad||||
3|1|3|0000077949677|1|KINDER CHOCOLATE X 50G|1.00|unidad| |5700.00|5700.00|1|unidad||||
3|1|3|7891000379073|1|KIT KAT DARK OBLEA BAÑADA CHOCOLATE X 41.5G|1.00|unidad| |3000.00|3000.00|1|unidad||||
3|1|3|7891000379028|1|KIT KAT OBLEA BAÑADA CHOCOLATE BLANCO X 41.5G|1.00|unidad| |3000.00|3000.00|1|unidad||||
3|1|3|7791337007260|1|Leche chocolatada Cindor 200ml|1.00|unidad| |3800.00|3800.00|1|unidad||||
3|1|3|7791337007253|1|Leche chocolatada Cindor x 1L|1.00|unidad| |11500.00|11500.00|1|unidad||||
3|1|3|7798368470391|1|LUCCIANO´S CHANTILLY X 100GR (02)|1.00|unidad| |7400.00|7400.00|1|unidad||||
3|1|3|7798368470384|1|LUCCIANO´S CHOCOLATE C/CROCANTE X 100GR (01)|1.00|unidad| |7400.00|7400.00|1|unidad||||
3|1|3|7798368470421|1|LUCCIANO´S CHOCOLATE X 90GR (05)|1.00|unidad| |7400.00|7400.00|1|unidad||||
3|1|3|7798368470438|1|LUCCIANO´S DDL C/ CROCANTE X 90GR (06)|1.00|unidad| |7400.00|7400.00|1|unidad||||
3|1|3|0000000024240|0|LUCCIANO´S DDL X 90GR (03)|1.00|unidad| |6000.00|6000.00|1|unidad||||
3|1|3|7798368470476|1|LUCCIANO´S MINION ICE POP X 100GR (10)|1.00|unidad| |7900.00|7900.00|1|unidad||||
3|1|3|7798368470469|1|LUCCIANO´S OLI KING X 90GR (09)|1.00|unidad| |7800.00|7800.00|1|unidad||||
3|1|3|7798368470735|1|LUCCIANO´S PISTACCHIO X 95GR (08)|1.00|unidad| |7800.00|7800.00|1|unidad||||
3|1|3|7798368470414|1|LUCCIANO´S SORBETE PATAGONIA X 90GR (04)|1.00|unidad| |7400.00|7400.00|1|unidad||||
3|1|3|7613034797469|1|LUXOR BOMBON HELADO 53G|1.00|unidad| |3100.00|3100.00|1|unidad||||
3|1|3|7797453001441|1|M&M Chocolate 48 Grs|1.00|unidad| |5000.00|5000.00|1|unidad||||
3|1|3|7797453001458|1|M&M MANI PAQ. X 49 GR|1.00|unidad| |5000.00|5000.00|1|unidad||||
3|1|3|7790387015324|1|MAÑANITA YERBA 4FLEX X 500 GR|1.00|unidad| |4600.00|4600.00|1|unidad||||
3|1|3|7790206006106|1|MARROC BOCADITO X 14 GR.|1.00|unidad| |1250.00|1250.00|1|unidad||||
3|1|3|7798024760125|1|MAX PREMIUM JyQ-TOM-HUE- PAN NGO X UN|1.00|unidad| |10600.00|10600.00|1|unidad||||
3|1|3|7798024766172|1|MAX PREMIUM POLLO-RU-PAR-PAN NGO X UN|1.00|unidad| |10600.00|10600.00|1|unidad||||
3|1|3|7798024760552|1|MAX TRIANGULO LIGHT POLLO-LEC-PAN NGO X UN|1.00|unidad| |10600.00|10600.00|1|unidad||||
3|1|3|0000000023602|0|MEDIALUNA DE GRASA X UN|1.00|unidad| |1700.00|1700.00|1|unidad||||
3|1|3|0000000023601|0|MEDIALUNA DE MANTECA X UN|1.00|unidad| |1700.00|1700.00|1|unidad||||
3|1|3|7891000120057|1|MEGA AMERICANA CON ALMENDRAS X 74g|1.00|unidad| |7600.00|7600.00|1|unidad||||
3|1|3|0000000020546|0|MENTHO-PLUS ACIDOS CEREZA X 27.2G|1.00|unidad| |1900.00|1900.00|1|unidad||||
3|1|3|0000000020540|0|MENTHO-PLUS ACIDOS NARANJA X 27.2G|1.00|unidad| |1900.00|1900.00|1|unidad||||
3|1|3|0000000021660|0|MENTHO-PLUS CARAMELOS INHALANTES DE CEREZA X 29.4G|1.00|unidad| |1000.00|1000.00|1|unidad||||
3|1|3|0000000021663|0|MENTHO-PLUS CARAMELOS INHALANTES MIEL X 29.4G|1.00|unidad| |1000.00|1000.00|1|unidad||||
3|1|3|0000000021661|0|MENTHO-PLUS CARAMELOS INHALANTES STRONG X 29.4G|1.00|unidad| |1000.00|1000.00|1|unidad||||
3|1|3|0000000017476|0|MENTHO-PLUS CARAMELOS SIN AZUCAR CHERRY X 27.3G|1.00|unidad| |1900.00|1900.00|1|unidad||||
3|1|3|0000000017474|0|MENTHO-PLUS CARAMELOS SIN AZUCAR MENTOL X 27.3G|1.00|unidad| |1900.00|1900.00|1|unidad||||
3|1|3|0000000021664|0|MENTHOPLUS MENTA X 29.4G|1.00|unidad| |1000.00|1000.00|1|unidad||||
3|1|3|0000000021662|0|MENTHOPLUS MENTOL X 29.4G|1.00|unidad| |1000.00|1000.00|1|unidad||||
3|1|3|0000000021044|0|MENTHOPLUS ZERO CARAMELOS DURAZNO X 26.6G|1.00|unidad| |1900.00|1900.00|1|unidad||||
3|1|3|0000000021047|0|MENTHOPLUS ZERO CARAMELOS STRONG X 26.6G|1.00|unidad| |1900.00|1900.00|1|unidad||||
3|1|3|7895144699851|1|MENTOS CARAMELOS MASTICABLES SAB.FRUTA X 29.7GR|1.00|unidad| |1300.00|1300.00|1|unidad||||
3|1|3|7895144699844|1|MENTOS CARAMELOS MASTICABLES SAB.MENTA X 29.7GR|1.00|unidad| |1300.00|1300.00|1|unidad||||
3|1|3|0000000021770|0|MERMELADAS X UNIDAD|1.00|unidad| |60.00|60.00|1|unidad||||
3|1|3|0000077903785|1|MILKA ALFAJOR MOUSSE TRIPLE X 55 GR.|1.00|unidad| |3000.00|3000.00|1|unidad||||
3|1|3|7622300457303|1|MILKA ALFAJOR TRIPLE BLANCO X 55G|1.00|unidad| |3000.00|3000.00|1|unidad||||
3|1|3|7622300844967|1|MILKA CHOCOLATE BLANCO CON DULCE DE LECHE X 67.5G|1.00|unidad| |7200.00|7200.00|1|unidad||||
3|1|3|7622300844943|1|MILKA CHOCOLATE C DULCE DE LECHE X 67.5G|1.00|unidad| |7400.00|7400.00|1|unidad||||
3|1|3|0000000021565|0|MILKA CHOCOLATE C/LECHE ALMENDRAS|1.00|unidad| |3510.00|3510.00|1|unidad||||
3|1|3|7622300990114|1|MILKA CHOCOLATE CON LECHE X 150G|1.00|unidad| |14100.00|14100.00|1|unidad||||
3|1|3|7622201818937|1|MILKA LEGER CHOCOLATE LECHE TABLETA X 50G|1.00|unidad| |6100.00|6100.00|1|unidad||||
3|1|3|7790580116958|1|MOGUL CARAMELO DE GOMA DINOS X 30G|1.00|unidad| |850.00|850.00|1|unidad||||
3|1|3|7790580129507|1|MOGUL CARAMELOS DE GOMA ACIDOS BOLSA X 60G|1.00|unidad| |1400.00|1400.00|1|unidad||||
3|1|3|7790580169312|1|MOGUL CARAMELOS DE GOMA CEREBRITOS X 30G|1.00|unidad| |1200.00|1200.00|1|unidad||||
3|1|3|7790580116460|1|MOGUL CARAMELOS DE GOMA EXTREME ACIDO ROLLO X 35G|1.00|unidad| |1200.00|1200.00|1|unidad||||
3|1|3|7790580603809|1|MOGUL CARAMELOS DE GOMA FRUTALES ROLLO X 35G|1.00|unidad| |1200.00|1200.00|1|unidad||||
3|1|3|7790580199913|1|MOGUL CARAMELOS DE GOMA OSITOS X 30 GR|1.00|unidad| |1200.00|1200.00|1|unidad||||
3|1|3|7790580200114|1|MOGUL CARAMELOS DE GOMA TIBURON X 30G|1.00|unidad| |1200.00|1200.00|1|unidad||||
3|1|3|7798422620014|1|MONSTER ENERGY GREEN X 473CC|1.00|unidad| |5500.00|5500.00|1|unidad||||
3|1|3|7798422620045|1|MONSTER MANGO LOCO 473|1.00|unidad| |5500.00|5500.00|1|unidad||||
3|1|3|7798422620021|1|MONSTER ULTRA x 473 CC|1.00|unidad| |5500.00|5500.00|1|unidad||||
3|1|3|1111111111142|1|MUFFIN CHIPS CHOC X UN|1.00|unidad| |4300.00|4300.00|1|unidad||||
3|1|3|1111111111145|1|MUFFIN VAINILLA C/DDL X UN|1.00|unidad| |4300.00|4300.00|1|unidad||||
3|1|3|7798304841261|1|NESQUIK NUTRIACTIV B HEL.CHOCOLATE CON CALCIN-N|1.00|unidad| |1900.00|1900.00|1|unidad||||
3|1|3|7622210723468|1|OREO GALLETITAS BAÑADAS CHOCOLATE x17gr|1.00|unidad| |210.00|210.00|1|unidad||||
3|1|3|7899975800523|1|Oreo Palito AR 20 x 65g|1.00|unidad| |6800.00|6800.00|1|unidad||||
3|1|3|7899975800509|1|OREO SANDWICH AR 81GR|1.00|unidad| |6800.00|6800.00|1|unidad||||
3|1|3|7798304841124|1|OREO TACITA X 95G|1.00|unidad| |6800.00|6800.00|1|unidad||||
3|1|3|0000000024088|0|PAN DE CHOCOLATE X UN|1.00|unidad| |4300.00|4300.00|1|unidad||||
3|1|3|7798024766110|1|PANINI GRIGLIATTI DE PECETO X 210G|1.00|unidad| |7350.00|7350.00|1|unidad||||
3|1|3|7791007000764|1|PAÑUELOS DESCARTABLES CAJA X 75 UNID|1.00|unidad| |3600.00|3600.00|1|unidad||||
3|1|3|7791070003482|1|PAÑUELOS DESCARTABLES X UNID|1.00|unidad| |700.00|700.00|1|unidad||||
3|1|3|7798024760781|1|PEBETE PECHUGA CRISPY X UN|1.00|unidad| |10200.00|10200.00|1|unidad||||
3|1|3|7798024760361|1|PECHUGA GRILLE C/VEGETAL DEL HUERTO X UN|1.00|unidad| |12700.00|12700.00|1|unidad||||
3|1|3|0000077915481|1|PEPITOS ALFAJOR TRIPLE DE CHOCOLATE X 57GR|1.00|unidad| |3000.00|3000.00|1|unidad||||
3|1|3|7791813828365|1|PEPSI BLACK PET X 500CC|1.00|unidad| |3450.00|3450.00|1|unidad||||
3|1|3|1111111111200|1|PICO DULCE CHUPETIN X 14 GR.|1.00|unidad| |500.00|500.00|1|unidad||||
3|1|3|7790895641183|1|POWERADE FRUTAS TROPICALES PET X 500CC|1.00|unidad| |3500.00|3500.00|1|unidad||||
3|1|3|7790895640018|1|POWERADE MANZANA PET X 500CC|1.00|unidad| |3500.00|3500.00|1|unidad||||
3|1|3|7790895640025|1|POWERADE MOUNTAIN BLAST PET X 500CC|1.00|unidad| |3500.00|3500.00|1|unidad||||
3|1|3|7791519200021|1|PRIME PRESERVATIVO ANATOMICO CAJA X 3 UNID.|1.00|unidad| |6300.00|6300.00|1|unidad||||
3|1|3|7791519200076|1|PRIME PRESERVATIVO ESPERMICIDA CAJA X 3 UNID.|1.00|unidad| |6300.00|6300.00|1|unidad||||
3|1|3|7791519000676|1|PRIME PRESERVATIVO EXTRA LUBRICADO CAJA X 3 UNID.|1.00|unidad| |6300.00|6300.00|1|unidad||||
3|1|3|7791519200045|1|PRIME PRESERVATIVO SUPERFINO CAJA X 3 UNID.|1.00|unidad| |6300.00|6300.00|1|unidad||||
3|1|3|7791519200090|1|PRIME PRESERVATIVO TACHAS CAJA X 3 UNID.|1.00|unidad| |6300.00|6300.00|1|unidad||||
3|1|3|7791519200069|1|PRIME PRESERVATIVO TEXTURADO CAJA X 3 UNID.|1.00|unidad| |6300.00|6300.00|1|unidad||||
3|1|3|7790742167101|1|Queso Finlandia Chef Cheddar 150gr PAQUETE INSUMO|1.00|unidad| |685.00|685.00|1|unidad||||
3|1|3|0045011111111|1|RED BULL ENERGY DRINK LATA X 250 CC|1.00|unidad| |5500.00|5500.00|1|unidad||||
3|1|3|0000090435225|1|RED BULL ENERGY DRINK LATA X 355 CC|1.00|unidad| |6900.00|6900.00|1|unidad||||
3|1|3|9002490232054|1|RED BULL ENERGY DRINK SUGAR FREE LATA X 250CC|1.00|unidad| |5500.00|5500.00|1|unidad||||
3|1|3|7790580327415|1|ROCKLETS CONFITES DE CHOCOLATE PAQ. X 40 GR|1.00|unidad| |3100.00|3100.00|1|unidad||||
3|1|3|7790580327613|1|ROCKLETS NARANJA MANI C/CHOCOLATE CONFITADO X 40G|1.00|unidad| |3100.00|3100.00|1|unidad||||
3|1|3|7798024760507|1|ROLL CHICKEN CAESAR X 210GR|1.00|unidad| |10600.00|10600.00|1|unidad||||
3|1|3|0000000023605|0|SACRAMENTO MEMBRILLO X UN|1.00|unidad| |1700.00|1700.00|1|unidad||||
3|1|3|7790580716806|1|SALADIX GALLETITAS SAB. CALABRESA CAJA X 100G|1.00|unidad| |3200.00|3200.00|1|unidad||||
3|1|3|7790580716707|1|SALADIX GALLETITAS SAB. JAMON CAJA X 100G|1.00|unidad| |3200.00|3200.00|1|unidad||||
3|1|3|7790580697303|1|SALADIX GALLETITAS SAB. PIZZA CAJA X 100G|1.00|unidad| |3200.00|3200.00|1|unidad||||
3|1|3|7790040374607|1|SALADIX GALLETITAS SAB.DUO CAJA X 80G|1.00|unidad| |3200.00|3200.00|1|unidad||||
3|1|3|7790040123434|1|SALADIX GALLETITAS SAB.KESITOS X80G|1.00|unidad| |2700.00|2700.00|1|unidad||||
3|1|3|0000077956699|1|SHOT ALFAJOR TRISHOT TRIPLE X 60G|1.00|unidad| |3000.00|3000.00|1|unidad||||
3|1|3|7622300424084|1|SHOT CHOCOLATE CON LECHE Y MANI TABLETA X 170 GR|1.00|unidad| |12500.00|12500.00|1|unidad||||
3|1|3|0000077914217|1|SHOT CHOCOLATE LECHE CON MANI TABLETA X 35G|1.00|unidad| |3000.00|3000.00|1|unidad||||
3|1|3|7798304841803|1|SIN PARAR CHOCOLATE DULCE DE LECHE X 90G|1.00|unidad| |3000.00|3000.00|1|unidad||||
3|1|3|7798304841797|1|SIN PARAR DULCE DE LECHE Y AMERICANA X 90G|1.00|unidad| |3000.00|3000.00|1|unidad||||
3|1|3|7798304841780|1|SIN PARAR FRUTILLA CREMA X 90G|1.00|unidad| |3000.00|3000.00|1|unidad||||
3|1|3|0022000018465|1|SKITTLES CONFITES ORIGINAL FRUIT PAQ.X 61.5GR|1.00|unidad| |4700.00|4700.00|1|unidad||||
3|1|3|0022000018489|1|SKITTLES CONFITES WILDBERRY PAQ.X 61.5GR|1.00|unidad| |4700.00|4700.00|1|unidad||||
3|1|3|7790895646027|1|SMART WATER C/G 591 ML|1.00|unidad| |3500.00|3500.00|1|unidad||||
3|1|3|7790895645778|1|SMART WATER S/G 591 ML|1.00|unidad| |3500.00|3500.00|1|unidad||||
3|1|3|7506174512248|1|SNICKERS BARRA RELL.MANI CUB.C/CHOCOLATE X 48 GR|1.00|unidad| |4700.00|4700.00|1|unidad||||
3|1|3|0522111111111|1|SPEED UNLIMITED LATA X 250CC|1.00|unidad| |4200.00|4200.00|1|unidad||||
3|1|3|0040000000518|1|STARBURST CARAMELO MASTICABLE SURTIDO PAQ.X 58.7G|1.00|unidad| |5100.00|5100.00|1|unidad||||
3|1|3|7790580060206|1|SUGUS CARAMELO MASTICABLE SUELTO X 3.3 GR|1.00|unidad| |50.00|50.00|1|unidad||||
3|1|3|7790580056001|1|SUGUS CONFITADOS CONFITES DE CARAMELO SURT.X 50 G|1.00|unidad| |2000.00|2000.00|1|unidad||||
3|1|3|7790387000849|1|TARAGUI MATE COCIDO X 25 UNID S ENS|1.00|unidad| |135.00|135.00|1|unidad||||
3|1|3|0029601111111|1|TARAGUI MATE LISTO X 35 GR.|1.00|unidad| |4000.00|4000.00|1|unidad||||
3|1|3|0029621111111|1|TARAGUI TERMO MATE-LISTO CAPACIDAD 500 CC.|1.00|unidad| |5900.00|5900.00|1|unidad||||
3|1|3|7790387013627|1|TARAGUI YERBA 4FLEX X 500 GR.|1.00|unidad| |4600.00|4600.00|1|unidad||||
3|1|3|0000077939234|1|TERRABUSI ALFAJOR CHOCOLATE X 50 GR|1.00|unidad| |2000.00|2000.00|1|unidad||||
3|1|3|0000077903792|1|TERRABUSI ALFAJOR TRIPLE CHOCOLATE X 70G.|1.00|unidad| |3000.00|3000.00|1|unidad||||
3|1|3|0000077903860|1|TERRABUSI ALFAJOR TRIPLE TIPO TORTA CHOCOLAT.X 70G|1.00|unidad| |3000.00|3000.00|1|unidad||||
3|1|3|7622300335052|1|TERRABUSI SNACKY X 60GR|1.00|unidad| |4600.00|4600.00|1|unidad||||
3|1|3|7861002910314|1|TIC TAC PASTILLAS SABOR MENTA CAJA X 16 GR.|1.00|unidad| |1600.00|1600.00|1|unidad||||
3|1|3|7861002910321|1|TIC TAC PASTILLAS SABOR NARANJA CAJA X 16 GR.|1.00|unidad| |1600.00|1600.00|1|unidad||||
3|1|3|7790580746612|1|TOFI CHOCOLATE C/LECHE RELLENO D.LECHE X 55G|1.00|unidad| |420.00|420.00|1|unidad||||
3|1|3|7798024760354|1|TOP PBT DE JAMON COCIDO Y QUESO X UN|1.00|unidad| |9100.00|9100.00|1|unidad||||
3|1|3|0000000019823|0|TOPLINE 7 CHICLE S/AZUCAR ATM STRONG X 14G|1.00|unidad| |2300.00|2300.00|1|unidad||||
3|1|3|0000000018843|0|TOPLINE 7 CHICLE S/AZUCAR MANDARINA  CAJA X 14G|1.00|unidad| |2300.00|2300.00|1|unidad||||
3|1|3|7790580120573|1|TOPLINE 7 ULTRA CLEAN X 24G|1.00|unidad| |3600.00|3600.00|1|unidad||||
3|1|3|7790580120702|1|TOPLINE 7 ULTRA GREEN MINT X 24G|1.00|unidad| |3600.00|3600.00|1|unidad||||
3|1|3|7790580121013|1|TOPLINE 7 ULTRA RED BERRY X 24G|1.00|unidad| |3600.00|3600.00|1|unidad||||
3|1|3|7798304841421|1|TORPEDO FRUTILLA|1.00|unidad| |2100.00|2100.00|1|unidad||||
3|1|3|7798304841414|1|TORPEDO LIMON|1.00|unidad| |2100.00|2100.00|1|unidad||||
3|1|3|7798024760460|1|TRIPLE MIGA BLANCO J.COCIDO Y QUESO X 3 UN|1.00|unidad| |9600.00|9600.00|1|unidad||||
3|1|3|7798024760477|1|TRIPLE MIGA NEGRO J.COCIDO Y QUESO X 3 UN|1.00|unidad| |9600.00|9600.00|1|unidad||||
3|1|3|7622202839962|1|VARIEDAD GALLETITAS DULCES SURTIDAS X 390GR.|1.00|unidad|VARIEDAD|5800.00|5800.00|1|unidad||||
3|1|3|0016871111111|1|VASO REUTILIZABLE|1.00|unidad| |4500.00|4500.00|1|unidad||||
3|1|3|0000000004361|0|VAUQUITA TABLETA DE DULCE DE LECHE X 25 GR.|1.00|unidad| |190.00|190.00|1|unidad||||
3|1|3|7790315100184|1|VDS LEVITE CERO AGUA S/G MANZANA PET X 500cc|1.00|unidad| |3450.00|3450.00|1|unidad||||
3|1|3|0021352111111|1|VDS LEVITE CERO AGUA S/G NARANJA PET X 500cc|1.00|unidad| |3450.00|3450.00|1|unidad||||
3|1|3|0021347111111|1|VILLA DEL SUR LEVITE S/G MANZANA PET X 500cc|1.00|unidad| |3450.00|3450.00|1|unidad||||
3|1|3|7798062548655|1|VILLA DEL SUR LEVITE S/G NARANJA PET X 500cc|1.00|unidad| |3450.00|3450.00|1|unidad||||
3|1|3|0021349111111|1|VILLA DEL SUR LEVITE S/G PERA PET X 500cc|1.00|unidad| |3450.00|3450.00|1|unidad||||
3|1|3|7799155000982|1|VILLA DEL SUR LEVITE S/G POMELO PET X 500cc|1.00|unidad| |3450.00|3450.00|1|unidad||||
3|1|3|7799155000210|1|VILLAVICENCIO AGUA FINAMENTE GASIFICADA PET X 1.5L|1.00|unidad| |5300.00|5300.00|1|unidad||||
3|1|3|7799155000203|1|VILLAVICENCIO AGUA FINAMENTE GASIFICADA PET X 500C|1.00|unidad| |3650.00|3650.00|1|unidad||||
3|1|3|0022000293220|1|Wrigleys Doubl 12.5g|1.00|unidad| |2600.00|2600.00|1|unidad||||
3|1|3|0022000293305|1|Wrigleys Spear 12.5g|1.00|unidad| |2600.00|2600.00|1|unidad||||
3|1|3|7791337010826|1|Yogurisimo Botellita Frutilla x 190g|1.00|unidad| |5500.00|5500.00|1|unidad||||
3|1|3|7798187760246|1|ZAFRAN BARRA DE CEREAL ALM/COCO X 28G|1.00|unidad| |1900.00|1900.00|1|unidad||||
3|1|3|7798187760277|1|ZAFRAN BARRA DE CEREAL CAJU/ZAPALLO 28G|1.00|unidad| |1900.00|1900.00|1|unidad||||
3|1|3|7798187760253|1|ZAFRAN BARRA DE CEREAL MANI/CACAO 28G|1.00|unidad| |1900.00|1900.00|1|unidad||||
3|1|3|7798187760260|1|ZAFRAN BARRA DE CEREAL MZNA/CHIA 28G|1.00|unidad| |1900.00|1900.00|1|unidad||||
3|1|29|7791813434412|1|7UP FREE PET X 1.5L|1.00|unidad| |5200.00|5200.00|1|unidad||||
3|1|29|0000000023897|0|AFEITADORA BIC COMFORT  3|1.00|unidad| |820.00|820.00|1|unidad||||
3|1|29|7790580109882|1|AGUILA EXTRAFINO 60% CACAO X 150 GR|1.00|unidad| |16100.00|16100.00|1|unidad||||
3|1|29|7790040133594|1|AGUILA MINITORTA BROWNIE X 72G|1.00|unidad| |3100.00|3100.00|1|unidad||||
3|1|29|7790040298705|1|AGUILA MINITORTA DDLECHE/MOUSSE SAB.VAINILLA X 72G|1.00|unidad| |3100.00|3100.00|1|unidad||||
3|1|29|0000000023956|0|ALFAJOR CHOCOLATE|1.00|unidad| |2350.00|2350.00|1|unidad||||
3|1|29|0000000023280|0|ALFAJORES DE MAICENA|1.00|unidad| |2350.00|2350.00|1|unidad||||
3|1|29|7790580607418|1|ARCOR CHOCOLATE BLANCO TABLETA X 25 GR|1.00|unidad| |2500.00|2500.00|1|unidad||||
3|1|29|7790580607210|1|ARCOR CHOCOLATE CON LECHE TABLETA X 25GR|1.00|unidad| |2500.00|2500.00|1|unidad||||
3|1|29|0000000001339|0|ARCOR OBLEA RELLENA C/PASTA DE TURRON Y MANI X 25G|1.00|unidad| |700.00|700.00|1|unidad||||
3|1|29|7793360294600|1|BC JUGO MANZANA TETRA X 200CC|1.00|unidad| |1300.00|1300.00|1|unidad||||
3|1|29|7793360246609|1|BC JUGO NARANJA TETRA X 200CC.|1.00|unidad| |1300.00|1300.00|1|unidad||||
3|1|29|7790580154264|1|BEB MULTIFRUTA BC 24X200ML|1.00|unidad| |1300.00|1300.00|1|unidad||||
3|1|29|7792730020559|1|BIZNIKKE NEVADO CHOCOLATE TABLETA X 120 GR.|1.00|unidad| |9200.00|9200.00|1|unidad||||
3|1|29|7790580722708|1|BOMBON TOFI LECHE X 15G|1.00|unidad| |2100.00|2100.00|1|unidad||||
3|1|29|7790040613607|1|Bon O Bon Alfajor Chocolate Blanco x40 gr|1.00|unidad| |2100.00|2100.00|1|unidad||||
3|1|29|7790040613706|1|BON O BON ALFAJOR CHOCOLATE NEGRO/LECHE X 40G|1.00|unidad| |2100.00|2100.00|1|unidad||||
3|1|29|0000000021586|0|BON-O-BON BOMBON AGUILA X 15G|1.00|unidad| |1100.00|1100.00|1|unidad||||
3|1|29|7790580119058|1|BON-O-BON BOMBON CHOCOLATE BLANCO X 15G|1.00|unidad| |1100.00|1100.00|1|unidad||||
3|1|29|0000000021587|0|BON-O-BON BOMBON CHOCOLINA X 15G|1.00|unidad| |1100.00|1100.00|1|unidad||||
3|1|29|7792360072409|1|BONAFIDE BOCADITO DDL X 16G|1.00|unidad| |1800.00|1800.00|1|unidad||||
3|1|29|0000000021151|0|BROWNIE ARTESANAL|1.00|unidad| |5850.00|5850.00|1|unidad||||
3|1|29|0000000023273|0|BUDIN BANANA Y DDL|1.00|unidad| |5300.00|5300.00|1|unidad||||
3|1|29|0000000021701|0|BUDIN DE FRUTOS SECOS|1.00|unidad| |5300.00|5300.00|1|unidad||||
3|1|29|0000000021700|0|BUDIN DE LIMON Y ARANDANOS|1.00|unidad| |5300.00|5300.00|1|unidad||||
3|1|29|7790407022011|1|CABSHA BOCADITO X 10G|1.00|unidad| |1000.00|1000.00|1|unidad||||
3|1|29|7798128000271|1|CACHAFAZ ALFAJOR MOUSSE X 50G|1.00|unidad| |3400.00|3400.00|1|unidad||||
3|1|29|7622201818739|1|CADBURY CHOCOLATE C/LECHE TRES SUEÑOS X 82G|1.00|unidad| |8200.00|8200.00|1|unidad||||
3|1|29|7622201818654|1|CADBURY CHOCOLATE RELLENO YOGHURT FRUTILLA X 29G|1.00|unidad| |3500.00|3500.00|1|unidad||||
3|1|29|7622202271250|1|Caram. Halls 12u Strong Nvo|1.00|unidad| |1350.00|1350.00|1|unidad||||
3|1|29|7622202247286|1|Caram. Halls Cherry Nvo 28 Grs|1.00|unidad| |1350.00|1350.00|1|unidad||||
3|1|29|7790895649301|1|CEPITA 20% NARANJA 200ML|1.00|unidad| |2200.00|2200.00|1|unidad||||
3|1|29|7790895009853|1|CEPITA JUGO MANZANA BOTELLA X 1L|1.00|unidad| |6100.00|6100.00|1|unidad||||
3|1|29|7790895000720|1|CEPITA JUGO MANZANA TETRA X 200CC.|1.00|unidad| |2200.00|2200.00|1|unidad||||
3|1|29|7790895647017|1|CEPITA JUGO MANZANA ZINC TETRA X 1 LT.|1.00|unidad| |4450.00|4450.00|1|unidad||||
3|1|29|7790895000737|1|CEPITA JUGO MULTIFRUTA TETRA X 200CC|1.00|unidad| |2200.00|2200.00|1|unidad||||
3|1|29|7790895647123|1|CEPITA JUGO MULTIFRUTA ZINC TETRA X 1 LT.|1.00|unidad| |4450.00|4450.00|1|unidad||||
3|1|29|7790895648267|1|CEPITA NARANJA 20% 1L|1.00|unidad| |4450.00|4450.00|1|unidad||||
3|1|29|7790895009815|1|CEPITA NARANJA 995CC|1.00|unidad| |6100.00|6100.00|1|unidad||||
3|1|29|0000000022630|0|CEREAL MIX BARRA DE CEREAL C/FRUTILLA&YOGHURT X26G|1.00|unidad| |2000.00|2000.00|1|unidad||||
3|1|29|0000000001341|0|CEREAL MIX BARRA DE CEREAL X 23G|1.00|unidad| |2000.00|2000.00|1|unidad||||
3|1|29|0000000022631|0|CEREAL MIX BARRA DE CEREAL YOGH/FRUTIL.L.X26g|1.00|unidad| |2000.00|2000.00|1|unidad||||
3|1|29|7790580123345|1|CH. TL7 MENTHOL 20X16X14G|1.00|unidad| |2300.00|2300.00|1|unidad||||
3|1|29|0000000019822|0|CH. TL7 VIBR. STRAW. 20X16X14G|1.00|unidad| |2300.00|2300.00|1|unidad||||
3|1|29|7790580104252|1|CH. TL7 VIOL. CHERRY 20X16X14G|1.00|unidad| |2300.00|2300.00|1|unidad||||
3|1|29|7790580317607|1|CH. TL7 XPLOS. MINT 20X16X14G|1.00|unidad| |2300.00|2300.00|1|unidad||||
3|1|29|8445290701961|1|Choc Bananita Dolca 30 grs|1.00|unidad| |2400.00|2400.00|1|unidad||||
3|1|29|8445290701596|1|Choc. Bananita Dolca 14grs|1.00|unidad| |1400.00|1400.00|1|unidad||||
3|1|29|7622202328947|1|Choc. Milka 55g Leche NVO|1.00|unidad| |6400.00|6400.00|1|unidad||||
3|1|29|7790070418296|1|Chocoarroz Blanco est. 22g|1.00|unidad| |2000.00|2000.00|1|unidad||||
3|1|29|7790070418203|1|Chocoarroz DL 22 gr|1.00|unidad| |2000.00|2000.00|1|unidad||||
3|1|29|7790580103521|1|CHOCOLATE LECHE CON CONFITES COFLER X 55 G|1.00|unidad| |6200.00|6200.00|1|unidad||||
3|1|29|7798304840851|1|CHOMPAlmedC/SsaDDL6x180g|1.00|unidad| |10700.00|10700.00|1|unidad||||
3|1|29|7798130953640|1|CHUPETIN COCO POP X 17 G|1.00|unidad| |3600.00|3600.00|1|unidad||||
3|1|29|7798130954777|1|CHUPETIN EMOTI POP 11GR|1.00|unidad| |3600.00|3600.00|1|unidad||||
3|1|29|0000000023604|0|CIRCULAR MEMBRILLO X UN|1.00|unidad| |1700.00|1700.00|1|unidad||||
3|1|29|7798085680516|1|CITRIC JUGO NARANJA MANGO TETRA X 500CC|1.00|unidad| |3850.00|3850.00|1|unidad||||
3|1|29|7798085681834|1|CITRIC JUGO NARANJA TETRA X 1L|1.00|unidad| |5750.00|5750.00|1|unidad||||
3|1|29|7798085681445|1|CITRIC JUGO NARANJA TETRA X 250CC|1.00|unidad| |2200.00|2200.00|1|unidad||||
3|1|29|7798085681452|1|CITRIC JUGO NARANJA TETRA X 500CC|1.00|unidad| |3850.00|3850.00|1|unidad||||
3|1|29|7798085680295|1|CITRIC JUGO NARANJA/ DURAZNO TETRA X 500CC|1.00|unidad| |3850.00|3850.00|1|unidad||||
3|1|29|7790895000997|1|COCA-COLA X 2.25L|1.00|unidad| |8950.00|8950.00|1|unidad||||
3|1|29|7790040659605|1|COFLER BLOCK ALFAJOR CHOCOLATE X 60 G|1.00|unidad| |3100.00|3100.00|1|unidad||||
3|1|29|0000000018365|0|COFLER BLOCK CHOCOLATE C/LECHE Y MANI TAB.X 110GR|1.00|unidad| |8300.00|8300.00|1|unidad||||
3|1|29|0000000015301|0|COFLER BLOCK CHOCOLATE C/LECHE Y MANI TAB.X 38GR|1.00|unidad| |3400.00|3400.00|1|unidad||||
3|1|29|7790580105013|1|COFLER BLOCK CHOCOLATE X 170G|1.00|unidad| |14000.00|14000.00|1|unidad||||
3|1|29|7790580115579|1|COFLER BLOCK CHOCOLATE X 1KG|1.00|unidad| |66200.00|66200.00|1|unidad||||
3|1|29|7790580103385|1|COFLER CHOCOLATE AIREADO BCO/LECHE X 27 GR.|1.00|unidad| |3600.00|3600.00|1|unidad||||
3|1|29|7790580103378|1|COFLER CHOCOLATE AIREADO BLANCO X 27 GR.|1.00|unidad| |3600.00|3600.00|1|unidad||||
3|1|29|7790580115869|1|COFLER CHOCOLATE AIREADO BON O BON X 67G|1.00|unidad| |7000.00|7000.00|1|unidad||||
3|1|29|7790580103361|1|COFLER CHOCOLATE AIREADO LECHE X 27 GR.|1.00|unidad| |3600.00|3600.00|1|unidad||||
3|1|29|7790580043407|1|COFLER CHOCOLATE AIREADO LECHE X 55G|1.00|unidad| |7100.00|7100.00|1|unidad||||
3|1|29|7790580003531|1|COFLER CHOCOLATE BCO&COOK X 55G|1.00|unidad| |6200.00|6200.00|1|unidad||||
3|1|29|7790580043506|1|COFLER CHOCOLATE LECHE CON ALMENDRAS X 55G|1.00|unidad| |6200.00|6200.00|1|unidad||||
3|1|29|0000000024109|0|CRIOLLITO X UN|1.00|unidad| |1700.00|1700.00|1|unidad||||
3|1|29|0000000023957|0|CROISSANT J Y Q|1.00|unidad| |6400.00|6400.00|1|unidad||||
3|1|29|7798024760798|1|CROQUE MONSIEUR J Y Q BLANCO X UN|1.00|unidad| |10100.00|10100.00|1|unidad||||
3|1|29|7798024760804|1|CROQUE MONSIEUR J Y Q NEGRO X UN|1.00|unidad| |10100.00|10100.00|1|unidad||||
3|1|29|0000000020568|0|CUADRADO DE PASTA FROLA|1.00|unidad| |5300.00|5300.00|1|unidad||||
3|1|29|0000000023543|0|DELIVERY MEDIALUNAS X 6 UNIDADES|1.00|unidad| |205.00|205.00|1|unidad||||
3|1|29|7795735000106|1|DON SATUR TALITAS X 140GR|1.00|unidad| |2800.00|2800.00|1|unidad||||
3|1|29|7790206007509|1|DOS CORAZONES BOCADITO CHOC.C/LECHE RELL. X 26GR|1.00|unidad| |2200.00|2200.00|1|unidad||||
3|1|29|7792799000035|1|ECO DE LOS ANDES AGUA CON GAS PET X 500CC.|1.00|unidad| |3300.00|3300.00|1|unidad||||
3|1|29|7798128000486|1|EL CACHAFAZ ALFAJOR BLANCO FLOWPACK X 60 GR|1.00|unidad| |3300.00|3300.00|1|unidad||||
3|1|29|7798128000462|1|EL CACHAFAZ ALFAJOR CHOCOLATE FLOWPACK X 60 GR|1.00|unidad| |3200.00|3200.00|1|unidad||||
3|1|29|7798128001940|1|EL CACHAFAZ ALFAJOR DE MAICENA X 76G|1.00|unidad| |3300.00|3300.00|1|unidad||||
3|1|29|7798128001797|1|EL CACHAFAZ CONITO DULCE DE LECHE X 38G|1.00|unidad| |2700.00|2700.00|1|unidad||||
3|1|29|7798024760569|1|ENSALADA CESAR  PREMIUM X UN|1.00|unidad| |14300.00|14300.00|1|unidad||||
3|1|29|7798024760392|1|ENSALADA CHEF PREMIUM X UN|1.00|unidad| |14300.00|14300.00|1|unidad||||
3|1|29|7798024766417|1|ENSALADA MIX VEG.C/PECHUGUITAS AL SESAMO X UN|1.00|unidad| |14300.00|14300.00|1|unidad||||
3|1|29|7613035242524|1|EPA DDL MAX 88GR|1.00|unidad| |6800.00|6800.00|1|unidad||||
3|1|29|7613035242500|1|EPA ROCKER X 88G|1.00|unidad| |6800.00|6800.00|1|unidad||||
3|1|29|7898024390121|1|FERRERO ROCHER BOMBON CHOC.RELL.PAQ.3 UNID X 37.5G|1.00|unidad| |5600.00|5600.00|1|unidad||||
3|1|29|7798024760255|1|FIGAZZITAS DE SALAME Y QUESO X 2 UN|1.00|unidad| |9100.00|9100.00|1|unidad||||
3|1|29|7798147780062|1|Franui sabor Black 150gr|1.00|unidad| |8500.00|8500.00|1|unidad||||
3|1|29|7798147783223|1|Franui sabor Leche 150gr|1.00|unidad| |8500.00|8500.00|1|unidad||||
3|1|29|7790070431936|1|Gallo YoguBar 20gr|1.00|unidad| |1800.00|1800.00|1|unidad||||
3|1|29|0067061111111|1|GATORADE COOL BLUE PET X 500CC|1.00|unidad| |4300.00|4300.00|1|unidad||||
3|1|29|0071971211111|1|GATORADE FRUTOS TROPICALES PET X 750CC|1.00|unidad| |5200.00|5200.00|1|unidad||||
3|1|29|0066011111111|1|GATORADE MANZANA PET X 500CC|1.00|unidad| |4300.00|4300.00|1|unidad||||
3|1|29|0042831111111|1|GATORADE MANZANA PET X 750CC|1.00|unidad| |5100.00|5100.00|1|unidad||||
3|1|29|0006602111111|1|GATORADE NARANJA PET X 500CC|1.00|unidad| |4300.00|4300.00|1|unidad||||
3|1|29|7798024766103|1|GRANDWICH PANINI GRIGLIATTI JAM/QUE/TOM/HUE X 210G|1.00|unidad| |7350.00|7350.00|1|unidad||||
3|1|29|0000000023445|0|HALLS FREE MENTA X 28 G|1.00|unidad| |1500.00|1500.00|1|unidad||||
3|1|29|7791249450277|1|HALLS MENTA LYPTUS CARAMELOS DUROS PAQ.X 28G|1.00|unidad| |1300.00|1300.00|1|unidad||||
3|1|29|0000000023603|0|ICEDREAM CIRCULAR PASTELERA X UN|1.00|unidad| |1700.00|1700.00|1|unidad||||
3|1|29|0028411111111|1|JORGITO ALFAJOR BLANCO X 50G|1.00|unidad| |1800.00|1800.00|1|unidad||||
3|1|29|0011111112842|1|JORGITO ALFAJOR CHOCOLATE X 55G|1.00|unidad| |1800.00|1800.00|1|unidad||||
3|1|29|7790957000545|1|JORGITO MINI ALFAJOR CHOCOLATE PAQ.X 6 UNID.|1.00|unidad| |4900.00|4900.00|1|unidad||||
3|1|29|7790957000538|1|JORGITO MINI ALFAJOR GLACEADO PAQ.X 6 UNID.X 155GR|1.00|unidad| |4900.00|4900.00|1|unidad||||
3|1|29|0000080052760|1|KINDER BUENO OBLEA CHOCOLATE CON LECHE X 43G|1.00|unidad| |4900.00|4900.00|1|unidad||||
3|1|29|0000077949677|1|KINDER CHOCOLATE X 50G|1.00|unidad| |5700.00|5700.00|1|unidad||||
3|1|29|7891000379073|1|KIT KAT DARK OBLEA BAÑADA CHOCOLATE X 41.5G|1.00|unidad| |3000.00|3000.00|1|unidad||||
3|1|29|7891000379028|1|KIT KAT OBLEA BAÑADA CHOCOLATE BLANCO X 41.5G|1.00|unidad| |3000.00|3000.00|1|unidad||||
3|1|29|7791337007260|1|Leche chocolatada Cindor 200ml|1.00|unidad| |3800.00|3800.00|1|unidad||||
3|1|29|7791337007253|1|Leche chocolatada Cindor x 1L|1.00|unidad| |11500.00|11500.00|1|unidad||||
3|1|29|7798368470391|1|LUCCIANO´S CHANTILLY X 100GR (02)|1.00|unidad| |7400.00|7400.00|1|unidad||||
3|1|29|7798368470384|1|LUCCIANO´S CHOCOLATE C/CROCANTE X 100GR (01)|1.00|unidad| |7400.00|7400.00|1|unidad||||
3|1|29|7798368470421|1|LUCCIANO´S CHOCOLATE X 90GR (05)|1.00|unidad| |7400.00|7400.00|1|unidad||||
3|1|29|7798368470438|1|LUCCIANO´S DDL C/ CROCANTE X 90GR (06)|1.00|unidad| |7400.00|7400.00|1|unidad||||
3|1|29|0000000024240|0|LUCCIANO´S DDL X 90GR (03)|1.00|unidad| |6000.00|6000.00|1|unidad||||
3|1|29|7798368470476|1|LUCCIANO´S MINION ICE POP X 100GR (10)|1.00|unidad| |7900.00|7900.00|1|unidad||||
3|1|29|7798368470469|1|LUCCIANO´S OLI KING X 90GR (09)|1.00|unidad| |7800.00|7800.00|1|unidad||||
3|1|29|7798368470735|1|LUCCIANO´S PISTACCHIO X 95GR (08)|1.00|unidad| |7800.00|7800.00|1|unidad||||
3|1|29|7798368470414|1|LUCCIANO´S SORBETE PATAGONIA X 90GR (04)|1.00|unidad| |7400.00|7400.00|1|unidad||||
3|1|29|7613034797469|1|LUXOR BOMBON HELADO 53G|1.00|unidad| |3100.00|3100.00|1|unidad||||
3|1|29|7797453001441|1|M&M Chocolate 48 Grs|1.00|unidad| |5000.00|5000.00|1|unidad||||
3|1|29|7797453001458|1|M&M MANI PAQ. X 49 GR|1.00|unidad| |5000.00|5000.00|1|unidad||||
3|1|29|7790387015324|1|MAÑANITA YERBA 4FLEX X 500 GR|1.00|unidad| |4600.00|4600.00|1|unidad||||
3|1|29|7790206006106|1|MARROC BOCADITO X 14 GR.|1.00|unidad| |1250.00|1250.00|1|unidad||||
3|1|29|7798024760125|1|MAX PREMIUM JyQ-TOM-HUE- PAN NGO X UN|1.00|unidad| |10600.00|10600.00|1|unidad||||
3|1|29|7798024766172|1|MAX PREMIUM POLLO-RU-PAR-PAN NGO X UN|1.00|unidad| |10600.00|10600.00|1|unidad||||
3|1|29|7798024760552|1|MAX TRIANGULO LIGHT POLLO-LEC-PAN NGO X UN|1.00|unidad| |10600.00|10600.00|1|unidad||||
3|1|29|0000000023602|0|MEDIALUNA DE GRASA X UN|1.00|unidad| |1700.00|1700.00|1|unidad||||
3|1|29|0000000023601|0|MEDIALUNA DE MANTECA X UN|1.00|unidad| |1700.00|1700.00|1|unidad||||
3|1|29|7891000120057|1|MEGA AMERICANA CON ALMENDRAS X 74g|1.00|unidad| |7600.00|7600.00|1|unidad||||
3|1|29|0000000020546|0|MENTHO-PLUS ACIDOS CEREZA X 27.2G|1.00|unidad| |1900.00|1900.00|1|unidad||||
3|1|29|0000000020540|0|MENTHO-PLUS ACIDOS NARANJA X 27.2G|1.00|unidad| |1900.00|1900.00|1|unidad||||
3|1|29|0000000021660|0|MENTHO-PLUS CARAMELOS INHALANTES DE CEREZA X 29.4G|1.00|unidad| |1000.00|1000.00|1|unidad||||
3|1|29|0000000021663|0|MENTHO-PLUS CARAMELOS INHALANTES MIEL X 29.4G|1.00|unidad| |1000.00|1000.00|1|unidad||||
3|1|29|0000000021661|0|MENTHO-PLUS CARAMELOS INHALANTES STRONG X 29.4G|1.00|unidad| |1000.00|1000.00|1|unidad||||
3|1|29|0000000017476|0|MENTHO-PLUS CARAMELOS SIN AZUCAR CHERRY X 27.3G|1.00|unidad| |1900.00|1900.00|1|unidad||||
3|1|29|0000000017474|0|MENTHO-PLUS CARAMELOS SIN AZUCAR MENTOL X 27.3G|1.00|unidad| |1900.00|1900.00|1|unidad||||
3|1|29|0000000021664|0|MENTHOPLUS MENTA X 29.4G|1.00|unidad| |1000.00|1000.00|1|unidad||||
3|1|29|0000000021662|0|MENTHOPLUS MENTOL X 29.4G|1.00|unidad| |1000.00|1000.00|1|unidad||||
3|1|29|0000000021044|0|MENTHOPLUS ZERO CARAMELOS DURAZNO X 26.6G|1.00|unidad| |1900.00|1900.00|1|unidad||||
3|1|29|0000000021047|0|MENTHOPLUS ZERO CARAMELOS STRONG X 26.6G|1.00|unidad| |1900.00|1900.00|1|unidad||||
3|1|29|7895144699851|1|MENTOS CARAMELOS MASTICABLES SAB.FRUTA X 29.7GR|1.00|unidad| |1300.00|1300.00|1|unidad||||
3|1|29|7895144699844|1|MENTOS CARAMELOS MASTICABLES SAB.MENTA X 29.7GR|1.00|unidad| |1300.00|1300.00|1|unidad||||
3|1|29|0000000021770|0|MERMELADAS X UNIDAD|1.00|unidad| |50.00|50.00|1|unidad||||
3|1|29|0000077903785|1|MILKA ALFAJOR MOUSSE TRIPLE X 55 GR.|1.00|unidad| |3000.00|3000.00|1|unidad||||
3|1|29|7622300457303|1|MILKA ALFAJOR TRIPLE BLANCO X 55G|1.00|unidad| |3000.00|3000.00|1|unidad||||
3|1|29|7622300844967|1|MILKA CHOCOLATE BLANCO CON DULCE DE LECHE X 67.5G|1.00|unidad| |7200.00|7200.00|1|unidad||||
3|1|29|7622300844943|1|MILKA CHOCOLATE C DULCE DE LECHE X 67.5G|1.00|unidad| |7400.00|7400.00|1|unidad||||
3|1|29|0000000021565|0|MILKA CHOCOLATE C/LECHE ALMENDRAS|1.00|unidad| |3510.00|3510.00|1|unidad||||
3|1|29|7622300990114|1|MILKA CHOCOLATE CON LECHE X 150G|1.00|unidad| |14100.00|14100.00|1|unidad||||
3|1|29|7622201818937|1|MILKA LEGER CHOCOLATE LECHE TABLETA X 50G|1.00|unidad| |6100.00|6100.00|1|unidad||||
3|1|29|7790580116958|1|MOGUL CARAMELO DE GOMA DINOS X 30G|1.00|unidad| |850.00|850.00|1|unidad||||
3|1|29|7790580129507|1|MOGUL CARAMELOS DE GOMA ACIDOS BOLSA X 60G|1.00|unidad| |1400.00|1400.00|1|unidad||||
3|1|29|7790580169312|1|MOGUL CARAMELOS DE GOMA CEREBRITOS X 30G|1.00|unidad| |1200.00|1200.00|1|unidad||||
3|1|29|7790580116460|1|MOGUL CARAMELOS DE GOMA EXTREME ACIDO ROLLO X 35G|1.00|unidad| |1200.00|1200.00|1|unidad||||
3|1|29|7790580603809|1|MOGUL CARAMELOS DE GOMA FRUTALES ROLLO X 35G|1.00|unidad| |1200.00|1200.00|1|unidad||||
3|1|29|7790580199913|1|MOGUL CARAMELOS DE GOMA OSITOS X 30 GR|1.00|unidad| |1200.00|1200.00|1|unidad||||
3|1|29|7790580200114|1|MOGUL CARAMELOS DE GOMA TIBURON X 30G|1.00|unidad| |1200.00|1200.00|1|unidad||||
3|1|29|7798422620014|1|MONSTER ENERGY GREEN X 473CC|1.00|unidad| |5500.00|5500.00|1|unidad||||
3|1|29|7798422620045|1|MONSTER MANGO LOCO 473|1.00|unidad| |5500.00|5500.00|1|unidad||||
3|1|29|7798422620021|1|MONSTER ULTRA x 473 CC|1.00|unidad| |5500.00|5500.00|1|unidad||||
3|1|29|1111111111142|1|MUFFIN CHIPS CHOC X UN|1.00|unidad| |4300.00|4300.00|1|unidad||||
3|1|29|1111111111145|1|MUFFIN VAINILLA C/DDL X UN|1.00|unidad| |4300.00|4300.00|1|unidad||||
3|1|29|7798304841261|1|NESQUIK NUTRIACTIV B HEL.CHOCOLATE CON CALCIN-N|1.00|unidad| |1900.00|1900.00|1|unidad||||
3|1|29|7622210723468|1|OREO GALLETITAS BAÑADAS CHOCOLATE x17gr|1.00|unidad| |200.00|200.00|1|unidad||||
3|1|29|7899975800523|1|Oreo Palito AR 20 x 65g|1.00|unidad| |6800.00|6800.00|1|unidad||||
3|1|29|7899975800509|1|OREO SANDWICH AR 81GR|1.00|unidad| |6800.00|6800.00|1|unidad||||
3|1|29|7798304841124|1|OREO TACITA X 95G|1.00|unidad| |6800.00|6800.00|1|unidad||||
3|1|29|0000000024088|0|PAN DE CHOCOLATE X UN|1.00|unidad| |4300.00|4300.00|1|unidad||||
3|1|29|7798024766110|1|PANINI GRIGLIATTI DE PECETO X 210G|1.00|unidad| |7350.00|7350.00|1|unidad||||
3|1|29|7791007000764|1|PAÑUELOS DESCARTABLES CAJA X 75 UNID|1.00|unidad| |3600.00|3600.00|1|unidad||||
3|1|29|7791070003482|1|PAÑUELOS DESCARTABLES X UNID|1.00|unidad| |700.00|700.00|1|unidad||||
3|1|29|7798024760781|1|PEBETE PECHUGA CRISPY X UN|1.00|unidad| |10200.00|10200.00|1|unidad||||
3|1|29|7798024760361|1|PECHUGA GRILLE C/VEGETAL DEL HUERTO X UN|1.00|unidad| |12700.00|12700.00|1|unidad||||
3|1|29|0000077915481|1|PEPITOS ALFAJOR TRIPLE DE CHOCOLATE X 57GR|1.00|unidad| |3000.00|3000.00|1|unidad||||
3|1|29|7791813828365|1|PEPSI BLACK PET X 500CC|1.00|unidad| |3450.00|3450.00|1|unidad||||
3|1|29|1111111111200|1|PICO DULCE CHUPETIN X 14 GR.|1.00|unidad| |500.00|500.00|1|unidad||||
3|1|29|7790895641183|1|POWERADE FRUTAS TROPICALES PET X 500CC|1.00|unidad| |3500.00|3500.00|1|unidad||||
3|1|29|7790895640018|1|POWERADE MANZANA PET X 500CC|1.00|unidad| |3500.00|3500.00|1|unidad||||
3|1|29|7790895640025|1|POWERADE MOUNTAIN BLAST PET X 500CC|1.00|unidad| |3500.00|3500.00|1|unidad||||
3|1|29|7791519200021|1|PRIME PRESERVATIVO ANATOMICO CAJA X 3 UNID.|1.00|unidad| |6300.00|6300.00|1|unidad||||
3|1|29|7791519200076|1|PRIME PRESERVATIVO ESPERMICIDA CAJA X 3 UNID.|1.00|unidad| |6300.00|6300.00|1|unidad||||
3|1|29|7791519000676|1|PRIME PRESERVATIVO EXTRA LUBRICADO CAJA X 3 UNID.|1.00|unidad| |6300.00|6300.00|1|unidad||||
3|1|29|7791519200045|1|PRIME PRESERVATIVO SUPERFINO CAJA X 3 UNID.|1.00|unidad| |6300.00|6300.00|1|unidad||||
3|1|29|7791519200090|1|PRIME PRESERVATIVO TACHAS CAJA X 3 UNID.|1.00|unidad| |6300.00|6300.00|1|unidad||||
3|1|29|7791519200069|1|PRIME PRESERVATIVO TEXTURADO CAJA X 3 UNID.|1.00|unidad| |6300.00|6300.00|1|unidad||||
3|1|29|7790742167101|1|Queso Finlandia Chef Cheddar 150gr PAQUETE INSUMO|1.00|unidad| |685.00|685.00|1|unidad||||
3|1|29|0045011111111|1|RED BULL ENERGY DRINK LATA X 250 CC|1.00|unidad| |5500.00|5500.00|1|unidad||||
3|1|29|0000090435225|1|RED BULL ENERGY DRINK LATA X 355 CC|1.00|unidad| |6900.00|6900.00|1|unidad||||
3|1|29|9002490232054|1|RED BULL ENERGY DRINK SUGAR FREE LATA X 250CC|1.00|unidad| |5500.00|5500.00|1|unidad||||
3|1|29|7790580327415|1|ROCKLETS CONFITES DE CHOCOLATE PAQ. X 40 GR|1.00|unidad| |3100.00|3100.00|1|unidad||||
3|1|29|7790580327613|1|ROCKLETS NARANJA MANI C/CHOCOLATE CONFITADO X 40G|1.00|unidad| |3100.00|3100.00|1|unidad||||
3|1|29|7798024760507|1|ROLL CHICKEN CAESAR X 210GR|1.00|unidad| |10600.00|10600.00|1|unidad||||
3|1|29|0000000023605|0|SACRAMENTO MEMBRILLO X UN|1.00|unidad| |1700.00|1700.00|1|unidad||||
3|1|29|7790580716806|1|SALADIX GALLETITAS SAB. CALABRESA CAJA X 100G|1.00|unidad| |3200.00|3200.00|1|unidad||||
3|1|29|7790580716707|1|SALADIX GALLETITAS SAB. JAMON CAJA X 100G|1.00|unidad| |3200.00|3200.00|1|unidad||||
3|1|29|7790580697303|1|SALADIX GALLETITAS SAB. PIZZA CAJA X 100G|1.00|unidad| |3200.00|3200.00|1|unidad||||
3|1|29|7790040374607|1|SALADIX GALLETITAS SAB.DUO CAJA X 80G|1.00|unidad| |3200.00|3200.00|1|unidad||||
3|1|29|7790040123434|1|SALADIX GALLETITAS SAB.KESITOS X80G|1.00|unidad| |2700.00|2700.00|1|unidad||||
3|1|29|0000077956699|1|SHOT ALFAJOR TRISHOT TRIPLE X 60G|1.00|unidad| |3000.00|3000.00|1|unidad||||
3|1|29|7622300424084|1|SHOT CHOCOLATE CON LECHE Y MANI TABLETA X 170 GR|1.00|unidad| |12500.00|12500.00|1|unidad||||
3|1|29|0000077914217|1|SHOT CHOCOLATE LECHE CON MANI TABLETA X 35G|1.00|unidad| |3000.00|3000.00|1|unidad||||
3|1|29|7798304841803|1|SIN PARAR CHOCOLATE DULCE DE LECHE X 90G|1.00|unidad| |3000.00|3000.00|1|unidad||||
3|1|29|7798304841797|1|SIN PARAR DULCE DE LECHE Y AMERICANA X 90G|1.00|unidad| |3000.00|3000.00|1|unidad||||
3|1|29|7798304841780|1|SIN PARAR FRUTILLA CREMA X 90G|1.00|unidad| |3000.00|3000.00|1|unidad||||
3|1|29|0022000018465|1|SKITTLES CONFITES ORIGINAL FRUIT PAQ.X 61.5GR|1.00|unidad| |4700.00|4700.00|1|unidad||||
3|1|29|0022000018489|1|SKITTLES CONFITES WILDBERRY PAQ.X 61.5GR|1.00|unidad| |4700.00|4700.00|1|unidad||||
3|1|29|7790895646027|1|SMART WATER C/G 591 ML|1.00|unidad| |3500.00|3500.00|1|unidad||||
3|1|29|7790895645778|1|SMART WATER S/G 591 ML|1.00|unidad| |3500.00|3500.00|1|unidad||||
3|1|29|7506174512248|1|SNICKERS BARRA RELL.MANI CUB.C/CHOCOLATE X 48 GR|1.00|unidad| |4700.00|4700.00|1|unidad||||
3|1|29|0522111111111|1|SPEED UNLIMITED LATA X 250CC|1.00|unidad| |4200.00|4200.00|1|unidad||||
3|1|29|0040000000518|1|STARBURST CARAMELO MASTICABLE SURTIDO PAQ.X 58.7G|1.00|unidad| |5100.00|5100.00|1|unidad||||
3|1|29|7790580060206|1|SUGUS CARAMELO MASTICABLE SUELTO X 3.3 GR|1.00|unidad| |50.00|50.00|1|unidad||||
3|1|29|7790580056001|1|SUGUS CONFITADOS CONFITES DE CARAMELO SURT.X 50 G|1.00|unidad| |2000.00|2000.00|1|unidad||||
3|1|29|7790387000849|1|TARAGUI MATE COCIDO X 25 UNID S ENS|1.00|unidad| |135.00|135.00|1|unidad||||
3|1|29|0029601111111|1|TARAGUI MATE LISTO X 35 GR.|1.00|unidad| |4000.00|4000.00|1|unidad||||
3|1|29|0029621111111|1|TARAGUI TERMO MATE-LISTO CAPACIDAD 500 CC.|1.00|unidad| |5900.00|5900.00|1|unidad||||
3|1|29|7790387013627|1|TARAGUI YERBA 4FLEX X 500 GR.|1.00|unidad| |4600.00|4600.00|1|unidad||||
3|1|29|0000077939234|1|TERRABUSI ALFAJOR CHOCOLATE X 50 GR|1.00|unidad| |2000.00|2000.00|1|unidad||||
3|1|29|0000077903792|1|TERRABUSI ALFAJOR TRIPLE CHOCOLATE X 70G.|1.00|unidad| |3000.00|3000.00|1|unidad||||
3|1|29|0000077903860|1|TERRABUSI ALFAJOR TRIPLE TIPO TORTA CHOCOLAT.X 70G|1.00|unidad| |3000.00|3000.00|1|unidad||||
3|1|29|7622300335052|1|TERRABUSI SNACKY X 60GR|1.00|unidad| |4600.00|4600.00|1|unidad||||
3|1|29|7861002910314|1|TIC TAC PASTILLAS SABOR MENTA CAJA X 16 GR.|1.00|unidad| |1600.00|1600.00|1|unidad||||
3|1|29|7861002910321|1|TIC TAC PASTILLAS SABOR NARANJA CAJA X 16 GR.|1.00|unidad| |1600.00|1600.00|1|unidad||||
3|1|29|7790580746612|1|TOFI CHOCOLATE C/LECHE RELLENO D.LECHE X 55G|1.00|unidad| |400.00|400.00|1|unidad||||
3|1|29|7798024760354|1|TOP PBT DE JAMON COCIDO Y QUESO X UN|1.00|unidad| |9100.00|9100.00|1|unidad||||
3|1|29|0000000019823|0|TOPLINE 7 CHICLE S/AZUCAR ATM STRONG X 14G|1.00|unidad| |2300.00|2300.00|1|unidad||||
3|1|29|0000000018843|0|TOPLINE 7 CHICLE S/AZUCAR MANDARINA  CAJA X 14G|1.00|unidad| |2300.00|2300.00|1|unidad||||
3|1|29|7790580120573|1|TOPLINE 7 ULTRA CLEAN X 24G|1.00|unidad| |3600.00|3600.00|1|unidad||||
3|1|29|7790580120702|1|TOPLINE 7 ULTRA GREEN MINT X 24G|1.00|unidad| |3600.00|3600.00|1|unidad||||
3|1|29|7790580121013|1|TOPLINE 7 ULTRA RED BERRY X 24G|1.00|unidad| |3600.00|3600.00|1|unidad||||
3|1|29|7798304841421|1|TORPEDO FRUTILLA|1.00|unidad| |2100.00|2100.00|1|unidad||||
3|1|29|7798304841414|1|TORPEDO LIMON|1.00|unidad| |2100.00|2100.00|1|unidad||||
3|1|29|7798024760460|1|TRIPLE MIGA BLANCO J.COCIDO Y QUESO X 3 UN|1.00|unidad| |9600.00|9600.00|1|unidad||||
3|1|29|7798024760477|1|TRIPLE MIGA NEGRO J.COCIDO Y QUESO X 3 UN|1.00|unidad| |9600.00|9600.00|1|unidad||||
3|1|29|7622202839962|1|VARIEDAD GALLETITAS DULCES SURTIDAS X 390GR.|1.00|unidad|VARIEDAD|5800.00|5800.00|1|unidad||||
3|1|29|0016871111111|1|VASO REUTILIZABLE|1.00|unidad| |4500.00|4500.00|1|unidad||||
3|1|29|0000000004361|0|VAUQUITA TABLETA DE DULCE DE LECHE X 25 GR.|1.00|unidad| |180.00|180.00|1|unidad||||
3|1|29|7790315100184|1|VDS LEVITE CERO AGUA S/G MANZANA PET X 500cc|1.00|unidad| |3450.00|3450.00|1|unidad||||
3|1|29|0021352111111|1|VDS LEVITE CERO AGUA S/G NARANJA PET X 500cc|1.00|unidad| |3450.00|3450.00|1|unidad||||
3|1|29|0021347111111|1|VILLA DEL SUR LEVITE S/G MANZANA PET X 500cc|1.00|unidad| |3450.00|3450.00|1|unidad||||
3|1|29|7798062548655|1|VILLA DEL SUR LEVITE S/G NARANJA PET X 500cc|1.00|unidad| |3450.00|3450.00|1|unidad||||
3|1|29|0021349111111|1|VILLA DEL SUR LEVITE S/G PERA PET X 500cc|1.00|unidad| |3450.00|3450.00|1|unidad||||
3|1|29|7799155000982|1|VILLA DEL SUR LEVITE S/G POMELO PET X 500cc|1.00|unidad| |3450.00|3450.00|1|unidad||||
3|1|29|7799155000210|1|VILLAVICENCIO AGUA FINAMENTE GASIFICADA PET X 1.5L|1.00|unidad| |5300.00|5300.00|1|unidad||||
3|1|29|7799155000203|1|VILLAVICENCIO AGUA FINAMENTE GASIFICADA PET X 500C|1.00|unidad| |3650.00|3650.00|1|unidad||||
3|1|29|0022000293220|1|Wrigleys Doubl 12.5g|1.00|unidad| |2600.00|2600.00|1|unidad||||
3|1|29|0022000293305|1|Wrigleys Spear 12.5g|1.00|unidad| |2600.00|2600.00|1|unidad||||
3|1|29|7791337010826|1|Yogurisimo Botellita Frutilla x 190g|1.00|unidad| |5500.00|5500.00|1|unidad||||
3|1|29|7798187760246|1|ZAFRAN BARRA DE CEREAL ALM/COCO X 28G|1.00|unidad| |1900.00|1900.00|1|unidad||||
3|1|29|7798187760277|1|ZAFRAN BARRA DE CEREAL CAJU/ZAPALLO 28G|1.00|unidad| |1900.00|1900.00|1|unidad||||
3|1|29|7798187760253|1|ZAFRAN BARRA DE CEREAL MANI/CACAO 28G|1.00|unidad| |1900.00|1900.00|1|unidad||||
3|1|29|7798187760260|1|ZAFRAN BARRA DE CEREAL MZNA/CHIA 28G|1.00|unidad| |1900.00|1900.00|1|unidad||||
3|1|31|7791813434412|1|7UP FREE PET X 1.5L|1.00|unidad| |5200.00|5200.00|1|unidad||||
3|1|31|0000000023897|0|AFEITADORA BIC COMFORT  3|1.00|unidad| |820.00|820.00|1|unidad||||
3|1|31|7790580109882|1|AGUILA EXTRAFINO 60% CACAO X 150 GR|1.00|unidad| |16100.00|16100.00|1|unidad||||
3|1|31|7790040133594|1|AGUILA MINITORTA BROWNIE X 72G|1.00|unidad| |3100.00|3100.00|1|unidad||||
3|1|31|7790040298705|1|AGUILA MINITORTA DDLECHE/MOUSSE SAB.VAINILLA X 72G|1.00|unidad| |3100.00|3100.00|1|unidad||||
3|1|31|0000000023956|0|ALFAJOR CHOCOLATE|1.00|unidad| |2350.00|2350.00|1|unidad||||
3|1|31|0000000023280|0|ALFAJORES DE MAICENA|1.00|unidad| |2350.00|2350.00|1|unidad||||
3|1|31|7790580607418|1|ARCOR CHOCOLATE BLANCO TABLETA X 25 GR|1.00|unidad| |2500.00|2500.00|1|unidad||||
3|1|31|7790580607210|1|ARCOR CHOCOLATE CON LECHE TABLETA X 25GR|1.00|unidad| |2500.00|2500.00|1|unidad||||
3|1|31|0000000001339|0|ARCOR OBLEA RELLENA C/PASTA DE TURRON Y MANI X 25G|1.00|unidad| |700.00|700.00|1|unidad||||
3|1|31|7793360294600|1|BC JUGO MANZANA TETRA X 200CC|1.00|unidad| |1300.00|1300.00|1|unidad||||
3|1|31|7793360246609|1|BC JUGO NARANJA TETRA X 200CC.|1.00|unidad| |1300.00|1300.00|1|unidad||||
3|1|31|7790580154264|1|BEB MULTIFRUTA BC 24X200ML|1.00|unidad| |1300.00|1300.00|1|unidad||||
3|1|31|7792730020559|1|BIZNIKKE NEVADO CHOCOLATE TABLETA X 120 GR.|1.00|unidad| |9200.00|9200.00|1|unidad||||
3|1|31|7790580722708|1|BOMBON TOFI LECHE X 15G|1.00|unidad| |2100.00|2100.00|1|unidad||||
3|1|31|7790040613607|1|Bon O Bon Alfajor Chocolate Blanco x40 gr|1.00|unidad| |2100.00|2100.00|1|unidad||||
3|1|31|7790040613706|1|BON O BON ALFAJOR CHOCOLATE NEGRO/LECHE X 40G|1.00|unidad| |2100.00|2100.00|1|unidad||||
3|1|31|0000000021586|0|BON-O-BON BOMBON AGUILA X 15G|1.00|unidad| |1100.00|1100.00|1|unidad||||
3|1|31|7790580119058|1|BON-O-BON BOMBON CHOCOLATE BLANCO X 15G|1.00|unidad| |1100.00|1100.00|1|unidad||||
3|1|31|0000000021587|0|BON-O-BON BOMBON CHOCOLINA X 15G|1.00|unidad| |1100.00|1100.00|1|unidad||||
3|1|31|7792360072409|1|BONAFIDE BOCADITO DDL X 16G|1.00|unidad| |1800.00|1800.00|1|unidad||||
3|1|31|0000000021151|0|BROWNIE ARTESANAL|1.00|unidad| |5850.00|5850.00|1|unidad||||
3|1|31|0000000023273|0|BUDIN BANANA Y DDL|1.00|unidad| |5300.00|5300.00|1|unidad||||
3|1|31|0000000021701|0|BUDIN DE FRUTOS SECOS|1.00|unidad| |5300.00|5300.00|1|unidad||||
3|1|31|0000000021700|0|BUDIN DE LIMON Y ARANDANOS|1.00|unidad| |5300.00|5300.00|1|unidad||||
3|1|31|7790407022011|1|CABSHA BOCADITO X 10G|1.00|unidad| |1000.00|1000.00|1|unidad||||
3|1|31|7798128000271|1|CACHAFAZ ALFAJOR MOUSSE X 50G|1.00|unidad| |3400.00|3400.00|1|unidad||||
3|1|31|7622201818739|1|CADBURY CHOCOLATE C/LECHE TRES SUEÑOS X 82G|1.00|unidad| |8200.00|8200.00|1|unidad||||
3|1|31|7622201818654|1|CADBURY CHOCOLATE RELLENO YOGHURT FRUTILLA X 29G|1.00|unidad| |3500.00|3500.00|1|unidad||||
3|1|31|7622202271250|1|Caram. Halls 12u Strong Nvo|1.00|unidad| |1350.00|1350.00|1|unidad||||
3|1|31|7622202247286|1|Caram. Halls Cherry Nvo 28 Grs|1.00|unidad| |1350.00|1350.00|1|unidad||||
3|1|31|7790895649301|1|CEPITA 20% NARANJA 200ML|1.00|unidad| |2200.00|2200.00|1|unidad||||
3|1|31|7790895009853|1|CEPITA JUGO MANZANA BOTELLA X 1L|1.00|unidad| |6100.00|6100.00|1|unidad||||
3|1|31|7790895000720|1|CEPITA JUGO MANZANA TETRA X 200CC.|1.00|unidad| |2200.00|2200.00|1|unidad||||
3|1|31|7790895647017|1|CEPITA JUGO MANZANA ZINC TETRA X 1 LT.|1.00|unidad| |4450.00|4450.00|1|unidad||||
3|1|31|7790895000737|1|CEPITA JUGO MULTIFRUTA TETRA X 200CC|1.00|unidad| |2200.00|2200.00|1|unidad||||
3|1|31|7790895647123|1|CEPITA JUGO MULTIFRUTA ZINC TETRA X 1 LT.|1.00|unidad| |4450.00|4450.00|1|unidad||||
3|1|31|7790895648267|1|CEPITA NARANJA 20% 1L|1.00|unidad| |4450.00|4450.00|1|unidad||||
3|1|31|7790895009815|1|CEPITA NARANJA 995CC|1.00|unidad| |6100.00|6100.00|1|unidad||||
3|1|31|0000000022630|0|CEREAL MIX BARRA DE CEREAL C/FRUTILLA&YOGHURT X26G|1.00|unidad| |2000.00|2000.00|1|unidad||||
3|1|31|0000000001341|0|CEREAL MIX BARRA DE CEREAL X 23G|1.00|unidad| |2000.00|2000.00|1|unidad||||
3|1|31|0000000022631|0|CEREAL MIX BARRA DE CEREAL YOGH/FRUTIL.L.X26g|1.00|unidad| |2000.00|2000.00|1|unidad||||
3|1|31|7790580123345|1|CH. TL7 MENTHOL 20X16X14G|1.00|unidad| |2300.00|2300.00|1|unidad||||
3|1|31|0000000019822|0|CH. TL7 VIBR. STRAW. 20X16X14G|1.00|unidad| |2300.00|2300.00|1|unidad||||
3|1|31|7790580104252|1|CH. TL7 VIOL. CHERRY 20X16X14G|1.00|unidad| |2300.00|2300.00|1|unidad||||
3|1|31|7790580317607|1|CH. TL7 XPLOS. MINT 20X16X14G|1.00|unidad| |2300.00|2300.00|1|unidad||||
3|1|31|8445290701961|1|Choc Bananita Dolca 30 grs|1.00|unidad| |2400.00|2400.00|1|unidad||||
3|1|31|8445290701596|1|Choc. Bananita Dolca 14grs|1.00|unidad| |1400.00|1400.00|1|unidad||||
3|1|31|7622202328947|1|Choc. Milka 55g Leche NVO|1.00|unidad| |6400.00|6400.00|1|unidad||||
3|1|31|7790070418296|1|Chocoarroz Blanco est. 22g|1.00|unidad| |2000.00|2000.00|1|unidad||||
3|1|31|7790070418203|1|Chocoarroz DL 22 gr|1.00|unidad| |2000.00|2000.00|1|unidad||||
3|1|31|7790580103521|1|CHOCOLATE LECHE CON CONFITES COFLER X 55 G|1.00|unidad| |6200.00|6200.00|1|unidad||||
3|1|31|7798304840851|1|CHOMPAlmedC/SsaDDL6x180g|1.00|unidad| |10700.00|10700.00|1|unidad||||
3|1|31|7798130953640|1|CHUPETIN COCO POP X 17 G|1.00|unidad| |3600.00|3600.00|1|unidad||||
3|1|31|7798130954777|1|CHUPETIN EMOTI POP 11GR|1.00|unidad| |3600.00|3600.00|1|unidad||||
3|1|31|0000000023604|0|CIRCULAR MEMBRILLO X UN|1.00|unidad| |1700.00|1700.00|1|unidad||||
3|1|31|7798085680516|1|CITRIC JUGO NARANJA MANGO TETRA X 500CC|1.00|unidad| |3850.00|3850.00|1|unidad||||
3|1|31|7798085681834|1|CITRIC JUGO NARANJA TETRA X 1L|1.00|unidad| |5750.00|5750.00|1|unidad||||
3|1|31|7798085681445|1|CITRIC JUGO NARANJA TETRA X 250CC|1.00|unidad| |2200.00|2200.00|1|unidad||||
3|1|31|7798085681452|1|CITRIC JUGO NARANJA TETRA X 500CC|1.00|unidad| |3850.00|3850.00|1|unidad||||
3|1|31|7798085680295|1|CITRIC JUGO NARANJA/ DURAZNO TETRA X 500CC|1.00|unidad| |3850.00|3850.00|1|unidad||||
3|1|31|7790895000997|1|COCA-COLA X 2.25L|1.00|unidad| |8950.00|8950.00|1|unidad||||
3|1|31|7790040659605|1|COFLER BLOCK ALFAJOR CHOCOLATE X 60 G|1.00|unidad| |3100.00|3100.00|1|unidad||||
3|1|31|0000000018365|0|COFLER BLOCK CHOCOLATE C/LECHE Y MANI TAB.X 110GR|1.00|unidad| |8300.00|8300.00|1|unidad||||
3|1|31|0000000015301|0|COFLER BLOCK CHOCOLATE C/LECHE Y MANI TAB.X 38GR|1.00|unidad| |3400.00|3400.00|1|unidad||||
3|1|31|7790580105013|1|COFLER BLOCK CHOCOLATE X 170G|1.00|unidad| |14000.00|14000.00|1|unidad||||
3|1|31|7790580115579|1|COFLER BLOCK CHOCOLATE X 1KG|1.00|unidad| |66200.00|66200.00|1|unidad||||
3|1|31|7790580103385|1|COFLER CHOCOLATE AIREADO BCO/LECHE X 27 GR.|1.00|unidad| |3600.00|3600.00|1|unidad||||
3|1|31|7790580103378|1|COFLER CHOCOLATE AIREADO BLANCO X 27 GR.|1.00|unidad| |3600.00|3600.00|1|unidad||||
3|1|31|7790580115869|1|COFLER CHOCOLATE AIREADO BON O BON X 67G|1.00|unidad| |7000.00|7000.00|1|unidad||||
3|1|31|7790580103361|1|COFLER CHOCOLATE AIREADO LECHE X 27 GR.|1.00|unidad| |3600.00|3600.00|1|unidad||||
3|1|31|7790580043407|1|COFLER CHOCOLATE AIREADO LECHE X 55G|1.00|unidad| |7100.00|7100.00|1|unidad||||
3|1|31|7790580003531|1|COFLER CHOCOLATE BCO&COOK X 55G|1.00|unidad| |6200.00|6200.00|1|unidad||||
3|1|31|7790580043506|1|COFLER CHOCOLATE LECHE CON ALMENDRAS X 55G|1.00|unidad| |6200.00|6200.00|1|unidad||||
3|1|31|0000000024109|0|CRIOLLITO X UN|1.00|unidad| |1700.00|1700.00|1|unidad||||
3|1|31|0000000023957|0|CROISSANT J Y Q|1.00|unidad| |6400.00|6400.00|1|unidad||||
3|1|31|7798024760798|1|CROQUE MONSIEUR J Y Q BLANCO X UN|1.00|unidad| |10100.00|10100.00|1|unidad||||
3|1|31|7798024760804|1|CROQUE MONSIEUR J Y Q NEGRO X UN|1.00|unidad| |10100.00|10100.00|1|unidad||||
3|1|31|0000000020568|0|CUADRADO DE PASTA FROLA|1.00|unidad| |5300.00|5300.00|1|unidad||||
3|1|31|0000000023543|0|DELIVERY MEDIALUNAS X 6 UNIDADES|1.00|unidad| |205.00|205.00|1|unidad||||
3|1|31|7795735000106|1|DON SATUR TALITAS X 140GR|1.00|unidad| |2800.00|2800.00|1|unidad||||
3|1|31|7790206007509|1|DOS CORAZONES BOCADITO CHOC.C/LECHE RELL. X 26GR|1.00|unidad| |2200.00|2200.00|1|unidad||||
3|1|31|7792799000035|1|ECO DE LOS ANDES AGUA CON GAS PET X 500CC.|1.00|unidad| |3300.00|3300.00|1|unidad||||
3|1|31|7798128000486|1|EL CACHAFAZ ALFAJOR BLANCO FLOWPACK X 60 GR|1.00|unidad| |3300.00|3300.00|1|unidad||||
3|1|31|7798128000462|1|EL CACHAFAZ ALFAJOR CHOCOLATE FLOWPACK X 60 GR|1.00|unidad| |3200.00|3200.00|1|unidad||||
3|1|31|7798128001940|1|EL CACHAFAZ ALFAJOR DE MAICENA X 76G|1.00|unidad| |3300.00|3300.00|1|unidad||||
3|1|31|7798128001797|1|EL CACHAFAZ CONITO DULCE DE LECHE X 38G|1.00|unidad| |2700.00|2700.00|1|unidad||||
3|1|31|7798024760569|1|ENSALADA CESAR  PREMIUM X UN|1.00|unidad| |14300.00|14300.00|1|unidad||||
3|1|31|7798024760392|1|ENSALADA CHEF PREMIUM X UN|1.00|unidad| |14300.00|14300.00|1|unidad||||
3|1|31|7798024766417|1|ENSALADA MIX VEG.C/PECHUGUITAS AL SESAMO X UN|1.00|unidad| |14300.00|14300.00|1|unidad||||
3|1|31|7613035242524|1|EPA DDL MAX 88GR|1.00|unidad| |6800.00|6800.00|1|unidad||||
3|1|31|7613035242500|1|EPA ROCKER X 88G|1.00|unidad| |6800.00|6800.00|1|unidad||||
3|1|31|7898024390121|1|FERRERO ROCHER BOMBON CHOC.RELL.PAQ.3 UNID X 37.5G|1.00|unidad| |5600.00|5600.00|1|unidad||||
3|1|31|7798024760255|1|FIGAZZITAS DE SALAME Y QUESO X 2 UN|1.00|unidad| |9100.00|9100.00|1|unidad||||
3|1|31|7798147780062|1|Franui sabor Black 150gr|1.00|unidad| |8500.00|8500.00|1|unidad||||
3|1|31|7798147783223|1|Franui sabor Leche 150gr|1.00|unidad| |8500.00|8500.00|1|unidad||||
3|1|31|7790070431936|1|Gallo YoguBar 20gr|1.00|unidad| |1800.00|1800.00|1|unidad||||
3|1|31|0067061111111|1|GATORADE COOL BLUE PET X 500CC|1.00|unidad| |4300.00|4300.00|1|unidad||||
3|1|31|0071971211111|1|GATORADE FRUTOS TROPICALES PET X 750CC|1.00|unidad| |5200.00|5200.00|1|unidad||||
3|1|31|0066011111111|1|GATORADE MANZANA PET X 500CC|1.00|unidad| |4300.00|4300.00|1|unidad||||
3|1|31|0042831111111|1|GATORADE MANZANA PET X 750CC|1.00|unidad| |5100.00|5100.00|1|unidad||||
3|1|31|0006602111111|1|GATORADE NARANJA PET X 500CC|1.00|unidad| |4300.00|4300.00|1|unidad||||
3|1|31|7798024766103|1|GRANDWICH PANINI GRIGLIATTI JAM/QUE/TOM/HUE X 210G|1.00|unidad| |7350.00|7350.00|1|unidad||||
3|1|31|0000000023445|0|HALLS FREE MENTA X 28 G|1.00|unidad| |1500.00|1500.00|1|unidad||||
3|1|31|7791249450277|1|HALLS MENTA LYPTUS CARAMELOS DUROS PAQ.X 28G|1.00|unidad| |1300.00|1300.00|1|unidad||||
3|1|31|0000000023603|0|ICEDREAM CIRCULAR PASTELERA X UN|1.00|unidad| |1700.00|1700.00|1|unidad||||
3|1|31|0028411111111|1|JORGITO ALFAJOR BLANCO X 50G|1.00|unidad| |1800.00|1800.00|1|unidad||||
3|1|31|0011111112842|1|JORGITO ALFAJOR CHOCOLATE X 55G|1.00|unidad| |1800.00|1800.00|1|unidad||||
3|1|31|7790957000545|1|JORGITO MINI ALFAJOR CHOCOLATE PAQ.X 6 UNID.|1.00|unidad| |4900.00|4900.00|1|unidad||||
3|1|31|7790957000538|1|JORGITO MINI ALFAJOR GLACEADO PAQ.X 6 UNID.X 155GR|1.00|unidad| |4900.00|4900.00|1|unidad||||
3|1|31|0000080052760|1|KINDER BUENO OBLEA CHOCOLATE CON LECHE X 43G|1.00|unidad| |4900.00|4900.00|1|unidad||||
3|1|31|0000077949677|1|KINDER CHOCOLATE X 50G|1.00|unidad| |5700.00|5700.00|1|unidad||||
3|1|31|7891000379073|1|KIT KAT DARK OBLEA BAÑADA CHOCOLATE X 41.5G|1.00|unidad| |3000.00|3000.00|1|unidad||||
3|1|31|7891000379028|1|KIT KAT OBLEA BAÑADA CHOCOLATE BLANCO X 41.5G|1.00|unidad| |3000.00|3000.00|1|unidad||||
3|1|31|7791337007260|1|Leche chocolatada Cindor 200ml|1.00|unidad| |3800.00|3800.00|1|unidad||||
3|1|31|7791337007253|1|Leche chocolatada Cindor x 1L|1.00|unidad| |11500.00|11500.00|1|unidad||||
3|1|31|7798368470391|1|LUCCIANO´S CHANTILLY X 100GR (02)|1.00|unidad| |7400.00|7400.00|1|unidad||||
3|1|31|7798368470384|1|LUCCIANO´S CHOCOLATE C/CROCANTE X 100GR (01)|1.00|unidad| |7400.00|7400.00|1|unidad||||
3|1|31|7798368470421|1|LUCCIANO´S CHOCOLATE X 90GR (05)|1.00|unidad| |7400.00|7400.00|1|unidad||||
3|1|31|7798368470438|1|LUCCIANO´S DDL C/ CROCANTE X 90GR (06)|1.00|unidad| |7400.00|7400.00|1|unidad||||
3|1|31|0000000024240|0|LUCCIANO´S DDL X 90GR (03)|1.00|unidad| |6000.00|6000.00|1|unidad||||
3|1|31|7798368470476|1|LUCCIANO´S MINION ICE POP X 100GR (10)|1.00|unidad| |7900.00|7900.00|1|unidad||||
3|1|31|7798368470469|1|LUCCIANO´S OLI KING X 90GR (09)|1.00|unidad| |7800.00|7800.00|1|unidad||||
3|1|31|7798368470735|1|LUCCIANO´S PISTACCHIO X 95GR (08)|1.00|unidad| |7800.00|7800.00|1|unidad||||
3|1|31|7798368470414|1|LUCCIANO´S SORBETE PATAGONIA X 90GR (04)|1.00|unidad| |7400.00|7400.00|1|unidad||||
3|1|31|7613034797469|1|LUXOR BOMBON HELADO 53G|1.00|unidad| |3100.00|3100.00|1|unidad||||
3|1|31|7797453001441|1|M&M Chocolate 48 Grs|1.00|unidad| |5000.00|5000.00|1|unidad||||
3|1|31|7797453001458|1|M&M MANI PAQ. X 49 GR|1.00|unidad| |5000.00|5000.00|1|unidad||||
3|1|31|7790387015324|1|MAÑANITA YERBA 4FLEX X 500 GR|1.00|unidad| |4600.00|4600.00|1|unidad||||
3|1|31|7790206006106|1|MARROC BOCADITO X 14 GR.|1.00|unidad| |1250.00|1250.00|1|unidad||||
3|1|31|7798024760125|1|MAX PREMIUM JyQ-TOM-HUE- PAN NGO X UN|1.00|unidad| |10600.00|10600.00|1|unidad||||
3|1|31|7798024766172|1|MAX PREMIUM POLLO-RU-PAR-PAN NGO X UN|1.00|unidad| |10600.00|10600.00|1|unidad||||
3|1|31|7798024760552|1|MAX TRIANGULO LIGHT POLLO-LEC-PAN NGO X UN|1.00|unidad| |10600.00|10600.00|1|unidad||||
3|1|31|0000000023602|0|MEDIALUNA DE GRASA X UN|1.00|unidad| |1700.00|1700.00|1|unidad||||
3|1|31|0000000023601|0|MEDIALUNA DE MANTECA X UN|1.00|unidad| |1700.00|1700.00|1|unidad||||
3|1|31|7891000120057|1|MEGA AMERICANA CON ALMENDRAS X 74g|1.00|unidad| |7600.00|7600.00|1|unidad||||
3|1|31|0000000020546|0|MENTHO-PLUS ACIDOS CEREZA X 27.2G|1.00|unidad| |1900.00|1900.00|1|unidad||||
3|1|31|0000000020540|0|MENTHO-PLUS ACIDOS NARANJA X 27.2G|1.00|unidad| |1900.00|1900.00|1|unidad||||
3|1|31|0000000021660|0|MENTHO-PLUS CARAMELOS INHALANTES DE CEREZA X 29.4G|1.00|unidad| |1000.00|1000.00|1|unidad||||
3|1|31|0000000021663|0|MENTHO-PLUS CARAMELOS INHALANTES MIEL X 29.4G|1.00|unidad| |1000.00|1000.00|1|unidad||||
3|1|31|0000000021661|0|MENTHO-PLUS CARAMELOS INHALANTES STRONG X 29.4G|1.00|unidad| |1000.00|1000.00|1|unidad||||
3|1|31|0000000017476|0|MENTHO-PLUS CARAMELOS SIN AZUCAR CHERRY X 27.3G|1.00|unidad| |1900.00|1900.00|1|unidad||||
3|1|31|0000000017474|0|MENTHO-PLUS CARAMELOS SIN AZUCAR MENTOL X 27.3G|1.00|unidad| |1900.00|1900.00|1|unidad||||
3|1|31|0000000021664|0|MENTHOPLUS MENTA X 29.4G|1.00|unidad| |1000.00|1000.00|1|unidad||||
3|1|31|0000000021662|0|MENTHOPLUS MENTOL X 29.4G|1.00|unidad| |1000.00|1000.00|1|unidad||||
3|1|31|0000000021044|0|MENTHOPLUS ZERO CARAMELOS DURAZNO X 26.6G|1.00|unidad| |1900.00|1900.00|1|unidad||||
3|1|31|0000000021047|0|MENTHOPLUS ZERO CARAMELOS STRONG X 26.6G|1.00|unidad| |1900.00|1900.00|1|unidad||||
3|1|31|7895144699851|1|MENTOS CARAMELOS MASTICABLES SAB.FRUTA X 29.7GR|1.00|unidad| |1300.00|1300.00|1|unidad||||
3|1|31|7895144699844|1|MENTOS CARAMELOS MASTICABLES SAB.MENTA X 29.7GR|1.00|unidad| |1300.00|1300.00|1|unidad||||
3|1|31|0000000021770|0|MERMELADAS X UNIDAD|1.00|unidad| |60.00|60.00|1|unidad||||
3|1|31|0000077903785|1|MILKA ALFAJOR MOUSSE TRIPLE X 55 GR.|1.00|unidad| |3000.00|3000.00|1|unidad||||
3|1|31|7622300457303|1|MILKA ALFAJOR TRIPLE BLANCO X 55G|1.00|unidad| |3000.00|3000.00|1|unidad||||
3|1|31|7622300844967|1|MILKA CHOCOLATE BLANCO CON DULCE DE LECHE X 67.5G|1.00|unidad| |7200.00|7200.00|1|unidad||||
3|1|31|7622300844943|1|MILKA CHOCOLATE C DULCE DE LECHE X 67.5G|1.00|unidad| |7400.00|7400.00|1|unidad||||
3|1|31|0000000021565|0|MILKA CHOCOLATE C/LECHE ALMENDRAS|1.00|unidad| |3510.00|3510.00|1|unidad||||
3|1|31|7622300990114|1|MILKA CHOCOLATE CON LECHE X 150G|1.00|unidad| |14100.00|14100.00|1|unidad||||
3|1|31|7622201818937|1|MILKA LEGER CHOCOLATE LECHE TABLETA X 50G|1.00|unidad| |6100.00|6100.00|1|unidad||||
3|1|31|7790580116958|1|MOGUL CARAMELO DE GOMA DINOS X 30G|1.00|unidad| |850.00|850.00|1|unidad||||
3|1|31|7790580129507|1|MOGUL CARAMELOS DE GOMA ACIDOS BOLSA X 60G|1.00|unidad| |1400.00|1400.00|1|unidad||||
3|1|31|7790580169312|1|MOGUL CARAMELOS DE GOMA CEREBRITOS X 30G|1.00|unidad| |1200.00|1200.00|1|unidad||||
3|1|31|7790580116460|1|MOGUL CARAMELOS DE GOMA EXTREME ACIDO ROLLO X 35G|1.00|unidad| |1200.00|1200.00|1|unidad||||
3|1|31|7790580603809|1|MOGUL CARAMELOS DE GOMA FRUTALES ROLLO X 35G|1.00|unidad| |1200.00|1200.00|1|unidad||||
3|1|31|7790580199913|1|MOGUL CARAMELOS DE GOMA OSITOS X 30 GR|1.00|unidad| |1200.00|1200.00|1|unidad||||
3|1|31|7790580200114|1|MOGUL CARAMELOS DE GOMA TIBURON X 30G|1.00|unidad| |1200.00|1200.00|1|unidad||||
3|1|31|7798422620014|1|MONSTER ENERGY GREEN X 473CC|1.00|unidad| |5500.00|5500.00|1|unidad||||
3|1|31|7798422620045|1|MONSTER MANGO LOCO 473|1.00|unidad| |5500.00|5500.00|1|unidad||||
3|1|31|7798422620021|1|MONSTER ULTRA x 473 CC|1.00|unidad| |5500.00|5500.00|1|unidad||||
3|1|31|1111111111142|1|MUFFIN CHIPS CHOC X UN|1.00|unidad| |4300.00|4300.00|1|unidad||||
3|1|31|1111111111145|1|MUFFIN VAINILLA C/DDL X UN|1.00|unidad| |4300.00|4300.00|1|unidad||||
3|1|31|7798304841261|1|NESQUIK NUTRIACTIV B HEL.CHOCOLATE CON CALCIN-N|1.00|unidad| |1900.00|1900.00|1|unidad||||
3|1|31|7622210723468|1|OREO GALLETITAS BAÑADAS CHOCOLATE x17gr|1.00|unidad| |210.00|210.00|1|unidad||||
3|1|31|7899975800523|1|Oreo Palito AR 20 x 65g|1.00|unidad| |6800.00|6800.00|1|unidad||||
3|1|31|7899975800509|1|OREO SANDWICH AR 81GR|1.00|unidad| |6800.00|6800.00|1|unidad||||
3|1|31|7798304841124|1|OREO TACITA X 95G|1.00|unidad| |6800.00|6800.00|1|unidad||||
3|1|31|0000000024088|0|PAN DE CHOCOLATE X UN|1.00|unidad| |4300.00|4300.00|1|unidad||||
3|1|31|7798024766110|1|PANINI GRIGLIATTI DE PECETO X 210G|1.00|unidad| |7350.00|7350.00|1|unidad||||
3|1|31|7791007000764|1|PAÑUELOS DESCARTABLES CAJA X 75 UNID|1.00|unidad| |3600.00|3600.00|1|unidad||||
3|1|31|7791070003482|1|PAÑUELOS DESCARTABLES X UNID|1.00|unidad| |700.00|700.00|1|unidad||||
3|1|31|7798024760781|1|PEBETE PECHUGA CRISPY X UN|1.00|unidad| |10200.00|10200.00|1|unidad||||
3|1|31|7798024760361|1|PECHUGA GRILLE C/VEGETAL DEL HUERTO X UN|1.00|unidad| |12700.00|12700.00|1|unidad||||
3|1|31|0000077915481|1|PEPITOS ALFAJOR TRIPLE DE CHOCOLATE X 57GR|1.00|unidad| |3000.00|3000.00|1|unidad||||
3|1|31|7791813828365|1|PEPSI BLACK PET X 500CC|1.00|unidad| |3450.00|3450.00|1|unidad||||
3|1|31|1111111111200|1|PICO DULCE CHUPETIN X 14 GR.|1.00|unidad| |500.00|500.00|1|unidad||||
3|1|31|7790895641183|1|POWERADE FRUTAS TROPICALES PET X 500CC|1.00|unidad| |3500.00|3500.00|1|unidad||||
3|1|31|7790895640018|1|POWERADE MANZANA PET X 500CC|1.00|unidad| |3500.00|3500.00|1|unidad||||
3|1|31|7790895640025|1|POWERADE MOUNTAIN BLAST PET X 500CC|1.00|unidad| |3500.00|3500.00|1|unidad||||
3|1|31|7791519200021|1|PRIME PRESERVATIVO ANATOMICO CAJA X 3 UNID.|1.00|unidad| |6300.00|6300.00|1|unidad||||
3|1|31|7791519200076|1|PRIME PRESERVATIVO ESPERMICIDA CAJA X 3 UNID.|1.00|unidad| |6300.00|6300.00|1|unidad||||
3|1|31|7791519000676|1|PRIME PRESERVATIVO EXTRA LUBRICADO CAJA X 3 UNID.|1.00|unidad| |6300.00|6300.00|1|unidad||||
3|1|31|7791519200045|1|PRIME PRESERVATIVO SUPERFINO CAJA X 3 UNID.|1.00|unidad| |6300.00|6300.00|1|unidad||||
3|1|31|7791519200090|1|PRIME PRESERVATIVO TACHAS CAJA X 3 UNID.|1.00|unidad| |6300.00|6300.00|1|unidad||||
3|1|31|7791519200069|1|PRIME PRESERVATIVO TEXTURADO CAJA X 3 UNID.|1.00|unidad| |6300.00|6300.00|1|unidad||||
3|1|31|7790742167101|1|Queso Finlandia Chef Cheddar 150gr PAQUETE INSUMO|1.00|unidad| |685.00|685.00|1|unidad||||
3|1|31|0045011111111|1|RED BULL ENERGY DRINK LATA X 250 CC|1.00|unidad| |5500.00|5500.00|1|unidad||||
3|1|31|0000090435225|1|RED BULL ENERGY DRINK LATA X 355 CC|1.00|unidad| |6900.00|6900.00|1|unidad||||
3|1|31|9002490232054|1|RED BULL ENERGY DRINK SUGAR FREE LATA X 250CC|1.00|unidad| |5500.00|5500.00|1|unidad||||
3|1|31|7790580327415|1|ROCKLETS CONFITES DE CHOCOLATE PAQ. X 40 GR|1.00|unidad| |3100.00|3100.00|1|unidad||||
3|1|31|7790580327613|1|ROCKLETS NARANJA MANI C/CHOCOLATE CONFITADO X 40G|1.00|unidad| |3100.00|3100.00|1|unidad||||
3|1|31|7798024760507|1|ROLL CHICKEN CAESAR X 210GR|1.00|unidad| |10600.00|10600.00|1|unidad||||
3|1|31|0000000023605|0|SACRAMENTO MEMBRILLO X UN|1.00|unidad| |1700.00|1700.00|1|unidad||||
3|1|31|7790580716806|1|SALADIX GALLETITAS SAB. CALABRESA CAJA X 100G|1.00|unidad| |3200.00|3200.00|1|unidad||||
3|1|31|7790580716707|1|SALADIX GALLETITAS SAB. JAMON CAJA X 100G|1.00|unidad| |3200.00|3200.00|1|unidad||||
3|1|31|7790580697303|1|SALADIX GALLETITAS SAB. PIZZA CAJA X 100G|1.00|unidad| |3200.00|3200.00|1|unidad||||
3|1|31|7790040374607|1|SALADIX GALLETITAS SAB.DUO CAJA X 80G|1.00|unidad| |3200.00|3200.00|1|unidad||||
3|1|31|7790040123434|1|SALADIX GALLETITAS SAB.KESITOS X80G|1.00|unidad| |2700.00|2700.00|1|unidad||||
3|1|31|0000077956699|1|SHOT ALFAJOR TRISHOT TRIPLE X 60G|1.00|unidad| |3000.00|3000.00|1|unidad||||
3|1|31|7622300424084|1|SHOT CHOCOLATE CON LECHE Y MANI TABLETA X 170 GR|1.00|unidad| |12500.00|12500.00|1|unidad||||
3|1|31|0000077914217|1|SHOT CHOCOLATE LECHE CON MANI TABLETA X 35G|1.00|unidad| |3000.00|3000.00|1|unidad||||
3|1|31|7798304841803|1|SIN PARAR CHOCOLATE DULCE DE LECHE X 90G|1.00|unidad| |3000.00|3000.00|1|unidad||||
3|1|31|7798304841797|1|SIN PARAR DULCE DE LECHE Y AMERICANA X 90G|1.00|unidad| |3000.00|3000.00|1|unidad||||
3|1|31|7798304841780|1|SIN PARAR FRUTILLA CREMA X 90G|1.00|unidad| |3000.00|3000.00|1|unidad||||
3|1|31|0022000018465|1|SKITTLES CONFITES ORIGINAL FRUIT PAQ.X 61.5GR|1.00|unidad| |4700.00|4700.00|1|unidad||||
3|1|31|0022000018489|1|SKITTLES CONFITES WILDBERRY PAQ.X 61.5GR|1.00|unidad| |4700.00|4700.00|1|unidad||||
3|1|31|7790895646027|1|SMART WATER C/G 591 ML|1.00|unidad| |3500.00|3500.00|1|unidad||||
3|1|31|7790895645778|1|SMART WATER S/G 591 ML|1.00|unidad| |3500.00|3500.00|1|unidad||||
3|1|31|7506174512248|1|SNICKERS BARRA RELL.MANI CUB.C/CHOCOLATE X 48 GR|1.00|unidad| |4700.00|4700.00|1|unidad||||
3|1|31|0522111111111|1|SPEED UNLIMITED LATA X 250CC|1.00|unidad| |4200.00|4200.00|1|unidad||||
3|1|31|0040000000518|1|STARBURST CARAMELO MASTICABLE SURTIDO PAQ.X 58.7G|1.00|unidad| |5100.00|5100.00|1|unidad||||
3|1|31|7790580060206|1|SUGUS CARAMELO MASTICABLE SUELTO X 3.3 GR|1.00|unidad| |50.00|50.00|1|unidad||||
3|1|31|7790580056001|1|SUGUS CONFITADOS CONFITES DE CARAMELO SURT.X 50 G|1.00|unidad| |2000.00|2000.00|1|unidad||||
3|1|31|7790387000849|1|TARAGUI MATE COCIDO X 25 UNID S ENS|1.00|unidad| |135.00|135.00|1|unidad||||
3|1|31|0029601111111|1|TARAGUI MATE LISTO X 35 GR.|1.00|unidad| |4000.00|4000.00|1|unidad||||
3|1|31|0029621111111|1|TARAGUI TERMO MATE-LISTO CAPACIDAD 500 CC.|1.00|unidad| |5900.00|5900.00|1|unidad||||
3|1|31|7790387013627|1|TARAGUI YERBA 4FLEX X 500 GR.|1.00|unidad| |4600.00|4600.00|1|unidad||||
3|1|31|0000077939234|1|TERRABUSI ALFAJOR CHOCOLATE X 50 GR|1.00|unidad| |2000.00|2000.00|1|unidad||||
3|1|31|0000077903792|1|TERRABUSI ALFAJOR TRIPLE CHOCOLATE X 70G.|1.00|unidad| |3000.00|3000.00|1|unidad||||
3|1|31|0000077903860|1|TERRABUSI ALFAJOR TRIPLE TIPO TORTA CHOCOLAT.X 70G|1.00|unidad| |3000.00|3000.00|1|unidad||||
3|1|31|7622300335052|1|TERRABUSI SNACKY X 60GR|1.00|unidad| |4600.00|4600.00|1|unidad||||
3|1|31|7861002910314|1|TIC TAC PASTILLAS SABOR MENTA CAJA X 16 GR.|1.00|unidad| |1600.00|1600.00|1|unidad||||
3|1|31|7861002910321|1|TIC TAC PASTILLAS SABOR NARANJA CAJA X 16 GR.|1.00|unidad| |1600.00|1600.00|1|unidad||||
3|1|31|7790580746612|1|TOFI CHOCOLATE C/LECHE RELLENO D.LECHE X 55G|1.00|unidad| |420.00|420.00|1|unidad||||
3|1|31|7798024760354|1|TOP PBT DE JAMON COCIDO Y QUESO X UN|1.00|unidad| |9100.00|9100.00|1|unidad||||
3|1|31|0000000019823|0|TOPLINE 7 CHICLE S/AZUCAR ATM STRONG X 14G|1.00|unidad| |2300.00|2300.00|1|unidad||||
3|1|31|0000000018843|0|TOPLINE 7 CHICLE S/AZUCAR MANDARINA  CAJA X 14G|1.00|unidad| |2300.00|2300.00|1|unidad||||
3|1|31|7790580120573|1|TOPLINE 7 ULTRA CLEAN X 24G|1.00|unidad| |3600.00|3600.00|1|unidad||||
3|1|31|7790580120702|1|TOPLINE 7 ULTRA GREEN MINT X 24G|1.00|unidad| |3600.00|3600.00|1|unidad||||
3|1|31|7790580121013|1|TOPLINE 7 ULTRA RED BERRY X 24G|1.00|unidad| |3600.00|3600.00|1|unidad||||
3|1|31|7798304841421|1|TORPEDO FRUTILLA|1.00|unidad| |2100.00|2100.00|1|unidad||||
3|1|31|7798304841414|1|TORPEDO LIMON|1.00|unidad| |2100.00|2100.00|1|unidad||||
3|1|31|7798024760460|1|TRIPLE MIGA BLANCO J.COCIDO Y QUESO X 3 UN|1.00|unidad| |9600.00|9600.00|1|unidad||||
3|1|31|7798024760477|1|TRIPLE MIGA NEGRO J.COCIDO Y QUESO X 3 UN|1.00|unidad| |9600.00|9600.00|1|unidad||||
3|1|31|7622202839962|1|VARIEDAD GALLETITAS DULCES SURTIDAS X 390GR.|1.00|unidad|VARIEDAD|5800.00|5800.00|1|unidad||||
3|1|31|0016871111111|1|VASO REUTILIZABLE|1.00|unidad| |4500.00|4500.00|1|unidad||||
3|1|31|0000000004361|0|VAUQUITA TABLETA DE DULCE DE LECHE X 25 GR.|1.00|unidad| |190.00|190.00|1|unidad||||
3|1|31|7790315100184|1|VDS LEVITE CERO AGUA S/G MANZANA PET X 500cc|1.00|unidad| |3450.00|3450.00|1|unidad||||
3|1|31|0021352111111|1|VDS LEVITE CERO AGUA S/G NARANJA PET X 500cc|1.00|unidad| |3450.00|3450.00|1|unidad||||
3|1|31|0021347111111|1|VILLA DEL SUR LEVITE S/G MANZANA PET X 500cc|1.00|unidad| |3450.00|3450.00|1|unidad||||
3|1|31|7798062548655|1|VILLA DEL SUR LEVITE S/G NARANJA PET X 500cc|1.00|unidad| |3450.00|3450.00|1|unidad||||
3|1|31|0021349111111|1|VILLA DEL SUR LEVITE S/G PERA PET X 500cc|1.00|unidad| |3450.00|3450.00|1|unidad||||
3|1|31|7799155000982|1|VILLA DEL SUR LEVITE S/G POMELO PET X 500cc|1.00|unidad| |3450.00|3450.00|1|unidad||||
3|1|31|7799155000210|1|VILLAVICENCIO AGUA FINAMENTE GASIFICADA PET X 1.5L|1.00|unidad| |5300.00|5300.00|1|unidad||||
3|1|31|7799155000203|1|VILLAVICENCIO AGUA FINAMENTE GASIFICADA PET X 500C|1.00|unidad| |3650.00|3650.00|1|unidad||||
3|1|31|0022000293220|1|Wrigleys Doubl 12.5g|1.00|unidad| |2600.00|2600.00|1|unidad||||
3|1|31|0022000293305|1|Wrigleys Spear 12.5g|1.00|unidad| |2600.00|2600.00|1|unidad||||
3|1|31|7791337010826|1|Yogurisimo Botellita Frutilla x 190g|1.00|unidad| |5500.00|5500.00|1|unidad||||
3|1|31|7798187760246|1|ZAFRAN BARRA DE CEREAL ALM/COCO X 28G|1.00|unidad| |1900.00|1900.00|1|unidad||||
3|1|31|7798187760277|1|ZAFRAN BARRA DE CEREAL CAJU/ZAPALLO 28G|1.00|unidad| |1900.00|1900.00|1|unidad||||
3|1|31|7798187760253|1|ZAFRAN BARRA DE CEREAL MANI/CACAO 28G|1.00|unidad| |1900.00|1900.00|1|unidad||||
3|1|31|7798187760260|1|ZAFRAN BARRA DE CEREAL MZNA/CHIA 28G|1.00|unidad| |1900.00|1900.00|1|unidad||||
3|1|36|7791813434412|1|7UP FREE PET X 1.5L|1.00|unidad| |5200.00|5200.00|1|unidad||||
3|1|36|0000000023897|0|AFEITADORA BIC COMFORT  3|1.00|unidad| |820.00|820.00|1|unidad||||
3|1|36|7790580109882|1|AGUILA EXTRAFINO 60% CACAO X 150 GR|1.00|unidad| |16100.00|16100.00|1|unidad||||
3|1|36|7790040133594|1|AGUILA MINITORTA BROWNIE X 72G|1.00|unidad| |3100.00|3100.00|1|unidad||||
3|1|36|7790040298705|1|AGUILA MINITORTA DDLECHE/MOUSSE SAB.VAINILLA X 72G|1.00|unidad| |3100.00|3100.00|1|unidad||||
3|1|36|0000000023956|0|ALFAJOR CHOCOLATE|1.00|unidad| |2350.00|2350.00|1|unidad||||
3|1|36|0000000023280|0|ALFAJORES DE MAICENA|1.00|unidad| |2350.00|2350.00|1|unidad||||
3|1|36|7790580607418|1|ARCOR CHOCOLATE BLANCO TABLETA X 25 GR|1.00|unidad| |2500.00|2500.00|1|unidad||||
3|1|36|7790580607210|1|ARCOR CHOCOLATE CON LECHE TABLETA X 25GR|1.00|unidad| |2500.00|2500.00|1|unidad||||
3|1|36|0000000001339|0|ARCOR OBLEA RELLENA C/PASTA DE TURRON Y MANI X 25G|1.00|unidad| |700.00|700.00|1|unidad||||
3|1|36|7793360294600|1|BC JUGO MANZANA TETRA X 200CC|1.00|unidad| |1300.00|1300.00|1|unidad||||
3|1|36|7793360246609|1|BC JUGO NARANJA TETRA X 200CC.|1.00|unidad| |1300.00|1300.00|1|unidad||||
3|1|36|7790580154264|1|BEB MULTIFRUTA BC 24X200ML|1.00|unidad| |1300.00|1300.00|1|unidad||||
3|1|36|7792730020559|1|BIZNIKKE NEVADO CHOCOLATE TABLETA X 120 GR.|1.00|unidad| |9200.00|9200.00|1|unidad||||
3|1|36|7790580722708|1|BOMBON TOFI LECHE X 15G|1.00|unidad| |2100.00|2100.00|1|unidad||||
3|1|36|7790040613607|1|Bon O Bon Alfajor Chocolate Blanco x40 gr|1.00|unidad| |2100.00|2100.00|1|unidad||||
3|1|36|7790040613706|1|BON O BON ALFAJOR CHOCOLATE NEGRO/LECHE X 40G|1.00|unidad| |2100.00|2100.00|1|unidad||||
3|1|36|0000000021586|0|BON-O-BON BOMBON AGUILA X 15G|1.00|unidad| |1100.00|1100.00|1|unidad||||
3|1|36|7790580119058|1|BON-O-BON BOMBON CHOCOLATE BLANCO X 15G|1.00|unidad| |1100.00|1100.00|1|unidad||||
3|1|36|0000000021587|0|BON-O-BON BOMBON CHOCOLINA X 15G|1.00|unidad| |1100.00|1100.00|1|unidad||||
3|1|36|7792360072409|1|BONAFIDE BOCADITO DDL X 16G|1.00|unidad| |1800.00|1800.00|1|unidad||||
3|1|36|0000000021151|0|BROWNIE ARTESANAL|1.00|unidad| |5850.00|5850.00|1|unidad||||
3|1|36|0000000023273|0|BUDIN BANANA Y DDL|1.00|unidad| |5300.00|5300.00|1|unidad||||
3|1|36|0000000021701|0|BUDIN DE FRUTOS SECOS|1.00|unidad| |5300.00|5300.00|1|unidad||||
3|1|36|0000000021700|0|BUDIN DE LIMON Y ARANDANOS|1.00|unidad| |5300.00|5300.00|1|unidad||||
3|1|36|7790407022011|1|CABSHA BOCADITO X 10G|1.00|unidad| |1000.00|1000.00|1|unidad||||
3|1|36|7798128000271|1|CACHAFAZ ALFAJOR MOUSSE X 50G|1.00|unidad| |3400.00|3400.00|1|unidad||||
3|1|36|7622201818739|1|CADBURY CHOCOLATE C/LECHE TRES SUEÑOS X 82G|1.00|unidad| |8200.00|8200.00|1|unidad||||
3|1|36|7622201818654|1|CADBURY CHOCOLATE RELLENO YOGHURT FRUTILLA X 29G|1.00|unidad| |3500.00|3500.00|1|unidad||||
3|1|36|7622202271250|1|Caram. Halls 12u Strong Nvo|1.00|unidad| |1350.00|1350.00|1|unidad||||
3|1|36|7622202247286|1|Caram. Halls Cherry Nvo 28 Grs|1.00|unidad| |1350.00|1350.00|1|unidad||||
3|1|36|7790895649301|1|CEPITA 20% NARANJA 200ML|1.00|unidad| |2200.00|2200.00|1|unidad||||
3|1|36|7790895009853|1|CEPITA JUGO MANZANA BOTELLA X 1L|1.00|unidad| |6100.00|6100.00|1|unidad||||
3|1|36|7790895000720|1|CEPITA JUGO MANZANA TETRA X 200CC.|1.00|unidad| |2200.00|2200.00|1|unidad||||
3|1|36|7790895647017|1|CEPITA JUGO MANZANA ZINC TETRA X 1 LT.|1.00|unidad| |4450.00|4450.00|1|unidad||||
3|1|36|7790895000737|1|CEPITA JUGO MULTIFRUTA TETRA X 200CC|1.00|unidad| |2200.00|2200.00|1|unidad||||
3|1|36|7790895647123|1|CEPITA JUGO MULTIFRUTA ZINC TETRA X 1 LT.|1.00|unidad| |4450.00|4450.00|1|unidad||||
3|1|36|7790895648267|1|CEPITA NARANJA 20% 1L|1.00|unidad| |4450.00|4450.00|1|unidad||||
3|1|36|7790895009815|1|CEPITA NARANJA 995CC|1.00|unidad| |6100.00|6100.00|1|unidad||||
3|1|36|0000000022630|0|CEREAL MIX BARRA DE CEREAL C/FRUTILLA&YOGHURT X26G|1.00|unidad| |2000.00|2000.00|1|unidad||||
3|1|36|0000000001341|0|CEREAL MIX BARRA DE CEREAL X 23G|1.00|unidad| |2000.00|2000.00|1|unidad||||
3|1|36|0000000022631|0|CEREAL MIX BARRA DE CEREAL YOGH/FRUTIL.L.X26g|1.00|unidad| |2000.00|2000.00|1|unidad||||
3|1|36|7790580123345|1|CH. TL7 MENTHOL 20X16X14G|1.00|unidad| |2300.00|2300.00|1|unidad||||
3|1|36|0000000019822|0|CH. TL7 VIBR. STRAW. 20X16X14G|1.00|unidad| |2300.00|2300.00|1|unidad||||
3|1|36|7790580104252|1|CH. TL7 VIOL. CHERRY 20X16X14G|1.00|unidad| |2300.00|2300.00|1|unidad||||
3|1|36|7790580317607|1|CH. TL7 XPLOS. MINT 20X16X14G|1.00|unidad| |2300.00|2300.00|1|unidad||||
3|1|36|8445290701961|1|Choc Bananita Dolca 30 grs|1.00|unidad| |2400.00|2400.00|1|unidad||||
3|1|36|8445290701596|1|Choc. Bananita Dolca 14grs|1.00|unidad| |1400.00|1400.00|1|unidad||||
3|1|36|7622202328947|1|Choc. Milka 55g Leche NVO|1.00|unidad| |6400.00|6400.00|1|unidad||||
3|1|36|7790070418296|1|Chocoarroz Blanco est. 22g|1.00|unidad| |2000.00|2000.00|1|unidad||||
3|1|36|7790070418203|1|Chocoarroz DL 22 gr|1.00|unidad| |2000.00|2000.00|1|unidad||||
3|1|36|7790580103521|1|CHOCOLATE LECHE CON CONFITES COFLER X 55 G|1.00|unidad| |6200.00|6200.00|1|unidad||||
3|1|36|7798304840851|1|CHOMPAlmedC/SsaDDL6x180g|1.00|unidad| |10700.00|10700.00|1|unidad||||
3|1|36|7798130953640|1|CHUPETIN COCO POP X 17 G|1.00|unidad| |3600.00|3600.00|1|unidad||||
3|1|36|7798130954777|1|CHUPETIN EMOTI POP 11GR|1.00|unidad| |3600.00|3600.00|1|unidad||||
3|1|36|0000000023604|0|CIRCULAR MEMBRILLO X UN|1.00|unidad| |1700.00|1700.00|1|unidad||||
3|1|36|7798085680516|1|CITRIC JUGO NARANJA MANGO TETRA X 500CC|1.00|unidad| |3850.00|3850.00|1|unidad||||
3|1|36|7798085681834|1|CITRIC JUGO NARANJA TETRA X 1L|1.00|unidad| |5750.00|5750.00|1|unidad||||
3|1|36|7798085681445|1|CITRIC JUGO NARANJA TETRA X 250CC|1.00|unidad| |2200.00|2200.00|1|unidad||||
3|1|36|7798085681452|1|CITRIC JUGO NARANJA TETRA X 500CC|1.00|unidad| |3850.00|3850.00|1|unidad||||
3|1|36|7798085680295|1|CITRIC JUGO NARANJA/ DURAZNO TETRA X 500CC|1.00|unidad| |3850.00|3850.00|1|unidad||||
3|1|36|7790895000997|1|COCA-COLA X 2.25L|1.00|unidad| |8950.00|8950.00|1|unidad||||
3|1|36|7790040659605|1|COFLER BLOCK ALFAJOR CHOCOLATE X 60 G|1.00|unidad| |3100.00|3100.00|1|unidad||||
3|1|36|0000000018365|0|COFLER BLOCK CHOCOLATE C/LECHE Y MANI TAB.X 110GR|1.00|unidad| |8300.00|8300.00|1|unidad||||
3|1|36|0000000015301|0|COFLER BLOCK CHOCOLATE C/LECHE Y MANI TAB.X 38GR|1.00|unidad| |3400.00|3400.00|1|unidad||||
3|1|36|7790580105013|1|COFLER BLOCK CHOCOLATE X 170G|1.00|unidad| |14000.00|14000.00|1|unidad||||
3|1|36|7790580115579|1|COFLER BLOCK CHOCOLATE X 1KG|1.00|unidad| |66200.00|66200.00|1|unidad||||
3|1|36|7790580103385|1|COFLER CHOCOLATE AIREADO BCO/LECHE X 27 GR.|1.00|unidad| |3600.00|3600.00|1|unidad||||
3|1|36|7790580103378|1|COFLER CHOCOLATE AIREADO BLANCO X 27 GR.|1.00|unidad| |3600.00|3600.00|1|unidad||||
3|1|36|7790580115869|1|COFLER CHOCOLATE AIREADO BON O BON X 67G|1.00|unidad| |7000.00|7000.00|1|unidad||||
3|1|36|7790580103361|1|COFLER CHOCOLATE AIREADO LECHE X 27 GR.|1.00|unidad| |3600.00|3600.00|1|unidad||||
3|1|36|7790580043407|1|COFLER CHOCOLATE AIREADO LECHE X 55G|1.00|unidad| |7100.00|7100.00|1|unidad||||
3|1|36|7790580003531|1|COFLER CHOCOLATE BCO&COOK X 55G|1.00|unidad| |6200.00|6200.00|1|unidad||||
3|1|36|7790580043506|1|COFLER CHOCOLATE LECHE CON ALMENDRAS X 55G|1.00|unidad| |6200.00|6200.00|1|unidad||||
3|1|36|0000000024109|0|CRIOLLITO X UN|1.00|unidad| |1700.00|1700.00|1|unidad||||
3|1|36|0000000023957|0|CROISSANT J Y Q|1.00|unidad| |6400.00|6400.00|1|unidad||||
3|1|36|7798024760798|1|CROQUE MONSIEUR J Y Q BLANCO X UN|1.00|unidad| |10100.00|10100.00|1|unidad||||
3|1|36|7798024760804|1|CROQUE MONSIEUR J Y Q NEGRO X UN|1.00|unidad| |10100.00|10100.00|1|unidad||||
3|1|36|0000000020568|0|CUADRADO DE PASTA FROLA|1.00|unidad| |5300.00|5300.00|1|unidad||||
3|1|36|0000000023543|0|DELIVERY MEDIALUNAS X 6 UNIDADES|1.00|unidad| |205.00|205.00|1|unidad||||
3|1|36|7795735000106|1|DON SATUR TALITAS X 140GR|1.00|unidad| |2800.00|2800.00|1|unidad||||
3|1|36|7790206007509|1|DOS CORAZONES BOCADITO CHOC.C/LECHE RELL. X 26GR|1.00|unidad| |2200.00|2200.00|1|unidad||||
3|1|36|7792799000035|1|ECO DE LOS ANDES AGUA CON GAS PET X 500CC.|1.00|unidad| |3300.00|3300.00|1|unidad||||
3|1|36|7798128000486|1|EL CACHAFAZ ALFAJOR BLANCO FLOWPACK X 60 GR|1.00|unidad| |3300.00|3300.00|1|unidad||||
3|1|36|7798128000462|1|EL CACHAFAZ ALFAJOR CHOCOLATE FLOWPACK X 60 GR|1.00|unidad| |3200.00|3200.00|1|unidad||||
3|1|36|7798128001940|1|EL CACHAFAZ ALFAJOR DE MAICENA X 76G|1.00|unidad| |3300.00|3300.00|1|unidad||||
3|1|36|7798128001797|1|EL CACHAFAZ CONITO DULCE DE LECHE X 38G|1.00|unidad| |2700.00|2700.00|1|unidad||||
3|1|36|7798024760569|1|ENSALADA CESAR  PREMIUM X UN|1.00|unidad| |14300.00|14300.00|1|unidad||||
3|1|36|7798024760392|1|ENSALADA CHEF PREMIUM X UN|1.00|unidad| |14300.00|14300.00|1|unidad||||
3|1|36|7798024766417|1|ENSALADA MIX VEG.C/PECHUGUITAS AL SESAMO X UN|1.00|unidad| |14300.00|14300.00|1|unidad||||
3|1|36|7613035242524|1|EPA DDL MAX 88GR|1.00|unidad| |6800.00|6800.00|1|unidad||||
3|1|36|7613035242500|1|EPA ROCKER X 88G|1.00|unidad| |6800.00|6800.00|1|unidad||||
3|1|36|7898024390121|1|FERRERO ROCHER BOMBON CHOC.RELL.PAQ.3 UNID X 37.5G|1.00|unidad| |5600.00|5600.00|1|unidad||||
3|1|36|7798024760255|1|FIGAZZITAS DE SALAME Y QUESO X 2 UN|1.00|unidad| |9100.00|9100.00|1|unidad||||
3|1|36|7798147780062|1|Franui sabor Black 150gr|1.00|unidad| |8500.00|8500.00|1|unidad||||
3|1|36|7798147783223|1|Franui sabor Leche 150gr|1.00|unidad| |8500.00|8500.00|1|unidad||||
3|1|36|7790070431936|1|Gallo YoguBar 20gr|1.00|unidad| |1800.00|1800.00|1|unidad||||
3|1|36|0067061111111|1|GATORADE COOL BLUE PET X 500CC|1.00|unidad| |4300.00|4300.00|1|unidad||||
3|1|36|0071971211111|1|GATORADE FRUTOS TROPICALES PET X 750CC|1.00|unidad| |5200.00|5200.00|1|unidad||||
3|1|36|0066011111111|1|GATORADE MANZANA PET X 500CC|1.00|unidad| |4300.00|4300.00|1|unidad||||
3|1|36|0042831111111|1|GATORADE MANZANA PET X 750CC|1.00|unidad| |5100.00|5100.00|1|unidad||||
3|1|36|0006602111111|1|GATORADE NARANJA PET X 500CC|1.00|unidad| |4300.00|4300.00|1|unidad||||
3|1|36|7798024766103|1|GRANDWICH PANINI GRIGLIATTI JAM/QUE/TOM/HUE X 210G|1.00|unidad| |7350.00|7350.00|1|unidad||||
3|1|36|0000000023445|0|HALLS FREE MENTA X 28 G|1.00|unidad| |1500.00|1500.00|1|unidad||||
3|1|36|7791249450277|1|HALLS MENTA LYPTUS CARAMELOS DUROS PAQ.X 28G|1.00|unidad| |1300.00|1300.00|1|unidad||||
3|1|36|0000000023603|0|ICEDREAM CIRCULAR PASTELERA X UN|1.00|unidad| |1700.00|1700.00|1|unidad||||
3|1|36|0028411111111|1|JORGITO ALFAJOR BLANCO X 50G|1.00|unidad| |1800.00|1800.00|1|unidad||||
3|1|36|0011111112842|1|JORGITO ALFAJOR CHOCOLATE X 55G|1.00|unidad| |1800.00|1800.00|1|unidad||||
3|1|36|7790957000545|1|JORGITO MINI ALFAJOR CHOCOLATE PAQ.X 6 UNID.|1.00|unidad| |4900.00|4900.00|1|unidad||||
3|1|36|7790957000538|1|JORGITO MINI ALFAJOR GLACEADO PAQ.X 6 UNID.X 155GR|1.00|unidad| |4900.00|4900.00|1|unidad||||
3|1|36|0000080052760|1|KINDER BUENO OBLEA CHOCOLATE CON LECHE X 43G|1.00|unidad| |4900.00|4900.00|1|unidad||||
3|1|36|0000077949677|1|KINDER CHOCOLATE X 50G|1.00|unidad| |5700.00|5700.00|1|unidad||||
3|1|36|7891000379073|1|KIT KAT DARK OBLEA BAÑADA CHOCOLATE X 41.5G|1.00|unidad| |3000.00|3000.00|1|unidad||||
3|1|36|7891000379028|1|KIT KAT OBLEA BAÑADA CHOCOLATE BLANCO X 41.5G|1.00|unidad| |3000.00|3000.00|1|unidad||||
3|1|36|7791337007260|1|Leche chocolatada Cindor 200ml|1.00|unidad| |3800.00|3800.00|1|unidad||||
3|1|36|7791337007253|1|Leche chocolatada Cindor x 1L|1.00|unidad| |11500.00|11500.00|1|unidad||||
3|1|36|7798368470391|1|LUCCIANO´S CHANTILLY X 100GR (02)|1.00|unidad| |7400.00|7400.00|1|unidad||||
3|1|36|7798368470384|1|LUCCIANO´S CHOCOLATE C/CROCANTE X 100GR (01)|1.00|unidad| |7400.00|7400.00|1|unidad||||
3|1|36|7798368470421|1|LUCCIANO´S CHOCOLATE X 90GR (05)|1.00|unidad| |7400.00|7400.00|1|unidad||||
3|1|36|7798368470438|1|LUCCIANO´S DDL C/ CROCANTE X 90GR (06)|1.00|unidad| |7400.00|7400.00|1|unidad||||
3|1|36|0000000024240|0|LUCCIANO´S DDL X 90GR (03)|1.00|unidad| |6000.00|6000.00|1|unidad||||
3|1|36|7798368470476|1|LUCCIANO´S MINION ICE POP X 100GR (10)|1.00|unidad| |7900.00|7900.00|1|unidad||||
3|1|36|7798368470469|1|LUCCIANO´S OLI KING X 90GR (09)|1.00|unidad| |7800.00|7800.00|1|unidad||||
3|1|36|7798368470735|1|LUCCIANO´S PISTACCHIO X 95GR (08)|1.00|unidad| |7800.00|7800.00|1|unidad||||
3|1|36|7798368470414|1|LUCCIANO´S SORBETE PATAGONIA X 90GR (04)|1.00|unidad| |7400.00|7400.00|1|unidad||||
3|1|36|7613034797469|1|LUXOR BOMBON HELADO 53G|1.00|unidad| |3100.00|3100.00|1|unidad||||
3|1|36|7797453001441|1|M&M Chocolate 48 Grs|1.00|unidad| |5000.00|5000.00|1|unidad||||
3|1|36|7797453001458|1|M&M MANI PAQ. X 49 GR|1.00|unidad| |5000.00|5000.00|1|unidad||||
3|1|36|7790387015324|1|MAÑANITA YERBA 4FLEX X 500 GR|1.00|unidad| |4600.00|4600.00|1|unidad||||
3|1|36|7790206006106|1|MARROC BOCADITO X 14 GR.|1.00|unidad| |1250.00|1250.00|1|unidad||||
3|1|36|7798024760125|1|MAX PREMIUM JyQ-TOM-HUE- PAN NGO X UN|1.00|unidad| |10600.00|10600.00|1|unidad||||
3|1|36|7798024766172|1|MAX PREMIUM POLLO-RU-PAR-PAN NGO X UN|1.00|unidad| |10600.00|10600.00|1|unidad||||
3|1|36|7798024760552|1|MAX TRIANGULO LIGHT POLLO-LEC-PAN NGO X UN|1.00|unidad| |10600.00|10600.00|1|unidad||||
3|1|36|0000000023602|0|MEDIALUNA DE GRASA X UN|1.00|unidad| |1700.00|1700.00|1|unidad||||
3|1|36|0000000023601|0|MEDIALUNA DE MANTECA X UN|1.00|unidad| |1700.00|1700.00|1|unidad||||
3|1|36|7891000120057|1|MEGA AMERICANA CON ALMENDRAS X 74g|1.00|unidad| |7600.00|7600.00|1|unidad||||
3|1|36|0000000020546|0|MENTHO-PLUS ACIDOS CEREZA X 27.2G|1.00|unidad| |1900.00|1900.00|1|unidad||||
3|1|36|0000000020540|0|MENTHO-PLUS ACIDOS NARANJA X 27.2G|1.00|unidad| |1900.00|1900.00|1|unidad||||
3|1|36|0000000021660|0|MENTHO-PLUS CARAMELOS INHALANTES DE CEREZA X 29.4G|1.00|unidad| |1000.00|1000.00|1|unidad||||
3|1|36|0000000021663|0|MENTHO-PLUS CARAMELOS INHALANTES MIEL X 29.4G|1.00|unidad| |1000.00|1000.00|1|unidad||||
3|1|36|0000000021661|0|MENTHO-PLUS CARAMELOS INHALANTES STRONG X 29.4G|1.00|unidad| |1000.00|1000.00|1|unidad||||
3|1|36|0000000017476|0|MENTHO-PLUS CARAMELOS SIN AZUCAR CHERRY X 27.3G|1.00|unidad| |1900.00|1900.00|1|unidad||||
3|1|36|0000000017474|0|MENTHO-PLUS CARAMELOS SIN AZUCAR MENTOL X 27.3G|1.00|unidad| |1900.00|1900.00|1|unidad||||
3|1|36|0000000021664|0|MENTHOPLUS MENTA X 29.4G|1.00|unidad| |1000.00|1000.00|1|unidad||||
3|1|36|0000000021662|0|MENTHOPLUS MENTOL X 29.4G|1.00|unidad| |1000.00|1000.00|1|unidad||||
3|1|36|0000000021044|0|MENTHOPLUS ZERO CARAMELOS DURAZNO X 26.6G|1.00|unidad| |1900.00|1900.00|1|unidad||||
3|1|36|0000000021047|0|MENTHOPLUS ZERO CARAMELOS STRONG X 26.6G|1.00|unidad| |1900.00|1900.00|1|unidad||||
3|1|36|7895144699851|1|MENTOS CARAMELOS MASTICABLES SAB.FRUTA X 29.7GR|1.00|unidad| |1300.00|1300.00|1|unidad||||
3|1|36|7895144699844|1|MENTOS CARAMELOS MASTICABLES SAB.MENTA X 29.7GR|1.00|unidad| |1300.00|1300.00|1|unidad||||
3|1|36|0000000021770|0|MERMELADAS X UNIDAD|1.00|unidad| |50.00|50.00|1|unidad||||
3|1|36|0000077903785|1|MILKA ALFAJOR MOUSSE TRIPLE X 55 GR.|1.00|unidad| |3000.00|3000.00|1|unidad||||
3|1|36|7622300457303|1|MILKA ALFAJOR TRIPLE BLANCO X 55G|1.00|unidad| |3000.00|3000.00|1|unidad||||
3|1|36|7622300844967|1|MILKA CHOCOLATE BLANCO CON DULCE DE LECHE X 67.5G|1.00|unidad| |7200.00|7200.00|1|unidad||||
3|1|36|7622300844943|1|MILKA CHOCOLATE C DULCE DE LECHE X 67.5G|1.00|unidad| |7400.00|7400.00|1|unidad||||
3|1|36|0000000021565|0|MILKA CHOCOLATE C/LECHE ALMENDRAS|1.00|unidad| |3510.00|3510.00|1|unidad||||
3|1|36|7622300990114|1|MILKA CHOCOLATE CON LECHE X 150G|1.00|unidad| |14100.00|14100.00|1|unidad||||
3|1|36|7622201818937|1|MILKA LEGER CHOCOLATE LECHE TABLETA X 50G|1.00|unidad| |6100.00|6100.00|1|unidad||||
3|1|36|7790580116958|1|MOGUL CARAMELO DE GOMA DINOS X 30G|1.00|unidad| |850.00|850.00|1|unidad||||
3|1|36|7790580129507|1|MOGUL CARAMELOS DE GOMA ACIDOS BOLSA X 60G|1.00|unidad| |1400.00|1400.00|1|unidad||||
3|1|36|7790580169312|1|MOGUL CARAMELOS DE GOMA CEREBRITOS X 30G|1.00|unidad| |1200.00|1200.00|1|unidad||||
3|1|36|7790580116460|1|MOGUL CARAMELOS DE GOMA EXTREME ACIDO ROLLO X 35G|1.00|unidad| |1200.00|1200.00|1|unidad||||
3|1|36|7790580603809|1|MOGUL CARAMELOS DE GOMA FRUTALES ROLLO X 35G|1.00|unidad| |1200.00|1200.00|1|unidad||||
3|1|36|7790580199913|1|MOGUL CARAMELOS DE GOMA OSITOS X 30 GR|1.00|unidad| |1200.00|1200.00|1|unidad||||
3|1|36|7790580200114|1|MOGUL CARAMELOS DE GOMA TIBURON X 30G|1.00|unidad| |1200.00|1200.00|1|unidad||||
3|1|36|7798422620014|1|MONSTER ENERGY GREEN X 473CC|1.00|unidad| |5500.00|5500.00|1|unidad||||
3|1|36|7798422620045|1|MONSTER MANGO LOCO 473|1.00|unidad| |5500.00|5500.00|1|unidad||||
3|1|36|7798422620021|1|MONSTER ULTRA x 473 CC|1.00|unidad| |5500.00|5500.00|1|unidad||||
3|1|36|1111111111142|1|MUFFIN CHIPS CHOC X UN|1.00|unidad| |4300.00|4300.00|1|unidad||||
3|1|36|1111111111145|1|MUFFIN VAINILLA C/DDL X UN|1.00|unidad| |4300.00|4300.00|1|unidad||||
3|1|36|7798304841261|1|NESQUIK NUTRIACTIV B HEL.CHOCOLATE CON CALCIN-N|1.00|unidad| |1900.00|1900.00|1|unidad||||
3|1|36|7622210723468|1|OREO GALLETITAS BAÑADAS CHOCOLATE x17gr|1.00|unidad| |200.00|200.00|1|unidad||||
3|1|36|7899975800523|1|Oreo Palito AR 20 x 65g|1.00|unidad| |6800.00|6800.00|1|unidad||||
3|1|36|7899975800509|1|OREO SANDWICH AR 81GR|1.00|unidad| |6800.00|6800.00|1|unidad||||
3|1|36|7798304841124|1|OREO TACITA X 95G|1.00|unidad| |6800.00|6800.00|1|unidad||||
3|1|36|0000000024088|0|PAN DE CHOCOLATE X UN|1.00|unidad| |4300.00|4300.00|1|unidad||||
3|1|36|7798024766110|1|PANINI GRIGLIATTI DE PECETO X 210G|1.00|unidad| |7350.00|7350.00|1|unidad||||
3|1|36|7791007000764|1|PAÑUELOS DESCARTABLES CAJA X 75 UNID|1.00|unidad| |3600.00|3600.00|1|unidad||||
3|1|36|7791070003482|1|PAÑUELOS DESCARTABLES X UNID|1.00|unidad| |700.00|700.00|1|unidad||||
3|1|36|7798024760781|1|PEBETE PECHUGA CRISPY X UN|1.00|unidad| |10200.00|10200.00|1|unidad||||
3|1|36|7798024760361|1|PECHUGA GRILLE C/VEGETAL DEL HUERTO X UN|1.00|unidad| |12700.00|12700.00|1|unidad||||
3|1|36|0000077915481|1|PEPITOS ALFAJOR TRIPLE DE CHOCOLATE X 57GR|1.00|unidad| |3000.00|3000.00|1|unidad||||
3|1|36|7791813828365|1|PEPSI BLACK PET X 500CC|1.00|unidad| |3450.00|3450.00|1|unidad||||
3|1|36|1111111111200|1|PICO DULCE CHUPETIN X 14 GR.|1.00|unidad| |500.00|500.00|1|unidad||||
3|1|36|7790895641183|1|POWERADE FRUTAS TROPICALES PET X 500CC|1.00|unidad| |3500.00|3500.00|1|unidad||||
3|1|36|7790895640018|1|POWERADE MANZANA PET X 500CC|1.00|unidad| |3500.00|3500.00|1|unidad||||
3|1|36|7790895640025|1|POWERADE MOUNTAIN BLAST PET X 500CC|1.00|unidad| |3500.00|3500.00|1|unidad||||
3|1|36|7791519200021|1|PRIME PRESERVATIVO ANATOMICO CAJA X 3 UNID.|1.00|unidad| |6300.00|6300.00|1|unidad||||
3|1|36|7791519200076|1|PRIME PRESERVATIVO ESPERMICIDA CAJA X 3 UNID.|1.00|unidad| |6300.00|6300.00|1|unidad||||
3|1|36|7791519000676|1|PRIME PRESERVATIVO EXTRA LUBRICADO CAJA X 3 UNID.|1.00|unidad| |6300.00|6300.00|1|unidad||||
3|1|36|7791519200045|1|PRIME PRESERVATIVO SUPERFINO CAJA X 3 UNID.|1.00|unidad| |6300.00|6300.00|1|unidad||||
3|1|36|7791519200090|1|PRIME PRESERVATIVO TACHAS CAJA X 3 UNID.|1.00|unidad| |6300.00|6300.00|1|unidad||||
3|1|36|7791519200069|1|PRIME PRESERVATIVO TEXTURADO CAJA X 3 UNID.|1.00|unidad| |6300.00|6300.00|1|unidad||||
3|1|36|7790742167101|1|Queso Finlandia Chef Cheddar 150gr PAQUETE INSUMO|1.00|unidad| |685.00|685.00|1|unidad||||
3|1|36|0045011111111|1|RED BULL ENERGY DRINK LATA X 250 CC|1.00|unidad| |5500.00|5500.00|1|unidad||||
3|1|36|0000090435225|1|RED BULL ENERGY DRINK LATA X 355 CC|1.00|unidad| |6900.00|6900.00|1|unidad||||
3|1|36|9002490232054|1|RED BULL ENERGY DRINK SUGAR FREE LATA X 250CC|1.00|unidad| |5500.00|5500.00|1|unidad||||
3|1|36|7790580327415|1|ROCKLETS CONFITES DE CHOCOLATE PAQ. X 40 GR|1.00|unidad| |3100.00|3100.00|1|unidad||||
3|1|36|7790580327613|1|ROCKLETS NARANJA MANI C/CHOCOLATE CONFITADO X 40G|1.00|unidad| |3100.00|3100.00|1|unidad||||
3|1|36|7798024760507|1|ROLL CHICKEN CAESAR X 210GR|1.00|unidad| |10600.00|10600.00|1|unidad||||
3|1|36|0000000023605|0|SACRAMENTO MEMBRILLO X UN|1.00|unidad| |1700.00|1700.00|1|unidad||||
3|1|36|7790580716806|1|SALADIX GALLETITAS SAB. CALABRESA CAJA X 100G|1.00|unidad| |3200.00|3200.00|1|unidad||||
3|1|36|7790580716707|1|SALADIX GALLETITAS SAB. JAMON CAJA X 100G|1.00|unidad| |3200.00|3200.00|1|unidad||||
3|1|36|7790580697303|1|SALADIX GALLETITAS SAB. PIZZA CAJA X 100G|1.00|unidad| |3200.00|3200.00|1|unidad||||
3|1|36|7790040374607|1|SALADIX GALLETITAS SAB.DUO CAJA X 80G|1.00|unidad| |3200.00|3200.00|1|unidad||||
3|1|36|7790040123434|1|SALADIX GALLETITAS SAB.KESITOS X80G|1.00|unidad| |2700.00|2700.00|1|unidad||||
3|1|36|0000077956699|1|SHOT ALFAJOR TRISHOT TRIPLE X 60G|1.00|unidad| |3000.00|3000.00|1|unidad||||
3|1|36|7622300424084|1|SHOT CHOCOLATE CON LECHE Y MANI TABLETA X 170 GR|1.00|unidad| |12500.00|12500.00|1|unidad||||
3|1|36|0000077914217|1|SHOT CHOCOLATE LECHE CON MANI TABLETA X 35G|1.00|unidad| |3000.00|3000.00|1|unidad||||
3|1|36|7798304841803|1|SIN PARAR CHOCOLATE DULCE DE LECHE X 90G|1.00|unidad| |3000.00|3000.00|1|unidad||||
3|1|36|7798304841797|1|SIN PARAR DULCE DE LECHE Y AMERICANA X 90G|1.00|unidad| |3000.00|3000.00|1|unidad||||
3|1|36|7798304841780|1|SIN PARAR FRUTILLA CREMA X 90G|1.00|unidad| |3000.00|3000.00|1|unidad||||
3|1|36|0022000018465|1|SKITTLES CONFITES ORIGINAL FRUIT PAQ.X 61.5GR|1.00|unidad| |4700.00|4700.00|1|unidad||||
3|1|36|0022000018489|1|SKITTLES CONFITES WILDBERRY PAQ.X 61.5GR|1.00|unidad| |4700.00|4700.00|1|unidad||||
3|1|36|7790895646027|1|SMART WATER C/G 591 ML|1.00|unidad| |3500.00|3500.00|1|unidad||||
3|1|36|7790895645778|1|SMART WATER S/G 591 ML|1.00|unidad| |3500.00|3500.00|1|unidad||||
3|1|36|7506174512248|1|SNICKERS BARRA RELL.MANI CUB.C/CHOCOLATE X 48 GR|1.00|unidad| |4700.00|4700.00|1|unidad||||
3|1|36|0522111111111|1|SPEED UNLIMITED LATA X 250CC|1.00|unidad| |4200.00|4200.00|1|unidad||||
3|1|36|0040000000518|1|STARBURST CARAMELO MASTICABLE SURTIDO PAQ.X 58.7G|1.00|unidad| |5100.00|5100.00|1|unidad||||
3|1|36|7790580060206|1|SUGUS CARAMELO MASTICABLE SUELTO X 3.3 GR|1.00|unidad| |50.00|50.00|1|unidad||||
3|1|36|7790580056001|1|SUGUS CONFITADOS CONFITES DE CARAMELO SURT.X 50 G|1.00|unidad| |2000.00|2000.00|1|unidad||||
3|1|36|7790387000849|1|TARAGUI MATE COCIDO X 25 UNID S ENS|1.00|unidad| |135.00|135.00|1|unidad||||
3|1|36|0029601111111|1|TARAGUI MATE LISTO X 35 GR.|1.00|unidad| |4000.00|4000.00|1|unidad||||
3|1|36|0029621111111|1|TARAGUI TERMO MATE-LISTO CAPACIDAD 500 CC.|1.00|unidad| |5900.00|5900.00|1|unidad||||
3|1|36|7790387013627|1|TARAGUI YERBA 4FLEX X 500 GR.|1.00|unidad| |4600.00|4600.00|1|unidad||||
3|1|36|0000077939234|1|TERRABUSI ALFAJOR CHOCOLATE X 50 GR|1.00|unidad| |2000.00|2000.00|1|unidad||||
3|1|36|0000077903792|1|TERRABUSI ALFAJOR TRIPLE CHOCOLATE X 70G.|1.00|unidad| |3000.00|3000.00|1|unidad||||
3|1|36|0000077903860|1|TERRABUSI ALFAJOR TRIPLE TIPO TORTA CHOCOLAT.X 70G|1.00|unidad| |3000.00|3000.00|1|unidad||||
3|1|36|7622300335052|1|TERRABUSI SNACKY X 60GR|1.00|unidad| |4600.00|4600.00|1|unidad||||
3|1|36|7861002910314|1|TIC TAC PASTILLAS SABOR MENTA CAJA X 16 GR.|1.00|unidad| |1600.00|1600.00|1|unidad||||
3|1|36|7861002910321|1|TIC TAC PASTILLAS SABOR NARANJA CAJA X 16 GR.|1.00|unidad| |1600.00|1600.00|1|unidad||||
3|1|36|7790580746612|1|TOFI CHOCOLATE C/LECHE RELLENO D.LECHE X 55G|1.00|unidad| |400.00|400.00|1|unidad||||
3|1|36|7798024760354|1|TOP PBT DE JAMON COCIDO Y QUESO X UN|1.00|unidad| |9100.00|9100.00|1|unidad||||
3|1|36|0000000019823|0|TOPLINE 7 CHICLE S/AZUCAR ATM STRONG X 14G|1.00|unidad| |2300.00|2300.00|1|unidad||||
3|1|36|0000000018843|0|TOPLINE 7 CHICLE S/AZUCAR MANDARINA  CAJA X 14G|1.00|unidad| |2300.00|2300.00|1|unidad||||
3|1|36|7790580120573|1|TOPLINE 7 ULTRA CLEAN X 24G|1.00|unidad| |3600.00|3600.00|1|unidad||||
3|1|36|7790580120702|1|TOPLINE 7 ULTRA GREEN MINT X 24G|1.00|unidad| |3600.00|3600.00|1|unidad||||
3|1|36|7790580121013|1|TOPLINE 7 ULTRA RED BERRY X 24G|1.00|unidad| |3600.00|3600.00|1|unidad||||
3|1|36|7798304841421|1|TORPEDO FRUTILLA|1.00|unidad| |2100.00|2100.00|1|unidad||||
3|1|36|7798304841414|1|TORPEDO LIMON|1.00|unidad| |2100.00|2100.00|1|unidad||||
3|1|36|7798024760460|1|TRIPLE MIGA BLANCO J.COCIDO Y QUESO X 3 UN|1.00|unidad| |9600.00|9600.00|1|unidad||||
3|1|36|7798024760477|1|TRIPLE MIGA NEGRO J.COCIDO Y QUESO X 3 UN|1.00|unidad| |9600.00|9600.00|1|unidad||||
3|1|36|7622202839962|1|VARIEDAD GALLETITAS DULCES SURTIDAS X 390GR.|1.00|unidad|VARIEDAD|5800.00|5800.00|1|unidad||||
3|1|36|0016871111111|1|VASO REUTILIZABLE|1.00|unidad| |4500.00|4500.00|1|unidad||||
3|1|36|0000000004361|0|VAUQUITA TABLETA DE DULCE DE LECHE X 25 GR.|1.00|unidad| |180.00|180.00|1|unidad||||
3|1|36|7790315100184|1|VDS LEVITE CERO AGUA S/G MANZANA PET X 500cc|1.00|unidad| |3450.00|3450.00|1|unidad||||
3|1|36|0021352111111|1|VDS LEVITE CERO AGUA S/G NARANJA PET X 500cc|1.00|unidad| |3450.00|3450.00|1|unidad||||
3|1|36|0021347111111|1|VILLA DEL SUR LEVITE S/G MANZANA PET X 500cc|1.00|unidad| |3450.00|3450.00|1|unidad||||
3|1|36|7798062548655|1|VILLA DEL SUR LEVITE S/G NARANJA PET X 500cc|1.00|unidad| |3450.00|3450.00|1|unidad||||
3|1|36|0021349111111|1|VILLA DEL SUR LEVITE S/G PERA PET X 500cc|1.00|unidad| |3450.00|3450.00|1|unidad||||
3|1|36|7799155000982|1|VILLA DEL SUR LEVITE S/G POMELO PET X 500cc|1.00|unidad| |3450.00|3450.00|1|unidad||||
3|1|36|7799155000210|1|VILLAVICENCIO AGUA FINAMENTE GASIFICADA PET X 1.5L|1.00|unidad| |5300.00|5300.00|1|unidad||||
3|1|36|7799155000203|1|VILLAVICENCIO AGUA FINAMENTE GASIFICADA PET X 500C|1.00|unidad| |3650.00|3650.00|1|unidad||||
3|1|36|0022000293220|1|Wrigleys Doubl 12.5g|1.00|unidad| |2600.00|2600.00|1|unidad||||
3|1|36|0022000293305|1|Wrigleys Spear 12.5g|1.00|unidad| |2600.00|2600.00|1|unidad||||
3|1|36|7791337010826|1|Yogurisimo Botellita Frutilla x 190g|1.00|unidad| |5500.00|5500.00|1|unidad||||
3|1|36|7798187760246|1|ZAFRAN BARRA DE CEREAL ALM/COCO X 28G|1.00|unidad| |1900.00|1900.00|1|unidad||||
3|1|36|7798187760277|1|ZAFRAN BARRA DE CEREAL CAJU/ZAPALLO 28G|1.00|unidad| |1900.00|1900.00|1|unidad||||
3|1|36|7798187760253|1|ZAFRAN BARRA DE CEREAL MANI/CACAO 28G|1.00|unidad| |1900.00|1900.00|1|unidad||||
3|1|36|7798187760260|1|ZAFRAN BARRA DE CEREAL MZNA/CHIA 28G|1.00|unidad| |1900.00|1900.00|1|unidad||||
3|1|65|7791813434412|1|7UP FREE PET X 1.5L|1.00|unidad| |4700.00|4700.00|1|unidad||||
3|1|65|0000000023897|0|AFEITADORA BIC COMFORT  3|1.00|unidad| |820.00|820.00|1|unidad||||
3|1|65|7790580109882|1|AGUILA EXTRAFINO 60% CACAO X 150 GR|1.00|unidad| |15200.00|15200.00|1|unidad||||
3|1|65|7790040133594|1|AGUILA MINITORTA BROWNIE X 72G|1.00|unidad| |2800.00|2800.00|1|unidad||||
3|1|65|7790040298705|1|AGUILA MINITORTA DDLECHE/MOUSSE SAB.VAINILLA X 72G|1.00|unidad| |2800.00|2800.00|1|unidad||||
3|1|65|0000000023956|0|ALFAJOR CHOCOLATE|1.00|unidad| |2100.00|2100.00|1|unidad||||
3|1|65|0000000023280|0|ALFAJORES DE MAICENA|1.00|unidad| |2100.00|2100.00|1|unidad||||
3|1|65|7790580607418|1|ARCOR CHOCOLATE BLANCO TABLETA X 25 GR|1.00|unidad| |2200.00|2200.00|1|unidad||||
3|1|65|7790580607210|1|ARCOR CHOCOLATE CON LECHE TABLETA X 25GR|1.00|unidad| |2200.00|2200.00|1|unidad||||
3|1|65|0000000001339|0|ARCOR OBLEA RELLENA C/PASTA DE TURRON Y MANI X 25G|1.00|unidad| |700.00|700.00|1|unidad||||
3|1|65|7793360294600|1|BC JUGO MANZANA TETRA X 200CC|1.00|unidad| |1100.00|1100.00|1|unidad||||
3|1|65|7793360246609|1|BC JUGO NARANJA TETRA X 200CC.|1.00|unidad| |1100.00|1100.00|1|unidad||||
3|1|65|7790580154264|1|BEB MULTIFRUTA BC 24X200ML|1.00|unidad| |1100.00|1100.00|1|unidad||||
3|1|65|7792730020559|1|BIZNIKKE NEVADO CHOCOLATE TABLETA X 120 GR.|1.00|unidad| |8900.00|8900.00|1|unidad||||
3|1|65|7790580722708|1|BOMBON TOFI LECHE X 15G|1.00|unidad| |1800.00|1800.00|1|unidad||||
3|1|65|7790040613607|1|Bon O Bon Alfajor Chocolate Blanco x40 gr|1.00|unidad| |1800.00|1800.00|1|unidad||||
3|1|65|7790040613706|1|BON O BON ALFAJOR CHOCOLATE NEGRO/LECHE X 40G|1.00|unidad| |1800.00|1800.00|1|unidad||||
3|1|65|0000000021586|0|BON-O-BON BOMBON AGUILA X 15G|1.00|unidad| |1100.00|1100.00|1|unidad||||
3|1|65|7790580119058|1|BON-O-BON BOMBON CHOCOLATE BLANCO X 15G|1.00|unidad| |1100.00|1100.00|1|unidad||||
3|1|65|0000000021587|0|BON-O-BON BOMBON CHOCOLINA X 15G|1.00|unidad| |1100.00|1100.00|1|unidad||||
3|1|65|7792360072409|1|BONAFIDE BOCADITO DDL X 16G|1.00|unidad| |1600.00|1600.00|1|unidad||||
3|1|65|0000000021151|0|BROWNIE ARTESANAL|1.00|unidad| |5300.00|5300.00|1|unidad||||
3|1|65|0000000023273|0|BUDIN BANANA Y DDL|1.00|unidad| |4800.00|4800.00|1|unidad||||
3|1|65|0000000021701|0|BUDIN DE FRUTOS SECOS|1.00|unidad| |4800.00|4800.00|1|unidad||||
3|1|65|0000000021700|0|BUDIN DE LIMON Y ARANDANOS|1.00|unidad| |4800.00|4800.00|1|unidad||||
3|1|65|7790407022011|1|CABSHA BOCADITO X 10G|1.00|unidad| |1000.00|1000.00|1|unidad||||
3|1|65|7798128000271|1|CACHAFAZ ALFAJOR MOUSSE X 50G|1.00|unidad| |3200.00|3200.00|1|unidad||||
3|1|65|7622201818739|1|CADBURY CHOCOLATE C/LECHE TRES SUEÑOS X 82G|1.00|unidad| |7800.00|7800.00|1|unidad||||
3|1|65|7622201818654|1|CADBURY CHOCOLATE RELLENO YOGHURT FRUTILLA X 29G|1.00|unidad| |3300.00|3300.00|1|unidad||||
3|1|65|7622202271250|1|Caram. Halls 12u Strong Nvo|1.00|unidad| |1300.00|1300.00|1|unidad||||
3|1|65|7622202247286|1|Caram. Halls Cherry Nvo 28 Grs|1.00|unidad| |1300.00|1300.00|1|unidad||||
3|1|65|7790895649301|1|CEPITA 20% NARANJA 200ML|1.00|unidad| |2100.00|2100.00|1|unidad||||
3|1|65|7790895009853|1|CEPITA JUGO MANZANA BOTELLA X 1L|1.00|unidad| |5800.00|5800.00|1|unidad||||
3|1|65|7790895000720|1|CEPITA JUGO MANZANA TETRA X 200CC.|1.00|unidad| |2100.00|2100.00|1|unidad||||
3|1|65|7790895647017|1|CEPITA JUGO MANZANA ZINC TETRA X 1 LT.|1.00|unidad| |4200.00|4200.00|1|unidad||||
3|1|65|7790895000737|1|CEPITA JUGO MULTIFRUTA TETRA X 200CC|1.00|unidad| |2100.00|2100.00|1|unidad||||
3|1|65|7790895647123|1|CEPITA JUGO MULTIFRUTA ZINC TETRA X 1 LT.|1.00|unidad| |4200.00|4200.00|1|unidad||||
3|1|65|7790895648267|1|CEPITA NARANJA 20% 1L|1.00|unidad| |4200.00|4200.00|1|unidad||||
3|1|65|7790895009815|1|CEPITA NARANJA 995CC|1.00|unidad| |5800.00|5800.00|1|unidad||||
3|1|65|0000000022630|0|CEREAL MIX BARRA DE CEREAL C/FRUTILLA&YOGHURT X26G|1.00|unidad| |1700.00|1700.00|1|unidad||||
3|1|65|0000000001341|0|CEREAL MIX BARRA DE CEREAL X 23G|1.00|unidad| |1700.00|1700.00|1|unidad||||
3|1|65|0000000022631|0|CEREAL MIX BARRA DE CEREAL YOGH/FRUTIL.L.X26g|1.00|unidad| |1700.00|1700.00|1|unidad||||
3|1|65|7790580123345|1|CH. TL7 MENTHOL 20X16X14G|1.00|unidad| |1900.00|1900.00|1|unidad||||
3|1|65|0000000019822|0|CH. TL7 VIBR. STRAW. 20X16X14G|1.00|unidad| |1900.00|1900.00|1|unidad||||
3|1|65|7790580104252|1|CH. TL7 VIOL. CHERRY 20X16X14G|1.00|unidad| |1900.00|1900.00|1|unidad||||
3|1|65|7790580317607|1|CH. TL7 XPLOS. MINT 20X16X14G|1.00|unidad| |1900.00|1900.00|1|unidad||||
3|1|65|8445290701961|1|Choc Bananita Dolca 30 grs|1.00|unidad| |2200.00|2200.00|1|unidad||||
3|1|65|8445290701596|1|Choc. Bananita Dolca 14grs|1.00|unidad| |1200.00|1200.00|1|unidad||||
3|1|65|7622202328947|1|Choc. Milka 55g Leche NVO|1.00|unidad| |6100.00|6100.00|1|unidad||||
3|1|65|7790070418296|1|Chocoarroz Blanco est. 22g|1.00|unidad| |1800.00|1800.00|1|unidad||||
3|1|65|7790070418203|1|Chocoarroz DL 22 gr|1.00|unidad| |1800.00|1800.00|1|unidad||||
3|1|65|7790580103521|1|CHOCOLATE LECHE CON CONFITES COFLER X 55 G|1.00|unidad| |5800.00|5800.00|1|unidad||||
3|1|65|7798304840851|1|CHOMPAlmedC/SsaDDL6x180g|1.00|unidad| |10200.00|10200.00|1|unidad||||
3|1|65|7798130953640|1|CHUPETIN COCO POP X 17 G|1.00|unidad| |3500.00|3500.00|1|unidad||||
3|1|65|7798130954777|1|CHUPETIN EMOTI POP 11GR|1.00|unidad| |3500.00|3500.00|1|unidad||||
3|1|65|0000000023604|0|CIRCULAR MEMBRILLO X UN|1.00|unidad| |1500.00|1500.00|1|unidad||||
3|1|65|7798085680516|1|CITRIC JUGO NARANJA MANGO TETRA X 500CC|1.00|unidad| |3700.00|3700.00|1|unidad||||
3|1|65|7798085681834|1|CITRIC JUGO NARANJA TETRA X 1L|1.00|unidad| |5500.00|5500.00|1|unidad||||
3|1|65|7798085681445|1|CITRIC JUGO NARANJA TETRA X 250CC|1.00|unidad| |2100.00|2100.00|1|unidad||||
3|1|65|7798085681452|1|CITRIC JUGO NARANJA TETRA X 500CC|1.00|unidad| |3700.00|3700.00|1|unidad||||
3|1|65|7798085680295|1|CITRIC JUGO NARANJA/ DURAZNO TETRA X 500CC|1.00|unidad| |3700.00|3700.00|1|unidad||||
3|1|65|7790895000997|1|COCA-COLA X 2.25L|1.00|unidad| |8500.00|8500.00|1|unidad||||
3|1|65|7790040659605|1|COFLER BLOCK ALFAJOR CHOCOLATE X 60 G|1.00|unidad| |2800.00|2800.00|1|unidad||||
3|1|65|0000000018365|0|COFLER BLOCK CHOCOLATE C/LECHE Y MANI TAB.X 110GR|1.00|unidad| |7800.00|7800.00|1|unidad||||
3|1|65|0000000015301|0|COFLER BLOCK CHOCOLATE C/LECHE Y MANI TAB.X 38GR|1.00|unidad| |3100.00|3100.00|1|unidad||||
3|1|65|7790580105013|1|COFLER BLOCK CHOCOLATE X 170G|1.00|unidad| |13200.00|13200.00|1|unidad||||
3|1|65|7790580115579|1|COFLER BLOCK CHOCOLATE X 1KG|1.00|unidad| |62900.00|62900.00|1|unidad||||
3|1|65|7790580103385|1|COFLER CHOCOLATE AIREADO BCO/LECHE X 27 GR.|1.00|unidad| |3300.00|3300.00|1|unidad||||
3|1|65|7790580103378|1|COFLER CHOCOLATE AIREADO BLANCO X 27 GR.|1.00|unidad| |3300.00|3300.00|1|unidad||||
3|1|65|7790580115869|1|COFLER CHOCOLATE AIREADO BON O BON X 67G|1.00|unidad| |6500.00|6500.00|1|unidad||||
3|1|65|7790580103361|1|COFLER CHOCOLATE AIREADO LECHE X 27 GR.|1.00|unidad| |3300.00|3300.00|1|unidad||||
3|1|65|7790580043407|1|COFLER CHOCOLATE AIREADO LECHE X 55G|1.00|unidad| |6600.00|6600.00|1|unidad||||
3|1|65|7790580003531|1|COFLER CHOCOLATE BCO&COOK X 55G|1.00|unidad| |5800.00|5800.00|1|unidad||||
3|1|65|7790580043506|1|COFLER CHOCOLATE LECHE CON ALMENDRAS X 55G|1.00|unidad| |5800.00|5800.00|1|unidad||||
3|1|65|0000000024109|0|CRIOLLITO X UN|1.00|unidad| |1500.00|1500.00|1|unidad||||
3|1|65|0000000023957|0|CROISSANT J Y Q|1.00|unidad| |5800.00|5800.00|1|unidad||||
3|1|65|7798024760798|1|CROQUE MONSIEUR J Y Q BLANCO X UN|1.00|unidad| |9100.00|9100.00|1|unidad||||
3|1|65|7798024760804|1|CROQUE MONSIEUR J Y Q NEGRO X UN|1.00|unidad| |9100.00|9100.00|1|unidad||||
3|1|65|0000000020568|0|CUADRADO DE PASTA FROLA|1.00|unidad| |4800.00|4800.00|1|unidad||||
3|1|65|0000000023543|0|DELIVERY MEDIALUNAS X 6 UNIDADES|1.00|unidad| |205.00|205.00|1|unidad||||
3|1|65|7795735000106|1|DON SATUR TALITAS X 140GR|1.00|unidad| |2200.00|2200.00|1|unidad||||
3|1|65|7790206007509|1|DOS CORAZONES BOCADITO CHOC.C/LECHE RELL. X 26GR|1.00|unidad| |2100.00|2100.00|1|unidad||||
3|1|65|7792799000035|1|ECO DE LOS ANDES AGUA CON GAS PET X 500CC.|1.00|unidad| |3000.00|3000.00|1|unidad||||
3|1|65|7798128000486|1|EL CACHAFAZ ALFAJOR BLANCO FLOWPACK X 60 GR|1.00|unidad| |3100.00|3100.00|1|unidad||||
3|1|65|7798128000462|1|EL CACHAFAZ ALFAJOR CHOCOLATE FLOWPACK X 60 GR|1.00|unidad| |3000.00|3000.00|1|unidad||||
3|1|65|7798128001940|1|EL CACHAFAZ ALFAJOR DE MAICENA X 76G|1.00|unidad| |3100.00|3100.00|1|unidad||||
3|1|65|7798128001797|1|EL CACHAFAZ CONITO DULCE DE LECHE X 38G|1.00|unidad| |2600.00|2600.00|1|unidad||||
3|1|65|7798024760569|1|ENSALADA CESAR  PREMIUM X UN|1.00|unidad| |13000.00|13000.00|1|unidad||||
3|1|65|7798024760392|1|ENSALADA CHEF PREMIUM X UN|1.00|unidad| |13000.00|13000.00|1|unidad||||
3|1|65|7798024766417|1|ENSALADA MIX VEG.C/PECHUGUITAS AL SESAMO X UN|1.00|unidad| |13000.00|13000.00|1|unidad||||
3|1|65|7613035242524|1|EPA DDL MAX 88GR|1.00|unidad| |6500.00|6500.00|1|unidad||||
3|1|65|7613035242500|1|EPA ROCKER X 88G|1.00|unidad| |6500.00|6500.00|1|unidad||||
3|1|65|7898024390121|1|FERRERO ROCHER BOMBON CHOC.RELL.PAQ.3 UNID X 37.5G|1.00|unidad| |5400.00|5400.00|1|unidad||||
3|1|65|7798024760255|1|FIGAZZITAS DE SALAME Y QUESO X 2 UN|1.00|unidad| |8200.00|8200.00|1|unidad||||
3|1|65|7798147780062|1|Franui sabor Black 150gr|1.00|unidad| |8500.00|8500.00|1|unidad||||
3|1|65|7798147783223|1|Franui sabor Leche 150gr|1.00|unidad| |8500.00|8500.00|1|unidad||||
3|1|65|7790070431936|1|Gallo YoguBar 20gr|1.00|unidad| |1700.00|1700.00|1|unidad||||
3|1|65|0067061111111|1|GATORADE COOL BLUE PET X 500CC|1.00|unidad| |3900.00|3900.00|1|unidad||||
3|1|65|0071971211111|1|GATORADE FRUTOS TROPICALES PET X 750CC|1.00|unidad| |4700.00|4700.00|1|unidad||||
3|1|65|0066011111111|1|GATORADE MANZANA PET X 500CC|1.00|unidad| |3900.00|3900.00|1|unidad||||
3|1|65|0042831111111|1|GATORADE MANZANA PET X 750CC|1.00|unidad| |4600.00|4600.00|1|unidad||||
3|1|65|0006602111111|1|GATORADE NARANJA PET X 500CC|1.00|unidad| |3900.00|3900.00|1|unidad||||
3|1|65|7798024766103|1|GRANDWICH PANINI GRIGLIATTI JAM/QUE/TOM/HUE X 210G|1.00|unidad| |6650.00|6650.00|1|unidad||||
3|1|65|0000000023445|0|HALLS FREE MENTA X 28 G|1.00|unidad| |1450.00|1450.00|1|unidad||||
3|1|65|7791249450277|1|HALLS MENTA LYPTUS CARAMELOS DUROS PAQ.X 28G|1.00|unidad| |1250.00|1250.00|1|unidad||||
3|1|65|0000000023603|0|ICEDREAM CIRCULAR PASTELERA X UN|1.00|unidad| |1500.00|1500.00|1|unidad||||
3|1|65|0028411111111|1|JORGITO ALFAJOR BLANCO X 50G|1.00|unidad| |1600.00|1600.00|1|unidad||||
3|1|65|0011111112842|1|JORGITO ALFAJOR CHOCOLATE X 55G|1.00|unidad| |1600.00|1600.00|1|unidad||||
3|1|65|7790957000545|1|JORGITO MINI ALFAJOR CHOCOLATE PAQ.X 6 UNID.|1.00|unidad| |4600.00|4600.00|1|unidad||||
3|1|65|7790957000538|1|JORGITO MINI ALFAJOR GLACEADO PAQ.X 6 UNID.X 155GR|1.00|unidad| |4600.00|4600.00|1|unidad||||
3|1|65|0000080052760|1|KINDER BUENO OBLEA CHOCOLATE CON LECHE X 43G|1.00|unidad| |4800.00|4800.00|1|unidad||||
3|1|65|0000077949677|1|KINDER CHOCOLATE X 50G|1.00|unidad| |5500.00|5500.00|1|unidad||||
3|1|65|7891000379073|1|KIT KAT DARK OBLEA BAÑADA CHOCOLATE X 41.5G|1.00|unidad| |2800.00|2800.00|1|unidad||||
3|1|65|7891000379028|1|KIT KAT OBLEA BAÑADA CHOCOLATE BLANCO X 41.5G|1.00|unidad| |2800.00|2800.00|1|unidad||||
3|1|65|7791337007260|1|Leche chocolatada Cindor 200ml|1.00|unidad| |3800.00|3800.00|1|unidad||||
3|1|65|7791337007253|1|Leche chocolatada Cindor x 1L|1.00|unidad| |11500.00|11500.00|1|unidad||||
3|1|65|7798368470391|1|LUCCIANO´S CHANTILLY X 100GR (02)|1.00|unidad| |7400.00|7400.00|1|unidad||||
3|1|65|7798368470384|1|LUCCIANO´S CHOCOLATE C/CROCANTE X 100GR (01)|1.00|unidad| |7400.00|7400.00|1|unidad||||
3|1|65|7798368470421|1|LUCCIANO´S CHOCOLATE X 90GR (05)|1.00|unidad| |7400.00|7400.00|1|unidad||||
3|1|65|7798368470438|1|LUCCIANO´S DDL C/ CROCANTE X 90GR (06)|1.00|unidad| |7400.00|7400.00|1|unidad||||
3|1|65|0000000024240|0|LUCCIANO´S DDL X 90GR (03)|1.00|unidad| |6000.00|6000.00|1|unidad||||
3|1|65|7798368470476|1|LUCCIANO´S MINION ICE POP X 100GR (10)|1.00|unidad| |7900.00|7900.00|1|unidad||||
3|1|65|7798368470469|1|LUCCIANO´S OLI KING X 90GR (09)|1.00|unidad| |7800.00|7800.00|1|unidad||||
3|1|65|7798368470735|1|LUCCIANO´S PISTACCHIO X 95GR (08)|1.00|unidad| |7800.00|7800.00|1|unidad||||
3|1|65|7798368470414|1|LUCCIANO´S SORBETE PATAGONIA X 90GR (04)|1.00|unidad| |7400.00|7400.00|1|unidad||||
3|1|65|7613034797469|1|LUXOR BOMBON HELADO 53G|1.00|unidad| |3000.00|3000.00|1|unidad||||
3|1|65|7797453001441|1|M&M Chocolate 48 Grs|1.00|unidad| |4800.00|4800.00|1|unidad||||
3|1|65|7797453001458|1|M&M MANI PAQ. X 49 GR|1.00|unidad| |4800.00|4800.00|1|unidad||||
3|1|65|7790387015324|1|MAÑANITA YERBA 4FLEX X 500 GR|1.00|unidad| |4400.00|4400.00|1|unidad||||
3|1|65|7790206006106|1|MARROC BOCADITO X 14 GR.|1.00|unidad| |1200.00|1200.00|1|unidad||||
3|1|65|7798024760125|1|MAX PREMIUM JyQ-TOM-HUE- PAN NGO X UN|1.00|unidad| |9600.00|9600.00|1|unidad||||
3|1|65|7798024766172|1|MAX PREMIUM POLLO-RU-PAR-PAN NGO X UN|1.00|unidad| |9600.00|9600.00|1|unidad||||
3|1|65|7798024760552|1|MAX TRIANGULO LIGHT POLLO-LEC-PAN NGO X UN|1.00|unidad| |9600.00|9600.00|1|unidad||||
3|1|65|0000000023602|0|MEDIALUNA DE GRASA X UN|1.00|unidad| |1500.00|1500.00|1|unidad||||
3|1|65|0000000023601|0|MEDIALUNA DE MANTECA X UN|1.00|unidad| |1500.00|1500.00|1|unidad||||
3|1|65|7891000120057|1|MEGA AMERICANA CON ALMENDRAS X 74g|1.00|unidad| |7400.00|7400.00|1|unidad||||
3|1|65|0000000020546|0|MENTHO-PLUS ACIDOS CEREZA X 27.2G|1.00|unidad| |1600.00|1600.00|1|unidad||||
3|1|65|0000000020540|0|MENTHO-PLUS ACIDOS NARANJA X 27.2G|1.00|unidad| |1600.00|1600.00|1|unidad||||
3|1|65|0000000021660|0|MENTHO-PLUS CARAMELOS INHALANTES DE CEREZA X 29.4G|1.00|unidad| |1000.00|1000.00|1|unidad||||
3|1|65|0000000021663|0|MENTHO-PLUS CARAMELOS INHALANTES MIEL X 29.4G|1.00|unidad| |1000.00|1000.00|1|unidad||||
3|1|65|0000000021661|0|MENTHO-PLUS CARAMELOS INHALANTES STRONG X 29.4G|1.00|unidad| |1000.00|1000.00|1|unidad||||
3|1|65|0000000017476|0|MENTHO-PLUS CARAMELOS SIN AZUCAR CHERRY X 27.3G|1.00|unidad| |1600.00|1600.00|1|unidad||||
3|1|65|0000000017474|0|MENTHO-PLUS CARAMELOS SIN AZUCAR MENTOL X 27.3G|1.00|unidad| |1600.00|1600.00|1|unidad||||
3|1|65|0000000021664|0|MENTHOPLUS MENTA X 29.4G|1.00|unidad| |1000.00|1000.00|1|unidad||||
3|1|65|0000000021662|0|MENTHOPLUS MENTOL X 29.4G|1.00|unidad| |1000.00|1000.00|1|unidad||||
3|1|65|0000000021044|0|MENTHOPLUS ZERO CARAMELOS DURAZNO X 26.6G|1.00|unidad| |1600.00|1600.00|1|unidad||||
3|1|65|0000000021047|0|MENTHOPLUS ZERO CARAMELOS STRONG X 26.6G|1.00|unidad| |1600.00|1600.00|1|unidad||||
3|1|65|7895144699851|1|MENTOS CARAMELOS MASTICABLES SAB.FRUTA X 29.7GR|1.00|unidad| |1200.00|1200.00|1|unidad||||
3|1|65|7895144699844|1|MENTOS CARAMELOS MASTICABLES SAB.MENTA X 29.7GR|1.00|unidad| |1200.00|1200.00|1|unidad||||
3|1|65|0000000021770|0|MERMELADAS X UNIDAD|1.00|unidad| |50.00|50.00|1|unidad||||
3|1|65|0000077903785|1|MILKA ALFAJOR MOUSSE TRIPLE X 55 GR.|1.00|unidad| |2800.00|2800.00|1|unidad||||
3|1|65|7622300457303|1|MILKA ALFAJOR TRIPLE BLANCO X 55G|1.00|unidad| |2800.00|2800.00|1|unidad||||
3|1|65|7622300844967|1|MILKA CHOCOLATE BLANCO CON DULCE DE LECHE X 67.5G|1.00|unidad| |7100.00|7100.00|1|unidad||||
3|1|65|7622300844943|1|MILKA CHOCOLATE C DULCE DE LECHE X 67.5G|1.00|unidad| |7100.00|7100.00|1|unidad||||
3|1|65|0000000021565|0|MILKA CHOCOLATE C/LECHE ALMENDRAS|1.00|unidad| |3290.00|3290.00|1|unidad||||
3|1|65|7622300990114|1|MILKA CHOCOLATE CON LECHE X 150G|1.00|unidad| |13800.00|13800.00|1|unidad||||
3|1|65|7622201818937|1|MILKA LEGER CHOCOLATE LECHE TABLETA X 50G|1.00|unidad| |5800.00|5800.00|1|unidad||||
3|1|65|7790580116958|1|MOGUL CARAMELO DE GOMA DINOS X 30G|1.00|unidad| |800.00|800.00|1|unidad||||
3|1|65|7790580129507|1|MOGUL CARAMELOS DE GOMA ACIDOS BOLSA X 60G|1.00|unidad| |1350.00|1350.00|1|unidad||||
3|1|65|7790580169312|1|MOGUL CARAMELOS DE GOMA CEREBRITOS X 30G|1.00|unidad| |1200.00|1200.00|1|unidad||||
3|1|65|7790580116460|1|MOGUL CARAMELOS DE GOMA EXTREME ACIDO ROLLO X 35G|1.00|unidad| |1200.00|1200.00|1|unidad||||
3|1|65|7790580603809|1|MOGUL CARAMELOS DE GOMA FRUTALES ROLLO X 35G|1.00|unidad| |1200.00|1200.00|1|unidad||||
3|1|65|7790580199913|1|MOGUL CARAMELOS DE GOMA OSITOS X 30 GR|1.00|unidad| |1200.00|1200.00|1|unidad||||
3|1|65|7790580200114|1|MOGUL CARAMELOS DE GOMA TIBURON X 30G|1.00|unidad| |1200.00|1200.00|1|unidad||||
3|1|65|7798422620014|1|MONSTER ENERGY GREEN X 473CC|1.00|unidad| |5200.00|5200.00|1|unidad||||
3|1|65|7798422620045|1|MONSTER MANGO LOCO 473|1.00|unidad| |5200.00|5200.00|1|unidad||||
3|1|65|7798422620021|1|MONSTER ULTRA x 473 CC|1.00|unidad| |5200.00|5200.00|1|unidad||||
3|1|65|1111111111142|1|MUFFIN CHIPS CHOC X UN|1.00|unidad| |3900.00|3900.00|1|unidad||||
3|1|65|1111111111145|1|MUFFIN VAINILLA C/DDL X UN|1.00|unidad| |3900.00|3900.00|1|unidad||||
3|1|65|7798304841261|1|NESQUIK NUTRIACTIV B HEL.CHOCOLATE CON CALCIN-N|1.00|unidad| |1800.00|1800.00|1|unidad||||
3|1|65|7622210723468|1|OREO GALLETITAS BAÑADAS CHOCOLATE x17gr|1.00|unidad| |200.00|200.00|1|unidad||||
3|1|65|7899975800523|1|Oreo Palito AR 20 x 65g|1.00|unidad| |6500.00|6500.00|1|unidad||||
3|1|65|7899975800509|1|OREO SANDWICH AR 81GR|1.00|unidad| |6500.00|6500.00|1|unidad||||
3|1|65|7798304841124|1|OREO TACITA X 95G|1.00|unidad| |6500.00|6500.00|1|unidad||||
3|1|65|0000000024088|0|PAN DE CHOCOLATE X UN|1.00|unidad| |3900.00|3900.00|1|unidad||||
3|1|65|7798024766110|1|PANINI GRIGLIATTI DE PECETO X 210G|1.00|unidad| |6650.00|6650.00|1|unidad||||
3|1|65|7791007000764|1|PAÑUELOS DESCARTABLES CAJA X 75 UNID|1.00|unidad| |3600.00|3600.00|1|unidad||||
3|1|65|7791070003482|1|PAÑUELOS DESCARTABLES X UNID|1.00|unidad| |700.00|700.00|1|unidad||||
3|1|65|7798024760781|1|PEBETE PECHUGA CRISPY X UN|1.00|unidad| |9200.00|9200.00|1|unidad||||
3|1|65|7798024760361|1|PECHUGA GRILLE C/VEGETAL DEL HUERTO X UN|1.00|unidad| |11500.00|11500.00|1|unidad||||
3|1|65|0000077915481|1|PEPITOS ALFAJOR TRIPLE DE CHOCOLATE X 57GR|1.00|unidad| |2800.00|2800.00|1|unidad||||
3|1|65|7791813828365|1|PEPSI BLACK PET X 500CC|1.00|unidad| |3100.00|3100.00|1|unidad||||
3|1|65|1111111111200|1|PICO DULCE CHUPETIN X 14 GR.|1.00|unidad| |500.00|500.00|1|unidad||||
3|1|65|7790895641183|1|POWERADE FRUTAS TROPICALES PET X 500CC|1.00|unidad| |3300.00|3300.00|1|unidad||||
3|1|65|7790895640018|1|POWERADE MANZANA PET X 500CC|1.00|unidad| |3300.00|3300.00|1|unidad||||
3|1|65|7790895640025|1|POWERADE MOUNTAIN BLAST PET X 500CC|1.00|unidad| |3300.00|3300.00|1|unidad||||
3|1|65|7791519200021|1|PRIME PRESERVATIVO ANATOMICO CAJA X 3 UNID.|1.00|unidad| |6000.00|6000.00|1|unidad||||
3|1|65|7791519200076|1|PRIME PRESERVATIVO ESPERMICIDA CAJA X 3 UNID.|1.00|unidad| |6000.00|6000.00|1|unidad||||
3|1|65|7791519000676|1|PRIME PRESERVATIVO EXTRA LUBRICADO CAJA X 3 UNID.|1.00|unidad| |6000.00|6000.00|1|unidad||||
3|1|65|7791519200045|1|PRIME PRESERVATIVO SUPERFINO CAJA X 3 UNID.|1.00|unidad| |6000.00|6000.00|1|unidad||||
3|1|65|7791519200090|1|PRIME PRESERVATIVO TACHAS CAJA X 3 UNID.|1.00|unidad| |6000.00|6000.00|1|unidad||||
3|1|65|7791519200069|1|PRIME PRESERVATIVO TEXTURADO CAJA X 3 UNID.|1.00|unidad| |6000.00|6000.00|1|unidad||||
3|1|65|7790742167101|1|Queso Finlandia Chef Cheddar 150gr PAQUETE INSUMO|1.00|unidad| |0.01|0.01|1|unidad||||
3|1|65|0045011111111|1|RED BULL ENERGY DRINK LATA X 250 CC|1.00|unidad| |5000.00|5000.00|1|unidad||||
3|1|65|0000090435225|1|RED BULL ENERGY DRINK LATA X 355 CC|1.00|unidad| |6200.00|6200.00|1|unidad||||
3|1|65|9002490232054|1|RED BULL ENERGY DRINK SUGAR FREE LATA X 250CC|1.00|unidad| |5000.00|5000.00|1|unidad||||
3|1|65|7790580327415|1|ROCKLETS CONFITES DE CHOCOLATE PAQ. X 40 GR|1.00|unidad| |2800.00|2800.00|1|unidad||||
3|1|65|7790580327613|1|ROCKLETS NARANJA MANI C/CHOCOLATE CONFITADO X 40G|1.00|unidad| |2800.00|2800.00|1|unidad||||
3|1|65|7798024760507|1|ROLL CHICKEN CAESAR X 210GR|1.00|unidad| |9600.00|9600.00|1|unidad||||
3|1|65|0000000023605|0|SACRAMENTO MEMBRILLO X UN|1.00|unidad| |1500.00|1500.00|1|unidad||||
3|1|65|7790580716806|1|SALADIX GALLETITAS SAB. CALABRESA CAJA X 100G|1.00|unidad| |2900.00|2900.00|1|unidad||||
3|1|65|7790580716707|1|SALADIX GALLETITAS SAB. JAMON CAJA X 100G|1.00|unidad| |2900.00|2900.00|1|unidad||||
3|1|65|7790580697303|1|SALADIX GALLETITAS SAB. PIZZA CAJA X 100G|1.00|unidad| |2900.00|2900.00|1|unidad||||
3|1|65|7790040374607|1|SALADIX GALLETITAS SAB.DUO CAJA X 80G|1.00|unidad| |2900.00|2900.00|1|unidad||||
3|1|65|7790040123434|1|SALADIX GALLETITAS SAB.KESITOS X80G|1.00|unidad| |2500.00|2500.00|1|unidad||||
3|1|65|0000077956699|1|SHOT ALFAJOR TRISHOT TRIPLE X 60G|1.00|unidad| |2800.00|2800.00|1|unidad||||
3|1|65|7622300424084|1|SHOT CHOCOLATE CON LECHE Y MANI TABLETA X 170 GR|1.00|unidad| |11900.00|11900.00|1|unidad||||
3|1|65|0000077914217|1|SHOT CHOCOLATE LECHE CON MANI TABLETA X 35G|1.00|unidad| |2900.00|2900.00|1|unidad||||
3|1|65|7798304841803|1|SIN PARAR CHOCOLATE DULCE DE LECHE X 90G|1.00|unidad| |2900.00|2900.00|1|unidad||||
3|1|65|7798304841797|1|SIN PARAR DULCE DE LECHE Y AMERICANA X 90G|1.00|unidad| |2900.00|2900.00|1|unidad||||
3|1|65|7798304841780|1|SIN PARAR FRUTILLA CREMA X 90G|1.00|unidad| |2900.00|2900.00|1|unidad||||
3|1|65|0022000018465|1|SKITTLES CONFITES ORIGINAL FRUIT PAQ.X 61.5GR|1.00|unidad| |4500.00|4500.00|1|unidad||||
3|1|65|0022000018489|1|SKITTLES CONFITES WILDBERRY PAQ.X 61.5GR|1.00|unidad| |4500.00|4500.00|1|unidad||||
3|1|65|7790895646027|1|SMART WATER C/G 591 ML|1.00|unidad| |3300.00|3300.00|1|unidad||||
3|1|65|7790895645778|1|SMART WATER S/G 591 ML|1.00|unidad| |3300.00|3300.00|1|unidad||||
3|1|65|7506174512248|1|SNICKERS BARRA RELL.MANI CUB.C/CHOCOLATE X 48 GR|1.00|unidad| |4500.00|4500.00|1|unidad||||
3|1|65|0522111111111|1|SPEED UNLIMITED LATA X 250CC|1.00|unidad| |3800.00|3800.00|1|unidad||||
3|1|65|0040000000518|1|STARBURST CARAMELO MASTICABLE SURTIDO PAQ.X 58.7G|1.00|unidad| |4900.00|4900.00|1|unidad||||
3|1|65|7790580060206|1|SUGUS CARAMELO MASTICABLE SUELTO X 3.3 GR|1.00|unidad| |50.00|50.00|1|unidad||||
3|1|65|7790580056001|1|SUGUS CONFITADOS CONFITES DE CARAMELO SURT.X 50 G|1.00|unidad| |2000.00|2000.00|1|unidad||||
3|1|65|7790387000849|1|TARAGUI MATE COCIDO X 25 UNID S ENS|1.00|unidad| |130.00|130.00|1|unidad||||
3|1|65|0029601111111|1|TARAGUI MATE LISTO X 35 GR.|1.00|unidad| |3900.00|3900.00|1|unidad||||
3|1|65|0029621111111|1|TARAGUI TERMO MATE-LISTO CAPACIDAD 500 CC.|1.00|unidad| |5800.00|5800.00|1|unidad||||
3|1|65|7790387013627|1|TARAGUI YERBA 4FLEX X 500 GR.|1.00|unidad| |4400.00|4400.00|1|unidad||||
3|1|65|0000077939234|1|TERRABUSI ALFAJOR CHOCOLATE X 50 GR|1.00|unidad| |1900.00|1900.00|1|unidad||||
3|1|65|0000077903792|1|TERRABUSI ALFAJOR TRIPLE CHOCOLATE X 70G.|1.00|unidad| |2800.00|2800.00|1|unidad||||
3|1|65|0000077903860|1|TERRABUSI ALFAJOR TRIPLE TIPO TORTA CHOCOLAT.X 70G|1.00|unidad| |2800.00|2800.00|1|unidad||||
3|1|65|7622300335052|1|TERRABUSI SNACKY X 60GR|1.00|unidad| |4400.00|4400.00|1|unidad||||
3|1|65|7861002910314|1|TIC TAC PASTILLAS SABOR MENTA CAJA X 16 GR.|1.00|unidad| |1500.00|1500.00|1|unidad||||
3|1|65|7861002910321|1|TIC TAC PASTILLAS SABOR NARANJA CAJA X 16 GR.|1.00|unidad| |1500.00|1500.00|1|unidad||||
3|1|65|7790580746612|1|TOFI CHOCOLATE C/LECHE RELLENO D.LECHE X 55G|1.00|unidad| |400.00|400.00|1|unidad||||
3|1|65|7798024760354|1|TOP PBT DE JAMON COCIDO Y QUESO X UN|1.00|unidad| |8200.00|8200.00|1|unidad||||
3|1|65|0000000019823|0|TOPLINE 7 CHICLE S/AZUCAR ATM STRONG X 14G|1.00|unidad| |1900.00|1900.00|1|unidad||||
3|1|65|0000000018843|0|TOPLINE 7 CHICLE S/AZUCAR MANDARINA  CAJA X 14G|1.00|unidad| |1900.00|1900.00|1|unidad||||
3|1|65|7790580120573|1|TOPLINE 7 ULTRA CLEAN X 24G|1.00|unidad| |3300.00|3300.00|1|unidad||||
3|1|65|7790580120702|1|TOPLINE 7 ULTRA GREEN MINT X 24G|1.00|unidad| |3300.00|3300.00|1|unidad||||
3|1|65|7790580121013|1|TOPLINE 7 ULTRA RED BERRY X 24G|1.00|unidad| |3300.00|3300.00|1|unidad||||
3|1|65|7798304841421|1|TORPEDO FRUTILLA|1.00|unidad| |2000.00|2000.00|1|unidad||||
3|1|65|7798304841414|1|TORPEDO LIMON|1.00|unidad| |2000.00|2000.00|1|unidad||||
3|1|65|7798024760460|1|TRIPLE MIGA BLANCO J.COCIDO Y QUESO X 3 UN|1.00|unidad| |8700.00|8700.00|1|unidad||||
3|1|65|7798024760477|1|TRIPLE MIGA NEGRO J.COCIDO Y QUESO X 3 UN|1.00|unidad| |8700.00|8700.00|1|unidad||||
3|1|65|7622202839962|1|VARIEDAD GALLETITAS DULCES SURTIDAS X 390GR.|1.00|unidad|VARIEDAD|5500.00|5500.00|1|unidad||||
3|1|65|0016871111111|1|VASO REUTILIZABLE|1.00|unidad| |4000.00|4000.00|1|unidad||||
3|1|65|0000000004361|0|VAUQUITA TABLETA DE DULCE DE LECHE X 25 GR.|1.00|unidad| |180.00|180.00|1|unidad||||
3|1|65|7790315100184|1|VDS LEVITE CERO AGUA S/G MANZANA PET X 500cc|1.00|unidad| |3100.00|3100.00|1|unidad||||
3|1|65|0021352111111|1|VDS LEVITE CERO AGUA S/G NARANJA PET X 500cc|1.00|unidad| |3100.00|3100.00|1|unidad||||
3|1|65|0021347111111|1|VILLA DEL SUR LEVITE S/G MANZANA PET X 500cc|1.00|unidad| |3100.00|3100.00|1|unidad||||
3|1|65|7798062548655|1|VILLA DEL SUR LEVITE S/G NARANJA PET X 500cc|1.00|unidad| |3100.00|3100.00|1|unidad||||
3|1|65|0021349111111|1|VILLA DEL SUR LEVITE S/G PERA PET X 500cc|1.00|unidad| |3100.00|3100.00|1|unidad||||
3|1|65|7799155000982|1|VILLA DEL SUR LEVITE S/G POMELO PET X 500cc|1.00|unidad| |3100.00|3100.00|1|unidad||||
3|1|65|7799155000210|1|VILLAVICENCIO AGUA FINAMENTE GASIFICADA PET X 1.5L|1.00|unidad| |4800.00|4800.00|1|unidad||||
3|1|65|7799155000203|1|VILLAVICENCIO AGUA FINAMENTE GASIFICADA PET X 500C|1.00|unidad| |3300.00|3300.00|1|unidad||||
3|1|65|0022000293220|1|Wrigleys Doubl 12.5g|1.00|unidad| |2500.00|2500.00|1|unidad||||
3|1|65|0022000293305|1|Wrigleys Spear 12.5g|1.00|unidad| |2500.00|2500.00|1|unidad||||
3|1|65|7791337010826|1|Yogurisimo Botellita Frutilla x 190g|1.00|unidad| |5500.00|5500.00|1|unidad||||
3|1|65|7798187760246|1|ZAFRAN BARRA DE CEREAL ALM/COCO X 28G|1.00|unidad| |1800.00|1800.00|1|unidad||||
3|1|65|7798187760277|1|ZAFRAN BARRA DE CEREAL CAJU/ZAPALLO 28G|1.00|unidad| |1800.00|1800.00|1|unidad||||
3|1|65|7798187760253|1|ZAFRAN BARRA DE CEREAL MANI/CACAO 28G|1.00|unidad| |1800.00|1800.00|1|unidad||||
3|1|65|7798187760260|1|ZAFRAN BARRA DE CEREAL MZNA/CHIA 28G|1.00|unidad| |1800.00|1800.00|1|unidad||||
3|1|66|7791813434412|1|7UP FREE PET X 1.5L|1.00|unidad| |4700.00|4700.00|1|unidad||||
3|1|66|0000000023897|0|AFEITADORA BIC COMFORT  3|1.00|unidad| |820.00|820.00|1|unidad||||
3|1|66|7790580109882|1|AGUILA EXTRAFINO 60% CACAO X 150 GR|1.00|unidad| |15200.00|15200.00|1|unidad||||
3|1|66|7790040133594|1|AGUILA MINITORTA BROWNIE X 72G|1.00|unidad| |2800.00|2800.00|1|unidad||||
3|1|66|7790040298705|1|AGUILA MINITORTA DDLECHE/MOUSSE SAB.VAINILLA X 72G|1.00|unidad| |2800.00|2800.00|1|unidad||||
3|1|66|0000000023956|0|ALFAJOR CHOCOLATE|1.00|unidad| |2100.00|2100.00|1|unidad||||
3|1|66|0000000023280|0|ALFAJORES DE MAICENA|1.00|unidad| |2100.00|2100.00|1|unidad||||
3|1|66|7790580607418|1|ARCOR CHOCOLATE BLANCO TABLETA X 25 GR|1.00|unidad| |2200.00|2200.00|1|unidad||||
3|1|66|7790580607210|1|ARCOR CHOCOLATE CON LECHE TABLETA X 25GR|1.00|unidad| |2200.00|2200.00|1|unidad||||
3|1|66|0000000001339|0|ARCOR OBLEA RELLENA C/PASTA DE TURRON Y MANI X 25G|1.00|unidad| |700.00|700.00|1|unidad||||
3|1|66|7793360294600|1|BC JUGO MANZANA TETRA X 200CC|1.00|unidad| |1100.00|1100.00|1|unidad||||
3|1|66|7793360246609|1|BC JUGO NARANJA TETRA X 200CC.|1.00|unidad| |1100.00|1100.00|1|unidad||||
3|1|66|7790580154264|1|BEB MULTIFRUTA BC 24X200ML|1.00|unidad| |1100.00|1100.00|1|unidad||||
3|1|66|7792730020559|1|BIZNIKKE NEVADO CHOCOLATE TABLETA X 120 GR.|1.00|unidad| |8900.00|8900.00|1|unidad||||
3|1|66|7790580722708|1|BOMBON TOFI LECHE X 15G|1.00|unidad| |1800.00|1800.00|1|unidad||||
3|1|66|7790040613607|1|Bon O Bon Alfajor Chocolate Blanco x40 gr|1.00|unidad| |1800.00|1800.00|1|unidad||||
3|1|66|7790040613706|1|BON O BON ALFAJOR CHOCOLATE NEGRO/LECHE X 40G|1.00|unidad| |1800.00|1800.00|1|unidad||||
3|1|66|0000000021586|0|BON-O-BON BOMBON AGUILA X 15G|1.00|unidad| |1100.00|1100.00|1|unidad||||
3|1|66|7790580119058|1|BON-O-BON BOMBON CHOCOLATE BLANCO X 15G|1.00|unidad| |1100.00|1100.00|1|unidad||||
3|1|66|0000000021587|0|BON-O-BON BOMBON CHOCOLINA X 15G|1.00|unidad| |1100.00|1100.00|1|unidad||||
3|1|66|7792360072409|1|BONAFIDE BOCADITO DDL X 16G|1.00|unidad| |1600.00|1600.00|1|unidad||||
3|1|66|0000000021151|0|BROWNIE ARTESANAL|1.00|unidad| |5300.00|5300.00|1|unidad||||
3|1|66|0000000023273|0|BUDIN BANANA Y DDL|1.00|unidad| |4800.00|4800.00|1|unidad||||
3|1|66|0000000021701|0|BUDIN DE FRUTOS SECOS|1.00|unidad| |4800.00|4800.00|1|unidad||||
3|1|66|0000000021700|0|BUDIN DE LIMON Y ARANDANOS|1.00|unidad| |4800.00|4800.00|1|unidad||||
3|1|66|7790407022011|1|CABSHA BOCADITO X 10G|1.00|unidad| |1000.00|1000.00|1|unidad||||
3|1|66|7798128000271|1|CACHAFAZ ALFAJOR MOUSSE X 50G|1.00|unidad| |3200.00|3200.00|1|unidad||||
3|1|66|7622201818739|1|CADBURY CHOCOLATE C/LECHE TRES SUEÑOS X 82G|1.00|unidad| |7800.00|7800.00|1|unidad||||
3|1|66|7622201818654|1|CADBURY CHOCOLATE RELLENO YOGHURT FRUTILLA X 29G|1.00|unidad| |3300.00|3300.00|1|unidad||||
3|1|66|7622202271250|1|Caram. Halls 12u Strong Nvo|1.00|unidad| |1300.00|1300.00|1|unidad||||
3|1|66|7622202247286|1|Caram. Halls Cherry Nvo 28 Grs|1.00|unidad| |1300.00|1300.00|1|unidad||||
3|1|66|7790895649301|1|CEPITA 20% NARANJA 200ML|1.00|unidad| |2100.00|2100.00|1|unidad||||
3|1|66|7790895009853|1|CEPITA JUGO MANZANA BOTELLA X 1L|1.00|unidad| |5800.00|5800.00|1|unidad||||
3|1|66|7790895000720|1|CEPITA JUGO MANZANA TETRA X 200CC.|1.00|unidad| |2100.00|2100.00|1|unidad||||
3|1|66|7790895647017|1|CEPITA JUGO MANZANA ZINC TETRA X 1 LT.|1.00|unidad| |4200.00|4200.00|1|unidad||||
3|1|66|7790895000737|1|CEPITA JUGO MULTIFRUTA TETRA X 200CC|1.00|unidad| |2100.00|2100.00|1|unidad||||
3|1|66|7790895647123|1|CEPITA JUGO MULTIFRUTA ZINC TETRA X 1 LT.|1.00|unidad| |4200.00|4200.00|1|unidad||||
3|1|66|7790895648267|1|CEPITA NARANJA 20% 1L|1.00|unidad| |4200.00|4200.00|1|unidad||||
3|1|66|7790895009815|1|CEPITA NARANJA 995CC|1.00|unidad| |5800.00|5800.00|1|unidad||||
3|1|66|0000000022630|0|CEREAL MIX BARRA DE CEREAL C/FRUTILLA&YOGHURT X26G|1.00|unidad| |1700.00|1700.00|1|unidad||||
3|1|66|0000000001341|0|CEREAL MIX BARRA DE CEREAL X 23G|1.00|unidad| |1700.00|1700.00|1|unidad||||
3|1|66|0000000022631|0|CEREAL MIX BARRA DE CEREAL YOGH/FRUTIL.L.X26g|1.00|unidad| |1700.00|1700.00|1|unidad||||
3|1|66|7790580123345|1|CH. TL7 MENTHOL 20X16X14G|1.00|unidad| |1900.00|1900.00|1|unidad||||
3|1|66|0000000019822|0|CH. TL7 VIBR. STRAW. 20X16X14G|1.00|unidad| |1900.00|1900.00|1|unidad||||
3|1|66|7790580104252|1|CH. TL7 VIOL. CHERRY 20X16X14G|1.00|unidad| |1900.00|1900.00|1|unidad||||
3|1|66|7790580317607|1|CH. TL7 XPLOS. MINT 20X16X14G|1.00|unidad| |1900.00|1900.00|1|unidad||||
3|1|66|8445290701961|1|Choc Bananita Dolca 30 grs|1.00|unidad| |2200.00|2200.00|1|unidad||||
3|1|66|8445290701596|1|Choc. Bananita Dolca 14grs|1.00|unidad| |1200.00|1200.00|1|unidad||||
3|1|66|7622202328947|1|Choc. Milka 55g Leche NVO|1.00|unidad| |6100.00|6100.00|1|unidad||||
3|1|66|7790070418296|1|Chocoarroz Blanco est. 22g|1.00|unidad| |1800.00|1800.00|1|unidad||||
3|1|66|7790070418203|1|Chocoarroz DL 22 gr|1.00|unidad| |1800.00|1800.00|1|unidad||||
3|1|66|7790580103521|1|CHOCOLATE LECHE CON CONFITES COFLER X 55 G|1.00|unidad| |5800.00|5800.00|1|unidad||||
3|1|66|7798304840851|1|CHOMPAlmedC/SsaDDL6x180g|1.00|unidad| |10200.00|10200.00|1|unidad||||
3|1|66|7798130953640|1|CHUPETIN COCO POP X 17 G|1.00|unidad| |3500.00|3500.00|1|unidad||||
3|1|66|7798130954777|1|CHUPETIN EMOTI POP 11GR|1.00|unidad| |3500.00|3500.00|1|unidad||||
3|1|66|0000000023604|0|CIRCULAR MEMBRILLO X UN|1.00|unidad| |1500.00|1500.00|1|unidad||||
3|1|66|7798085680516|1|CITRIC JUGO NARANJA MANGO TETRA X 500CC|1.00|unidad| |3700.00|3700.00|1|unidad||||
3|1|66|7798085681834|1|CITRIC JUGO NARANJA TETRA X 1L|1.00|unidad| |5500.00|5500.00|1|unidad||||
3|1|66|7798085681445|1|CITRIC JUGO NARANJA TETRA X 250CC|1.00|unidad| |2100.00|2100.00|1|unidad||||
3|1|66|7798085681452|1|CITRIC JUGO NARANJA TETRA X 500CC|1.00|unidad| |3700.00|3700.00|1|unidad||||
3|1|66|7798085680295|1|CITRIC JUGO NARANJA/ DURAZNO TETRA X 500CC|1.00|unidad| |3700.00|3700.00|1|unidad||||
3|1|66|7790895000997|1|COCA-COLA X 2.25L|1.00|unidad| |8500.00|8500.00|1|unidad||||
3|1|66|7790040659605|1|COFLER BLOCK ALFAJOR CHOCOLATE X 60 G|1.00|unidad| |2800.00|2800.00|1|unidad||||
3|1|66|0000000018365|0|COFLER BLOCK CHOCOLATE C/LECHE Y MANI TAB.X 110GR|1.00|unidad| |7800.00|7800.00|1|unidad||||
3|1|66|0000000015301|0|COFLER BLOCK CHOCOLATE C/LECHE Y MANI TAB.X 38GR|1.00|unidad| |3100.00|3100.00|1|unidad||||
3|1|66|7790580105013|1|COFLER BLOCK CHOCOLATE X 170G|1.00|unidad| |13200.00|13200.00|1|unidad||||
3|1|66|7790580115579|1|COFLER BLOCK CHOCOLATE X 1KG|1.00|unidad| |62900.00|62900.00|1|unidad||||
3|1|66|7790580103385|1|COFLER CHOCOLATE AIREADO BCO/LECHE X 27 GR.|1.00|unidad| |3300.00|3300.00|1|unidad||||
3|1|66|7790580103378|1|COFLER CHOCOLATE AIREADO BLANCO X 27 GR.|1.00|unidad| |3300.00|3300.00|1|unidad||||
3|1|66|7790580115869|1|COFLER CHOCOLATE AIREADO BON O BON X 67G|1.00|unidad| |6500.00|6500.00|1|unidad||||
3|1|66|7790580103361|1|COFLER CHOCOLATE AIREADO LECHE X 27 GR.|1.00|unidad| |3300.00|3300.00|1|unidad||||
3|1|66|7790580043407|1|COFLER CHOCOLATE AIREADO LECHE X 55G|1.00|unidad| |6600.00|6600.00|1|unidad||||
3|1|66|7790580003531|1|COFLER CHOCOLATE BCO&COOK X 55G|1.00|unidad| |5800.00|5800.00|1|unidad||||
3|1|66|7790580043506|1|COFLER CHOCOLATE LECHE CON ALMENDRAS X 55G|1.00|unidad| |5800.00|5800.00|1|unidad||||
3|1|66|0000000024109|0|CRIOLLITO X UN|1.00|unidad| |1500.00|1500.00|1|unidad||||
3|1|66|0000000023957|0|CROISSANT J Y Q|1.00|unidad| |5800.00|5800.00|1|unidad||||
3|1|66|7798024760798|1|CROQUE MONSIEUR J Y Q BLANCO X UN|1.00|unidad| |9100.00|9100.00|1|unidad||||
3|1|66|7798024760804|1|CROQUE MONSIEUR J Y Q NEGRO X UN|1.00|unidad| |9100.00|9100.00|1|unidad||||
3|1|66|0000000020568|0|CUADRADO DE PASTA FROLA|1.00|unidad| |4800.00|4800.00|1|unidad||||
3|1|66|0000000023543|0|DELIVERY MEDIALUNAS X 6 UNIDADES|1.00|unidad| |205.00|205.00|1|unidad||||
3|1|66|7795735000106|1|DON SATUR TALITAS X 140GR|1.00|unidad| |2200.00|2200.00|1|unidad||||
3|1|66|7790206007509|1|DOS CORAZONES BOCADITO CHOC.C/LECHE RELL. X 26GR|1.00|unidad| |2100.00|2100.00|1|unidad||||
3|1|66|7792799000035|1|ECO DE LOS ANDES AGUA CON GAS PET X 500CC.|1.00|unidad| |3000.00|3000.00|1|unidad||||
3|1|66|7798128000486|1|EL CACHAFAZ ALFAJOR BLANCO FLOWPACK X 60 GR|1.00|unidad| |3100.00|3100.00|1|unidad||||
3|1|66|7798128000462|1|EL CACHAFAZ ALFAJOR CHOCOLATE FLOWPACK X 60 GR|1.00|unidad| |3000.00|3000.00|1|unidad||||
3|1|66|7798128001940|1|EL CACHAFAZ ALFAJOR DE MAICENA X 76G|1.00|unidad| |3100.00|3100.00|1|unidad||||
3|1|66|7798128001797|1|EL CACHAFAZ CONITO DULCE DE LECHE X 38G|1.00|unidad| |2600.00|2600.00|1|unidad||||
3|1|66|7798024760569|1|ENSALADA CESAR  PREMIUM X UN|1.00|unidad| |13000.00|13000.00|1|unidad||||
3|1|66|7798024760392|1|ENSALADA CHEF PREMIUM X UN|1.00|unidad| |13000.00|13000.00|1|unidad||||
3|1|66|7798024766417|1|ENSALADA MIX VEG.C/PECHUGUITAS AL SESAMO X UN|1.00|unidad| |13000.00|13000.00|1|unidad||||
3|1|66|7613035242524|1|EPA DDL MAX 88GR|1.00|unidad| |6500.00|6500.00|1|unidad||||
3|1|66|7613035242500|1|EPA ROCKER X 88G|1.00|unidad| |6500.00|6500.00|1|unidad||||
3|1|66|7898024390121|1|FERRERO ROCHER BOMBON CHOC.RELL.PAQ.3 UNID X 37.5G|1.00|unidad| |5400.00|5400.00|1|unidad||||
3|1|66|7798024760255|1|FIGAZZITAS DE SALAME Y QUESO X 2 UN|1.00|unidad| |8200.00|8200.00|1|unidad||||
3|1|66|7798147780062|1|Franui sabor Black 150gr|1.00|unidad| |8500.00|8500.00|1|unidad||||
3|1|66|7798147783223|1|Franui sabor Leche 150gr|1.00|unidad| |8500.00|8500.00|1|unidad||||
3|1|66|7790070431936|1|Gallo YoguBar 20gr|1.00|unidad| |1700.00|1700.00|1|unidad||||
3|1|66|0067061111111|1|GATORADE COOL BLUE PET X 500CC|1.00|unidad| |3900.00|3900.00|1|unidad||||
3|1|66|0071971211111|1|GATORADE FRUTOS TROPICALES PET X 750CC|1.00|unidad| |4700.00|4700.00|1|unidad||||
3|1|66|0066011111111|1|GATORADE MANZANA PET X 500CC|1.00|unidad| |3900.00|3900.00|1|unidad||||
3|1|66|0042831111111|1|GATORADE MANZANA PET X 750CC|1.00|unidad| |4600.00|4600.00|1|unidad||||
3|1|66|0006602111111|1|GATORADE NARANJA PET X 500CC|1.00|unidad| |3900.00|3900.00|1|unidad||||
3|1|66|7798024766103|1|GRANDWICH PANINI GRIGLIATTI JAM/QUE/TOM/HUE X 210G|1.00|unidad| |6650.00|6650.00|1|unidad||||
3|1|66|0000000023445|0|HALLS FREE MENTA X 28 G|1.00|unidad| |1450.00|1450.00|1|unidad||||
3|1|66|7791249450277|1|HALLS MENTA LYPTUS CARAMELOS DUROS PAQ.X 28G|1.00|unidad| |1250.00|1250.00|1|unidad||||
3|1|66|0000000023603|0|ICEDREAM CIRCULAR PASTELERA X UN|1.00|unidad| |1500.00|1500.00|1|unidad||||
3|1|66|0028411111111|1|JORGITO ALFAJOR BLANCO X 50G|1.00|unidad| |1600.00|1600.00|1|unidad||||
3|1|66|0011111112842|1|JORGITO ALFAJOR CHOCOLATE X 55G|1.00|unidad| |1600.00|1600.00|1|unidad||||
3|1|66|7790957000545|1|JORGITO MINI ALFAJOR CHOCOLATE PAQ.X 6 UNID.|1.00|unidad| |4600.00|4600.00|1|unidad||||
3|1|66|7790957000538|1|JORGITO MINI ALFAJOR GLACEADO PAQ.X 6 UNID.X 155GR|1.00|unidad| |4600.00|4600.00|1|unidad||||
3|1|66|0000080052760|1|KINDER BUENO OBLEA CHOCOLATE CON LECHE X 43G|1.00|unidad| |4800.00|4800.00|1|unidad||||
3|1|66|0000077949677|1|KINDER CHOCOLATE X 50G|1.00|unidad| |5500.00|5500.00|1|unidad||||
3|1|66|7891000379073|1|KIT KAT DARK OBLEA BAÑADA CHOCOLATE X 41.5G|1.00|unidad| |2800.00|2800.00|1|unidad||||
3|1|66|7891000379028|1|KIT KAT OBLEA BAÑADA CHOCOLATE BLANCO X 41.5G|1.00|unidad| |2800.00|2800.00|1|unidad||||
3|1|66|7791337007260|1|Leche chocolatada Cindor 200ml|1.00|unidad| |3800.00|3800.00|1|unidad||||
3|1|66|7791337007253|1|Leche chocolatada Cindor x 1L|1.00|unidad| |11500.00|11500.00|1|unidad||||
3|1|66|7798368470391|1|LUCCIANO´S CHANTILLY X 100GR (02)|1.00|unidad| |7400.00|7400.00|1|unidad||||
3|1|66|7798368470384|1|LUCCIANO´S CHOCOLATE C/CROCANTE X 100GR (01)|1.00|unidad| |7400.00|7400.00|1|unidad||||
3|1|66|7798368470421|1|LUCCIANO´S CHOCOLATE X 90GR (05)|1.00|unidad| |7400.00|7400.00|1|unidad||||
3|1|66|7798368470438|1|LUCCIANO´S DDL C/ CROCANTE X 90GR (06)|1.00|unidad| |7400.00|7400.00|1|unidad||||
3|1|66|0000000024240|0|LUCCIANO´S DDL X 90GR (03)|1.00|unidad| |6000.00|6000.00|1|unidad||||
3|1|66|7798368470476|1|LUCCIANO´S MINION ICE POP X 100GR (10)|1.00|unidad| |7900.00|7900.00|1|unidad||||
3|1|66|7798368470469|1|LUCCIANO´S OLI KING X 90GR (09)|1.00|unidad| |7800.00|7800.00|1|unidad||||
3|1|66|7798368470735|1|LUCCIANO´S PISTACCHIO X 95GR (08)|1.00|unidad| |7800.00|7800.00|1|unidad||||
3|1|66|7798368470414|1|LUCCIANO´S SORBETE PATAGONIA X 90GR (04)|1.00|unidad| |7400.00|7400.00|1|unidad||||
3|1|66|7613034797469|1|LUXOR BOMBON HELADO 53G|1.00|unidad| |3000.00|3000.00|1|unidad||||
3|1|66|7797453001441|1|M&M Chocolate 48 Grs|1.00|unidad| |4800.00|4800.00|1|unidad||||
3|1|66|7797453001458|1|M&M MANI PAQ. X 49 GR|1.00|unidad| |4800.00|4800.00|1|unidad||||
3|1|66|7790387015324|1|MAÑANITA YERBA 4FLEX X 500 GR|1.00|unidad| |4400.00|4400.00|1|unidad||||
3|1|66|7790206006106|1|MARROC BOCADITO X 14 GR.|1.00|unidad| |1200.00|1200.00|1|unidad||||
3|1|66|7798024760125|1|MAX PREMIUM JyQ-TOM-HUE- PAN NGO X UN|1.00|unidad| |9600.00|9600.00|1|unidad||||
3|1|66|7798024766172|1|MAX PREMIUM POLLO-RU-PAR-PAN NGO X UN|1.00|unidad| |9600.00|9600.00|1|unidad||||
3|1|66|7798024760552|1|MAX TRIANGULO LIGHT POLLO-LEC-PAN NGO X UN|1.00|unidad| |9600.00|9600.00|1|unidad||||
3|1|66|0000000023602|0|MEDIALUNA DE GRASA X UN|1.00|unidad| |1500.00|1500.00|1|unidad||||
3|1|66|0000000023601|0|MEDIALUNA DE MANTECA X UN|1.00|unidad| |1500.00|1500.00|1|unidad||||
3|1|66|7891000120057|1|MEGA AMERICANA CON ALMENDRAS X 74g|1.00|unidad| |7400.00|7400.00|1|unidad||||
3|1|66|0000000020546|0|MENTHO-PLUS ACIDOS CEREZA X 27.2G|1.00|unidad| |1600.00|1600.00|1|unidad||||
3|1|66|0000000020540|0|MENTHO-PLUS ACIDOS NARANJA X 27.2G|1.00|unidad| |1600.00|1600.00|1|unidad||||
3|1|66|0000000021660|0|MENTHO-PLUS CARAMELOS INHALANTES DE CEREZA X 29.4G|1.00|unidad| |1000.00|1000.00|1|unidad||||
3|1|66|0000000021663|0|MENTHO-PLUS CARAMELOS INHALANTES MIEL X 29.4G|1.00|unidad| |1000.00|1000.00|1|unidad||||
3|1|66|0000000021661|0|MENTHO-PLUS CARAMELOS INHALANTES STRONG X 29.4G|1.00|unidad| |1000.00|1000.00|1|unidad||||
3|1|66|0000000017476|0|MENTHO-PLUS CARAMELOS SIN AZUCAR CHERRY X 27.3G|1.00|unidad| |1600.00|1600.00|1|unidad||||
3|1|66|0000000017474|0|MENTHO-PLUS CARAMELOS SIN AZUCAR MENTOL X 27.3G|1.00|unidad| |1600.00|1600.00|1|unidad||||
3|1|66|0000000021664|0|MENTHOPLUS MENTA X 29.4G|1.00|unidad| |1000.00|1000.00|1|unidad||||
3|1|66|0000000021662|0|MENTHOPLUS MENTOL X 29.4G|1.00|unidad| |1000.00|1000.00|1|unidad||||
3|1|66|0000000021044|0|MENTHOPLUS ZERO CARAMELOS DURAZNO X 26.6G|1.00|unidad| |1600.00|1600.00|1|unidad||||
3|1|66|0000000021047|0|MENTHOPLUS ZERO CARAMELOS STRONG X 26.6G|1.00|unidad| |1600.00|1600.00|1|unidad||||
3|1|66|7895144699851|1|MENTOS CARAMELOS MASTICABLES SAB.FRUTA X 29.7GR|1.00|unidad| |1200.00|1200.00|1|unidad||||
3|1|66|7895144699844|1|MENTOS CARAMELOS MASTICABLES SAB.MENTA X 29.7GR|1.00|unidad| |1200.00|1200.00|1|unidad||||
3|1|66|0000000021770|0|MERMELADAS X UNIDAD|1.00|unidad| |50.00|50.00|1|unidad||||
3|1|66|0000077903785|1|MILKA ALFAJOR MOUSSE TRIPLE X 55 GR.|1.00|unidad| |2800.00|2800.00|1|unidad||||
3|1|66|7622300457303|1|MILKA ALFAJOR TRIPLE BLANCO X 55G|1.00|unidad| |2800.00|2800.00|1|unidad||||
3|1|66|7622300844967|1|MILKA CHOCOLATE BLANCO CON DULCE DE LECHE X 67.5G|1.00|unidad| |7100.00|7100.00|1|unidad||||
3|1|66|7622300844943|1|MILKA CHOCOLATE C DULCE DE LECHE X 67.5G|1.00|unidad| |7100.00|7100.00|1|unidad||||
3|1|66|0000000021565|0|MILKA CHOCOLATE C/LECHE ALMENDRAS|1.00|unidad| |3290.00|3290.00|1|unidad||||
3|1|66|7622300990114|1|MILKA CHOCOLATE CON LECHE X 150G|1.00|unidad| |13800.00|13800.00|1|unidad||||
3|1|66|7622201818937|1|MILKA LEGER CHOCOLATE LECHE TABLETA X 50G|1.00|unidad| |5800.00|5800.00|1|unidad||||
3|1|66|7790580116958|1|MOGUL CARAMELO DE GOMA DINOS X 30G|1.00|unidad| |800.00|800.00|1|unidad||||
3|1|66|7790580129507|1|MOGUL CARAMELOS DE GOMA ACIDOS BOLSA X 60G|1.00|unidad| |1350.00|1350.00|1|unidad||||
3|1|66|7790580169312|1|MOGUL CARAMELOS DE GOMA CEREBRITOS X 30G|1.00|unidad| |1200.00|1200.00|1|unidad||||
3|1|66|7790580116460|1|MOGUL CARAMELOS DE GOMA EXTREME ACIDO ROLLO X 35G|1.00|unidad| |1200.00|1200.00|1|unidad||||
3|1|66|7790580603809|1|MOGUL CARAMELOS DE GOMA FRUTALES ROLLO X 35G|1.00|unidad| |1200.00|1200.00|1|unidad||||
3|1|66|7790580199913|1|MOGUL CARAMELOS DE GOMA OSITOS X 30 GR|1.00|unidad| |1200.00|1200.00|1|unidad||||
3|1|66|7790580200114|1|MOGUL CARAMELOS DE GOMA TIBURON X 30G|1.00|unidad| |1200.00|1200.00|1|unidad||||
3|1|66|7798422620014|1|MONSTER ENERGY GREEN X 473CC|1.00|unidad| |5200.00|5200.00|1|unidad||||
3|1|66|7798422620045|1|MONSTER MANGO LOCO 473|1.00|unidad| |5200.00|5200.00|1|unidad||||
3|1|66|7798422620021|1|MONSTER ULTRA x 473 CC|1.00|unidad| |5200.00|5200.00|1|unidad||||
3|1|66|1111111111142|1|MUFFIN CHIPS CHOC X UN|1.00|unidad| |3900.00|3900.00|1|unidad||||
3|1|66|1111111111145|1|MUFFIN VAINILLA C/DDL X UN|1.00|unidad| |3900.00|3900.00|1|unidad||||
3|1|66|7798304841261|1|NESQUIK NUTRIACTIV B HEL.CHOCOLATE CON CALCIN-N|1.00|unidad| |1800.00|1800.00|1|unidad||||
3|1|66|7622210723468|1|OREO GALLETITAS BAÑADAS CHOCOLATE x17gr|1.00|unidad| |200.00|200.00|1|unidad||||
3|1|66|7899975800523|1|Oreo Palito AR 20 x 65g|1.00|unidad| |6500.00|6500.00|1|unidad||||
3|1|66|7899975800509|1|OREO SANDWICH AR 81GR|1.00|unidad| |6500.00|6500.00|1|unidad||||
3|1|66|7798304841124|1|OREO TACITA X 95G|1.00|unidad| |6500.00|6500.00|1|unidad||||
3|1|66|0000000024088|0|PAN DE CHOCOLATE X UN|1.00|unidad| |3900.00|3900.00|1|unidad||||
3|1|66|7798024766110|1|PANINI GRIGLIATTI DE PECETO X 210G|1.00|unidad| |6650.00|6650.00|1|unidad||||
3|1|66|7791007000764|1|PAÑUELOS DESCARTABLES CAJA X 75 UNID|1.00|unidad| |3600.00|3600.00|1|unidad||||
3|1|66|7791070003482|1|PAÑUELOS DESCARTABLES X UNID|1.00|unidad| |700.00|700.00|1|unidad||||
3|1|66|7798024760781|1|PEBETE PECHUGA CRISPY X UN|1.00|unidad| |9200.00|9200.00|1|unidad||||
3|1|66|7798024760361|1|PECHUGA GRILLE C/VEGETAL DEL HUERTO X UN|1.00|unidad| |11500.00|11500.00|1|unidad||||
3|1|66|0000077915481|1|PEPITOS ALFAJOR TRIPLE DE CHOCOLATE X 57GR|1.00|unidad| |2800.00|2800.00|1|unidad||||
3|1|66|7791813828365|1|PEPSI BLACK PET X 500CC|1.00|unidad| |3100.00|3100.00|1|unidad||||
3|1|66|1111111111200|1|PICO DULCE CHUPETIN X 14 GR.|1.00|unidad| |500.00|500.00|1|unidad||||
3|1|66|7790895641183|1|POWERADE FRUTAS TROPICALES PET X 500CC|1.00|unidad| |3300.00|3300.00|1|unidad||||
3|1|66|7790895640018|1|POWERADE MANZANA PET X 500CC|1.00|unidad| |3300.00|3300.00|1|unidad||||
3|1|66|7790895640025|1|POWERADE MOUNTAIN BLAST PET X 500CC|1.00|unidad| |3300.00|3300.00|1|unidad||||
3|1|66|7791519200021|1|PRIME PRESERVATIVO ANATOMICO CAJA X 3 UNID.|1.00|unidad| |6000.00|6000.00|1|unidad||||
3|1|66|7791519200076|1|PRIME PRESERVATIVO ESPERMICIDA CAJA X 3 UNID.|1.00|unidad| |6000.00|6000.00|1|unidad||||
3|1|66|7791519000676|1|PRIME PRESERVATIVO EXTRA LUBRICADO CAJA X 3 UNID.|1.00|unidad| |6000.00|6000.00|1|unidad||||
3|1|66|7791519200045|1|PRIME PRESERVATIVO SUPERFINO CAJA X 3 UNID.|1.00|unidad| |6000.00|6000.00|1|unidad||||
3|1|66|7791519200090|1|PRIME PRESERVATIVO TACHAS CAJA X 3 UNID.|1.00|unidad| |6000.00|6000.00|1|unidad||||
3|1|66|7791519200069|1|PRIME PRESERVATIVO TEXTURADO CAJA X 3 UNID.|1.00|unidad| |6000.00|6000.00|1|unidad||||
3|1|66|7790742167101|1|Queso Finlandia Chef Cheddar 150gr PAQUETE INSUMO|1.00|unidad| |0.01|0.01|1|unidad||||
3|1|66|0045011111111|1|RED BULL ENERGY DRINK LATA X 250 CC|1.00|unidad| |5000.00|5000.00|1|unidad||||
3|1|66|0000090435225|1|RED BULL ENERGY DRINK LATA X 355 CC|1.00|unidad| |6200.00|6200.00|1|unidad||||
3|1|66|9002490232054|1|RED BULL ENERGY DRINK SUGAR FREE LATA X 250CC|1.00|unidad| |5000.00|5000.00|1|unidad||||
3|1|66|7790580327415|1|ROCKLETS CONFITES DE CHOCOLATE PAQ. X 40 GR|1.00|unidad| |2800.00|2800.00|1|unidad||||
3|1|66|7790580327613|1|ROCKLETS NARANJA MANI C/CHOCOLATE CONFITADO X 40G|1.00|unidad| |2800.00|2800.00|1|unidad||||
3|1|66|7798024760507|1|ROLL CHICKEN CAESAR X 210GR|1.00|unidad| |9600.00|9600.00|1|unidad||||
3|1|66|0000000023605|0|SACRAMENTO MEMBRILLO X UN|1.00|unidad| |1500.00|1500.00|1|unidad||||
3|1|66|7790580716806|1|SALADIX GALLETITAS SAB. CALABRESA CAJA X 100G|1.00|unidad| |2900.00|2900.00|1|unidad||||
3|1|66|7790580716707|1|SALADIX GALLETITAS SAB. JAMON CAJA X 100G|1.00|unidad| |2900.00|2900.00|1|unidad||||
3|1|66|7790580697303|1|SALADIX GALLETITAS SAB. PIZZA CAJA X 100G|1.00|unidad| |2900.00|2900.00|1|unidad||||
3|1|66|7790040374607|1|SALADIX GALLETITAS SAB.DUO CAJA X 80G|1.00|unidad| |2900.00|2900.00|1|unidad||||
3|1|66|7790040123434|1|SALADIX GALLETITAS SAB.KESITOS X80G|1.00|unidad| |2500.00|2500.00|1|unidad||||
3|1|66|0000077956699|1|SHOT ALFAJOR TRISHOT TRIPLE X 60G|1.00|unidad| |2800.00|2800.00|1|unidad||||
3|1|66|7622300424084|1|SHOT CHOCOLATE CON LECHE Y MANI TABLETA X 170 GR|1.00|unidad| |11900.00|11900.00|1|unidad||||
3|1|66|0000077914217|1|SHOT CHOCOLATE LECHE CON MANI TABLETA X 35G|1.00|unidad| |2900.00|2900.00|1|unidad||||
3|1|66|7798304841803|1|SIN PARAR CHOCOLATE DULCE DE LECHE X 90G|1.00|unidad| |2900.00|2900.00|1|unidad||||
3|1|66|7798304841797|1|SIN PARAR DULCE DE LECHE Y AMERICANA X 90G|1.00|unidad| |2900.00|2900.00|1|unidad||||
3|1|66|7798304841780|1|SIN PARAR FRUTILLA CREMA X 90G|1.00|unidad| |2900.00|2900.00|1|unidad||||
3|1|66|0022000018465|1|SKITTLES CONFITES ORIGINAL FRUIT PAQ.X 61.5GR|1.00|unidad| |4500.00|4500.00|1|unidad||||
3|1|66|0022000018489|1|SKITTLES CONFITES WILDBERRY PAQ.X 61.5GR|1.00|unidad| |4500.00|4500.00|1|unidad||||
3|1|66|7790895646027|1|SMART WATER C/G 591 ML|1.00|unidad| |3300.00|3300.00|1|unidad||||
3|1|66|7790895645778|1|SMART WATER S/G 591 ML|1.00|unidad| |3300.00|3300.00|1|unidad||||
3|1|66|7506174512248|1|SNICKERS BARRA RELL.MANI CUB.C/CHOCOLATE X 48 GR|1.00|unidad| |4500.00|4500.00|1|unidad||||
3|1|66|0522111111111|1|SPEED UNLIMITED LATA X 250CC|1.00|unidad| |3800.00|3800.00|1|unidad||||
3|1|66|0040000000518|1|STARBURST CARAMELO MASTICABLE SURTIDO PAQ.X 58.7G|1.00|unidad| |4900.00|4900.00|1|unidad||||
3|1|66|7790580060206|1|SUGUS CARAMELO MASTICABLE SUELTO X 3.3 GR|1.00|unidad| |50.00|50.00|1|unidad||||
3|1|66|7790580056001|1|SUGUS CONFITADOS CONFITES DE CARAMELO SURT.X 50 G|1.00|unidad| |2000.00|2000.00|1|unidad||||
3|1|66|7790387000849|1|TARAGUI MATE COCIDO X 25 UNID S ENS|1.00|unidad| |130.00|130.00|1|unidad||||
3|1|66|0029601111111|1|TARAGUI MATE LISTO X 35 GR.|1.00|unidad| |3900.00|3900.00|1|unidad||||
3|1|66|0029621111111|1|TARAGUI TERMO MATE-LISTO CAPACIDAD 500 CC.|1.00|unidad| |5800.00|5800.00|1|unidad||||
3|1|66|7790387013627|1|TARAGUI YERBA 4FLEX X 500 GR.|1.00|unidad| |4400.00|4400.00|1|unidad||||
3|1|66|0000077939234|1|TERRABUSI ALFAJOR CHOCOLATE X 50 GR|1.00|unidad| |1900.00|1900.00|1|unidad||||
3|1|66|0000077903792|1|TERRABUSI ALFAJOR TRIPLE CHOCOLATE X 70G.|1.00|unidad| |2800.00|2800.00|1|unidad||||
3|1|66|0000077903860|1|TERRABUSI ALFAJOR TRIPLE TIPO TORTA CHOCOLAT.X 70G|1.00|unidad| |2800.00|2800.00|1|unidad||||
3|1|66|7622300335052|1|TERRABUSI SNACKY X 60GR|1.00|unidad| |4400.00|4400.00|1|unidad||||
3|1|66|7861002910314|1|TIC TAC PASTILLAS SABOR MENTA CAJA X 16 GR.|1.00|unidad| |1500.00|1500.00|1|unidad||||
3|1|66|7861002910321|1|TIC TAC PASTILLAS SABOR NARANJA CAJA X 16 GR.|1.00|unidad| |1500.00|1500.00|1|unidad||||
3|1|66|7790580746612|1|TOFI CHOCOLATE C/LECHE RELLENO D.LECHE X 55G|1.00|unidad| |400.00|400.00|1|unidad||||
3|1|66|7798024760354|1|TOP PBT DE JAMON COCIDO Y QUESO X UN|1.00|unidad| |8200.00|8200.00|1|unidad||||
3|1|66|0000000019823|0|TOPLINE 7 CHICLE S/AZUCAR ATM STRONG X 14G|1.00|unidad| |1900.00|1900.00|1|unidad||||
3|1|66|0000000018843|0|TOPLINE 7 CHICLE S/AZUCAR MANDARINA  CAJA X 14G|1.00|unidad| |1900.00|1900.00|1|unidad||||
3|1|66|7790580120573|1|TOPLINE 7 ULTRA CLEAN X 24G|1.00|unidad| |3300.00|3300.00|1|unidad||||
3|1|66|7790580120702|1|TOPLINE 7 ULTRA GREEN MINT X 24G|1.00|unidad| |3300.00|3300.00|1|unidad||||
3|1|66|7790580121013|1|TOPLINE 7 ULTRA RED BERRY X 24G|1.00|unidad| |3300.00|3300.00|1|unidad||||
3|1|66|7798304841421|1|TORPEDO FRUTILLA|1.00|unidad| |2000.00|2000.00|1|unidad||||
3|1|66|7798304841414|1|TORPEDO LIMON|1.00|unidad| |2000.00|2000.00|1|unidad||||
3|1|66|7798024760460|1|TRIPLE MIGA BLANCO J.COCIDO Y QUESO X 3 UN|1.00|unidad| |8700.00|8700.00|1|unidad||||
3|1|66|7798024760477|1|TRIPLE MIGA NEGRO J.COCIDO Y QUESO X 3 UN|1.00|unidad| |8700.00|8700.00|1|unidad||||
3|1|66|7622202839962|1|VARIEDAD GALLETITAS DULCES SURTIDAS X 390GR.|1.00|unidad|VARIEDAD|5500.00|5500.00|1|unidad||||
3|1|66|0016871111111|1|VASO REUTILIZABLE|1.00|unidad| |4000.00|4000.00|1|unidad||||
3|1|66|0000000004361|0|VAUQUITA TABLETA DE DULCE DE LECHE X 25 GR.|1.00|unidad| |180.00|180.00|1|unidad||||
3|1|66|7790315100184|1|VDS LEVITE CERO AGUA S/G MANZANA PET X 500cc|1.00|unidad| |3100.00|3100.00|1|unidad||||
3|1|66|0021352111111|1|VDS LEVITE CERO AGUA S/G NARANJA PET X 500cc|1.00|unidad| |3100.00|3100.00|1|unidad||||
3|1|66|0021347111111|1|VILLA DEL SUR LEVITE S/G MANZANA PET X 500cc|1.00|unidad| |3100.00|3100.00|1|unidad||||
3|1|66|7798062548655|1|VILLA DEL SUR LEVITE S/G NARANJA PET X 500cc|1.00|unidad| |3100.00|3100.00|1|unidad||||
3|1|66|0021349111111|1|VILLA DEL SUR LEVITE S/G PERA PET X 500cc|1.00|unidad| |3100.00|3100.00|1|unidad||||
3|1|66|7799155000982|1|VILLA DEL SUR LEVITE S/G POMELO PET X 500cc|1.00|unidad| |3100.00|3100.00|1|unidad||||
3|1|66|7799155000210|1|VILLAVICENCIO AGUA FINAMENTE GASIFICADA PET X 1.5L|1.00|unidad| |4800.00|4800.00|1|unidad||||
3|1|66|7799155000203|1|VILLAVICENCIO AGUA FINAMENTE GASIFICADA PET X 500C|1.00|unidad| |3300.00|3300.00|1|unidad||||
3|1|66|0022000293220|1|Wrigleys Doubl 12.5g|1.00|unidad| |2500.00|2500.00|1|unidad||||
3|1|66|0022000293305|1|Wrigleys Spear 12.5g|1.00|unidad| |2500.00|2500.00|1|unidad||||
3|1|66|7791337010826|1|Yogurisimo Botellita Frutilla x 190g|1.00|unidad| |5500.00|5500.00|1|unidad||||
3|1|66|7798187760246|1|ZAFRAN BARRA DE CEREAL ALM/COCO X 28G|1.00|unidad| |1800.00|1800.00|1|unidad||||
3|1|66|7798187760277|1|ZAFRAN BARRA DE CEREAL CAJU/ZAPALLO 28G|1.00|unidad| |1800.00|1800.00|1|unidad||||
3|1|66|7798187760253|1|ZAFRAN BARRA DE CEREAL MANI/CACAO 28G|1.00|unidad| |1800.00|1800.00|1|unidad||||
3|1|66|7798187760260|1|ZAFRAN BARRA DE CEREAL MZNA/CHIA 28G|1.00|unidad| |1800.00|1800.00|1|unidad||||
3|1|599|7791813434412|1|7UP FREE PET X 1.5L|1.00|unidad| |5200.00|5200.00|1|unidad||||
3|1|599|0000000023897|0|AFEITADORA BIC COMFORT  3|1.00|unidad| |820.00|820.00|1|unidad||||
3|1|599|7790580109882|1|AGUILA EXTRAFINO 60% CACAO X 150 GR|1.00|unidad| |16100.00|16100.00|1|unidad||||
3|1|599|7790040133594|1|AGUILA MINITORTA BROWNIE X 72G|1.00|unidad| |3100.00|3100.00|1|unidad||||
3|1|599|7790040298705|1|AGUILA MINITORTA DDLECHE/MOUSSE SAB.VAINILLA X 72G|1.00|unidad| |3100.00|3100.00|1|unidad||||
3|1|599|0000000023956|0|ALFAJOR CHOCOLATE|1.00|unidad| |2350.00|2350.00|1|unidad||||
3|1|599|0000000023280|0|ALFAJORES DE MAICENA|1.00|unidad| |2350.00|2350.00|1|unidad||||
3|1|599|7790580607418|1|ARCOR CHOCOLATE BLANCO TABLETA X 25 GR|1.00|unidad| |2500.00|2500.00|1|unidad||||
3|1|599|7790580607210|1|ARCOR CHOCOLATE CON LECHE TABLETA X 25GR|1.00|unidad| |2500.00|2500.00|1|unidad||||
3|1|599|0000000001339|0|ARCOR OBLEA RELLENA C/PASTA DE TURRON Y MANI X 25G|1.00|unidad| |700.00|700.00|1|unidad||||
3|1|599|7793360294600|1|BC JUGO MANZANA TETRA X 200CC|1.00|unidad| |1300.00|1300.00|1|unidad||||
3|1|599|7793360246609|1|BC JUGO NARANJA TETRA X 200CC.|1.00|unidad| |1300.00|1300.00|1|unidad||||
3|1|599|7790580154264|1|BEB MULTIFRUTA BC 24X200ML|1.00|unidad| |1300.00|1300.00|1|unidad||||
3|1|599|7792730020559|1|BIZNIKKE NEVADO CHOCOLATE TABLETA X 120 GR.|1.00|unidad| |9200.00|9200.00|1|unidad||||
3|1|599|7790580722708|1|BOMBON TOFI LECHE X 15G|1.00|unidad| |2100.00|2100.00|1|unidad||||
3|1|599|7790040613607|1|Bon O Bon Alfajor Chocolate Blanco x40 gr|1.00|unidad| |2100.00|2100.00|1|unidad||||
3|1|599|7790040613706|1|BON O BON ALFAJOR CHOCOLATE NEGRO/LECHE X 40G|1.00|unidad| |2100.00|2100.00|1|unidad||||
3|1|599|0000000021586|0|BON-O-BON BOMBON AGUILA X 15G|1.00|unidad| |1100.00|1100.00|1|unidad||||
3|1|599|7790580119058|1|BON-O-BON BOMBON CHOCOLATE BLANCO X 15G|1.00|unidad| |1100.00|1100.00|1|unidad||||
3|1|599|0000000021587|0|BON-O-BON BOMBON CHOCOLINA X 15G|1.00|unidad| |1100.00|1100.00|1|unidad||||
3|1|599|7792360072409|1|BONAFIDE BOCADITO DDL X 16G|1.00|unidad| |1800.00|1800.00|1|unidad||||
3|1|599|0000000021151|0|BROWNIE ARTESANAL|1.00|unidad| |5850.00|5850.00|1|unidad||||
3|1|599|0000000023273|0|BUDIN BANANA Y DDL|1.00|unidad| |5300.00|5300.00|1|unidad||||
3|1|599|0000000021701|0|BUDIN DE FRUTOS SECOS|1.00|unidad| |5300.00|5300.00|1|unidad||||
3|1|599|0000000021700|0|BUDIN DE LIMON Y ARANDANOS|1.00|unidad| |5300.00|5300.00|1|unidad||||
3|1|599|7790407022011|1|CABSHA BOCADITO X 10G|1.00|unidad| |1000.00|1000.00|1|unidad||||
3|1|599|7798128000271|1|CACHAFAZ ALFAJOR MOUSSE X 50G|1.00|unidad| |3400.00|3400.00|1|unidad||||
3|1|599|7622201818739|1|CADBURY CHOCOLATE C/LECHE TRES SUEÑOS X 82G|1.00|unidad| |8200.00|8200.00|1|unidad||||
3|1|599|7622201818654|1|CADBURY CHOCOLATE RELLENO YOGHURT FRUTILLA X 29G|1.00|unidad| |3500.00|3500.00|1|unidad||||
3|1|599|7622202271250|1|Caram. Halls 12u Strong Nvo|1.00|unidad| |1350.00|1350.00|1|unidad||||
3|1|599|7622202247286|1|Caram. Halls Cherry Nvo 28 Grs|1.00|unidad| |1350.00|1350.00|1|unidad||||
3|1|599|7790895649301|1|CEPITA 20% NARANJA 200ML|1.00|unidad| |2200.00|2200.00|1|unidad||||
3|1|599|7790895009853|1|CEPITA JUGO MANZANA BOTELLA X 1L|1.00|unidad| |6100.00|6100.00|1|unidad||||
3|1|599|7790895000720|1|CEPITA JUGO MANZANA TETRA X 200CC.|1.00|unidad| |2200.00|2200.00|1|unidad||||
3|1|599|7790895647017|1|CEPITA JUGO MANZANA ZINC TETRA X 1 LT.|1.00|unidad| |4450.00|4450.00|1|unidad||||
3|1|599|7790895000737|1|CEPITA JUGO MULTIFRUTA TETRA X 200CC|1.00|unidad| |2200.00|2200.00|1|unidad||||
3|1|599|7790895647123|1|CEPITA JUGO MULTIFRUTA ZINC TETRA X 1 LT.|1.00|unidad| |4450.00|4450.00|1|unidad||||
3|1|599|7790895648267|1|CEPITA NARANJA 20% 1L|1.00|unidad| |4450.00|4450.00|1|unidad||||
3|1|599|7790895009815|1|CEPITA NARANJA 995CC|1.00|unidad| |6100.00|6100.00|1|unidad||||
3|1|599|0000000022630|0|CEREAL MIX BARRA DE CEREAL C/FRUTILLA&YOGHURT X26G|1.00|unidad| |2000.00|2000.00|1|unidad||||
3|1|599|0000000001341|0|CEREAL MIX BARRA DE CEREAL X 23G|1.00|unidad| |2000.00|2000.00|1|unidad||||
3|1|599|0000000022631|0|CEREAL MIX BARRA DE CEREAL YOGH/FRUTIL.L.X26g|1.00|unidad| |2000.00|2000.00|1|unidad||||
3|1|599|7790580123345|1|CH. TL7 MENTHOL 20X16X14G|1.00|unidad| |2300.00|2300.00|1|unidad||||
3|1|599|0000000019822|0|CH. TL7 VIBR. STRAW. 20X16X14G|1.00|unidad| |2300.00|2300.00|1|unidad||||
3|1|599|7790580104252|1|CH. TL7 VIOL. CHERRY 20X16X14G|1.00|unidad| |2300.00|2300.00|1|unidad||||
3|1|599|7790580317607|1|CH. TL7 XPLOS. MINT 20X16X14G|1.00|unidad| |2300.00|2300.00|1|unidad||||
3|1|599|8445290701961|1|Choc Bananita Dolca 30 grs|1.00|unidad| |2400.00|2400.00|1|unidad||||
3|1|599|8445290701596|1|Choc. Bananita Dolca 14grs|1.00|unidad| |1400.00|1400.00|1|unidad||||
3|1|599|7622202328947|1|Choc. Milka 55g Leche NVO|1.00|unidad| |6400.00|6400.00|1|unidad||||
3|1|599|7790070418296|1|Chocoarroz Blanco est. 22g|1.00|unidad| |2000.00|2000.00|1|unidad||||
3|1|599|7790070418203|1|Chocoarroz DL 22 gr|1.00|unidad| |2000.00|2000.00|1|unidad||||
3|1|599|7790580103521|1|CHOCOLATE LECHE CON CONFITES COFLER X 55 G|1.00|unidad| |6200.00|6200.00|1|unidad||||
3|1|599|7798304840851|1|CHOMPAlmedC/SsaDDL6x180g|1.00|unidad| |10700.00|10700.00|1|unidad||||
3|1|599|7798130953640|1|CHUPETIN COCO POP X 17 G|1.00|unidad| |3600.00|3600.00|1|unidad||||
3|1|599|7798130954777|1|CHUPETIN EMOTI POP 11GR|1.00|unidad| |3600.00|3600.00|1|unidad||||
3|1|599|0000000023604|0|CIRCULAR MEMBRILLO X UN|1.00|unidad| |1700.00|1700.00|1|unidad||||
3|1|599|7798085680516|1|CITRIC JUGO NARANJA MANGO TETRA X 500CC|1.00|unidad| |3850.00|3850.00|1|unidad||||
3|1|599|7798085681834|1|CITRIC JUGO NARANJA TETRA X 1L|1.00|unidad| |5750.00|5750.00|1|unidad||||
3|1|599|7798085681445|1|CITRIC JUGO NARANJA TETRA X 250CC|1.00|unidad| |2200.00|2200.00|1|unidad||||
3|1|599|7798085681452|1|CITRIC JUGO NARANJA TETRA X 500CC|1.00|unidad| |3850.00|3850.00|1|unidad||||
3|1|599|7798085680295|1|CITRIC JUGO NARANJA/ DURAZNO TETRA X 500CC|1.00|unidad| |3850.00|3850.00|1|unidad||||
3|1|599|7790895000997|1|COCA-COLA X 2.25L|1.00|unidad| |8950.00|8950.00|1|unidad||||
3|1|599|7790040659605|1|COFLER BLOCK ALFAJOR CHOCOLATE X 60 G|1.00|unidad| |3100.00|3100.00|1|unidad||||
3|1|599|0000000018365|0|COFLER BLOCK CHOCOLATE C/LECHE Y MANI TAB.X 110GR|1.00|unidad| |8300.00|8300.00|1|unidad||||
3|1|599|0000000015301|0|COFLER BLOCK CHOCOLATE C/LECHE Y MANI TAB.X 38GR|1.00|unidad| |3400.00|3400.00|1|unidad||||
3|1|599|7790580105013|1|COFLER BLOCK CHOCOLATE X 170G|1.00|unidad| |14000.00|14000.00|1|unidad||||
3|1|599|7790580115579|1|COFLER BLOCK CHOCOLATE X 1KG|1.00|unidad| |66200.00|66200.00|1|unidad||||
3|1|599|7790580103385|1|COFLER CHOCOLATE AIREADO BCO/LECHE X 27 GR.|1.00|unidad| |3600.00|3600.00|1|unidad||||
3|1|599|7790580103378|1|COFLER CHOCOLATE AIREADO BLANCO X 27 GR.|1.00|unidad| |3600.00|3600.00|1|unidad||||
3|1|599|7790580115869|1|COFLER CHOCOLATE AIREADO BON O BON X 67G|1.00|unidad| |7000.00|7000.00|1|unidad||||
3|1|599|7790580103361|1|COFLER CHOCOLATE AIREADO LECHE X 27 GR.|1.00|unidad| |3600.00|3600.00|1|unidad||||
3|1|599|7790580043407|1|COFLER CHOCOLATE AIREADO LECHE X 55G|1.00|unidad| |7100.00|7100.00|1|unidad||||
3|1|599|7790580003531|1|COFLER CHOCOLATE BCO&COOK X 55G|1.00|unidad| |6200.00|6200.00|1|unidad||||
3|1|599|7790580043506|1|COFLER CHOCOLATE LECHE CON ALMENDRAS X 55G|1.00|unidad| |6200.00|6200.00|1|unidad||||
3|1|599|0000000024109|0|CRIOLLITO X UN|1.00|unidad| |1700.00|1700.00|1|unidad||||
3|1|599|0000000023957|0|CROISSANT J Y Q|1.00|unidad| |6400.00|6400.00|1|unidad||||
3|1|599|7798024760798|1|CROQUE MONSIEUR J Y Q BLANCO X UN|1.00|unidad| |10100.00|10100.00|1|unidad||||
3|1|599|7798024760804|1|CROQUE MONSIEUR J Y Q NEGRO X UN|1.00|unidad| |10100.00|10100.00|1|unidad||||
3|1|599|0000000020568|0|CUADRADO DE PASTA FROLA|1.00|unidad| |5300.00|5300.00|1|unidad||||
3|1|599|0000000023543|0|DELIVERY MEDIALUNAS X 6 UNIDADES|1.00|unidad| |205.00|205.00|1|unidad||||
3|1|599|7795735000106|1|DON SATUR TALITAS X 140GR|1.00|unidad| |2800.00|2800.00|1|unidad||||
3|1|599|7790206007509|1|DOS CORAZONES BOCADITO CHOC.C/LECHE RELL. X 26GR|1.00|unidad| |2200.00|2200.00|1|unidad||||
3|1|599|7792799000035|1|ECO DE LOS ANDES AGUA CON GAS PET X 500CC.|1.00|unidad| |3300.00|3300.00|1|unidad||||
3|1|599|7798128000486|1|EL CACHAFAZ ALFAJOR BLANCO FLOWPACK X 60 GR|1.00|unidad| |3300.00|3300.00|1|unidad||||
3|1|599|7798128000462|1|EL CACHAFAZ ALFAJOR CHOCOLATE FLOWPACK X 60 GR|1.00|unidad| |3200.00|3200.00|1|unidad||||
3|1|599|7798128001940|1|EL CACHAFAZ ALFAJOR DE MAICENA X 76G|1.00|unidad| |3300.00|3300.00|1|unidad||||
3|1|599|7798128001797|1|EL CACHAFAZ CONITO DULCE DE LECHE X 38G|1.00|unidad| |2700.00|2700.00|1|unidad||||
3|1|599|7798024760569|1|ENSALADA CESAR  PREMIUM X UN|1.00|unidad| |14300.00|14300.00|1|unidad||||
3|1|599|7798024760392|1|ENSALADA CHEF PREMIUM X UN|1.00|unidad| |14300.00|14300.00|1|unidad||||
3|1|599|7798024766417|1|ENSALADA MIX VEG.C/PECHUGUITAS AL SESAMO X UN|1.00|unidad| |14300.00|14300.00|1|unidad||||
3|1|599|7613035242524|1|EPA DDL MAX 88GR|1.00|unidad| |6800.00|6800.00|1|unidad||||
3|1|599|7613035242500|1|EPA ROCKER X 88G|1.00|unidad| |6800.00|6800.00|1|unidad||||
3|1|599|7898024390121|1|FERRERO ROCHER BOMBON CHOC.RELL.PAQ.3 UNID X 37.5G|1.00|unidad| |5600.00|5600.00|1|unidad||||
3|1|599|7798024760255|1|FIGAZZITAS DE SALAME Y QUESO X 2 UN|1.00|unidad| |9100.00|9100.00|1|unidad||||
3|1|599|7798147780062|1|Franui sabor Black 150gr|1.00|unidad| |8500.00|8500.00|1|unidad||||
3|1|599|7798147783223|1|Franui sabor Leche 150gr|1.00|unidad| |8500.00|8500.00|1|unidad||||
3|1|599|7790070431936|1|Gallo YoguBar 20gr|1.00|unidad| |1800.00|1800.00|1|unidad||||
3|1|599|0067061111111|1|GATORADE COOL BLUE PET X 500CC|1.00|unidad| |4300.00|4300.00|1|unidad||||
3|1|599|0071971211111|1|GATORADE FRUTOS TROPICALES PET X 750CC|1.00|unidad| |5200.00|5200.00|1|unidad||||
3|1|599|0066011111111|1|GATORADE MANZANA PET X 500CC|1.00|unidad| |4300.00|4300.00|1|unidad||||
3|1|599|0042831111111|1|GATORADE MANZANA PET X 750CC|1.00|unidad| |5100.00|5100.00|1|unidad||||
3|1|599|0006602111111|1|GATORADE NARANJA PET X 500CC|1.00|unidad| |4300.00|4300.00|1|unidad||||
3|1|599|7798024766103|1|GRANDWICH PANINI GRIGLIATTI JAM/QUE/TOM/HUE X 210G|1.00|unidad| |7350.00|7350.00|1|unidad||||
3|1|599|0000000023445|0|HALLS FREE MENTA X 28 G|1.00|unidad| |1500.00|1500.00|1|unidad||||
3|1|599|7791249450277|1|HALLS MENTA LYPTUS CARAMELOS DUROS PAQ.X 28G|1.00|unidad| |1300.00|1300.00|1|unidad||||
3|1|599|0000000023603|0|ICEDREAM CIRCULAR PASTELERA X UN|1.00|unidad| |1700.00|1700.00|1|unidad||||
3|1|599|0028411111111|1|JORGITO ALFAJOR BLANCO X 50G|1.00|unidad| |1800.00|1800.00|1|unidad||||
3|1|599|0011111112842|1|JORGITO ALFAJOR CHOCOLATE X 55G|1.00|unidad| |1800.00|1800.00|1|unidad||||
3|1|599|7790957000545|1|JORGITO MINI ALFAJOR CHOCOLATE PAQ.X 6 UNID.|1.00|unidad| |4900.00|4900.00|1|unidad||||
3|1|599|7790957000538|1|JORGITO MINI ALFAJOR GLACEADO PAQ.X 6 UNID.X 155GR|1.00|unidad| |4900.00|4900.00|1|unidad||||
3|1|599|0000080052760|1|KINDER BUENO OBLEA CHOCOLATE CON LECHE X 43G|1.00|unidad| |4900.00|4900.00|1|unidad||||
3|1|599|0000077949677|1|KINDER CHOCOLATE X 50G|1.00|unidad| |5700.00|5700.00|1|unidad||||
3|1|599|7891000379073|1|KIT KAT DARK OBLEA BAÑADA CHOCOLATE X 41.5G|1.00|unidad| |3000.00|3000.00|1|unidad||||
3|1|599|7891000379028|1|KIT KAT OBLEA BAÑADA CHOCOLATE BLANCO X 41.5G|1.00|unidad| |3000.00|3000.00|1|unidad||||
3|1|599|7791337007260|1|Leche chocolatada Cindor 200ml|1.00|unidad| |3800.00|3800.00|1|unidad||||
3|1|599|7791337007253|1|Leche chocolatada Cindor x 1L|1.00|unidad| |11500.00|11500.00|1|unidad||||
3|1|599|7798368470391|1|LUCCIANO´S CHANTILLY X 100GR (02)|1.00|unidad| |7400.00|7400.00|1|unidad||||
3|1|599|7798368470384|1|LUCCIANO´S CHOCOLATE C/CROCANTE X 100GR (01)|1.00|unidad| |7400.00|7400.00|1|unidad||||
3|1|599|7798368470421|1|LUCCIANO´S CHOCOLATE X 90GR (05)|1.00|unidad| |7400.00|7400.00|1|unidad||||
3|1|599|7798368470438|1|LUCCIANO´S DDL C/ CROCANTE X 90GR (06)|1.00|unidad| |7400.00|7400.00|1|unidad||||
3|1|599|0000000024240|0|LUCCIANO´S DDL X 90GR (03)|1.00|unidad| |6000.00|6000.00|1|unidad||||
3|1|599|7798368470476|1|LUCCIANO´S MINION ICE POP X 100GR (10)|1.00|unidad| |7900.00|7900.00|1|unidad||||
3|1|599|7798368470469|1|LUCCIANO´S OLI KING X 90GR (09)|1.00|unidad| |7800.00|7800.00|1|unidad||||
3|1|599|7798368470735|1|LUCCIANO´S PISTACCHIO X 95GR (08)|1.00|unidad| |7800.00|7800.00|1|unidad||||
3|1|599|7798368470414|1|LUCCIANO´S SORBETE PATAGONIA X 90GR (04)|1.00|unidad| |7400.00|7400.00|1|unidad||||
3|1|599|7613034797469|1|LUXOR BOMBON HELADO 53G|1.00|unidad| |3100.00|3100.00|1|unidad||||
3|1|599|7797453001441|1|M&M Chocolate 48 Grs|1.00|unidad| |5000.00|5000.00|1|unidad||||
3|1|599|7797453001458|1|M&M MANI PAQ. X 49 GR|1.00|unidad| |5000.00|5000.00|1|unidad||||
3|1|599|7790387015324|1|MAÑANITA YERBA 4FLEX X 500 GR|1.00|unidad| |4600.00|4600.00|1|unidad||||
3|1|599|7790206006106|1|MARROC BOCADITO X 14 GR.|1.00|unidad| |1250.00|1250.00|1|unidad||||
3|1|599|7798024760125|1|MAX PREMIUM JyQ-TOM-HUE- PAN NGO X UN|1.00|unidad| |10600.00|10600.00|1|unidad||||
3|1|599|7798024766172|1|MAX PREMIUM POLLO-RU-PAR-PAN NGO X UN|1.00|unidad| |10600.00|10600.00|1|unidad||||
3|1|599|7798024760552|1|MAX TRIANGULO LIGHT POLLO-LEC-PAN NGO X UN|1.00|unidad| |10600.00|10600.00|1|unidad||||
3|1|599|0000000023602|0|MEDIALUNA DE GRASA X UN|1.00|unidad| |1700.00|1700.00|1|unidad||||
3|1|599|0000000023601|0|MEDIALUNA DE MANTECA X UN|1.00|unidad| |1700.00|1700.00|1|unidad||||
3|1|599|7891000120057|1|MEGA AMERICANA CON ALMENDRAS X 74g|1.00|unidad| |7600.00|7600.00|1|unidad||||
3|1|599|0000000020546|0|MENTHO-PLUS ACIDOS CEREZA X 27.2G|1.00|unidad| |1900.00|1900.00|1|unidad||||
3|1|599|0000000020540|0|MENTHO-PLUS ACIDOS NARANJA X 27.2G|1.00|unidad| |1900.00|1900.00|1|unidad||||
3|1|599|0000000021660|0|MENTHO-PLUS CARAMELOS INHALANTES DE CEREZA X 29.4G|1.00|unidad| |1000.00|1000.00|1|unidad||||
3|1|599|0000000021663|0|MENTHO-PLUS CARAMELOS INHALANTES MIEL X 29.4G|1.00|unidad| |1000.00|1000.00|1|unidad||||
3|1|599|0000000021661|0|MENTHO-PLUS CARAMELOS INHALANTES STRONG X 29.4G|1.00|unidad| |1000.00|1000.00|1|unidad||||
3|1|599|0000000017476|0|MENTHO-PLUS CARAMELOS SIN AZUCAR CHERRY X 27.3G|1.00|unidad| |1900.00|1900.00|1|unidad||||
3|1|599|0000000017474|0|MENTHO-PLUS CARAMELOS SIN AZUCAR MENTOL X 27.3G|1.00|unidad| |1900.00|1900.00|1|unidad||||
3|1|599|0000000021664|0|MENTHOPLUS MENTA X 29.4G|1.00|unidad| |1000.00|1000.00|1|unidad||||
3|1|599|0000000021662|0|MENTHOPLUS MENTOL X 29.4G|1.00|unidad| |1000.00|1000.00|1|unidad||||
3|1|599|0000000021044|0|MENTHOPLUS ZERO CARAMELOS DURAZNO X 26.6G|1.00|unidad| |1900.00|1900.00|1|unidad||||
3|1|599|0000000021047|0|MENTHOPLUS ZERO CARAMELOS STRONG X 26.6G|1.00|unidad| |1900.00|1900.00|1|unidad||||
3|1|599|7895144699851|1|MENTOS CARAMELOS MASTICABLES SAB.FRUTA X 29.7GR|1.00|unidad| |1300.00|1300.00|1|unidad||||
3|1|599|7895144699844|1|MENTOS CARAMELOS MASTICABLES SAB.MENTA X 29.7GR|1.00|unidad| |1300.00|1300.00|1|unidad||||
3|1|599|0000000021770|0|MERMELADAS X UNIDAD|1.00|unidad| |50.00|50.00|1|unidad||||
3|1|599|0000077903785|1|MILKA ALFAJOR MOUSSE TRIPLE X 55 GR.|1.00|unidad| |3000.00|3000.00|1|unidad||||
3|1|599|7622300457303|1|MILKA ALFAJOR TRIPLE BLANCO X 55G|1.00|unidad| |3000.00|3000.00|1|unidad||||
3|1|599|7622300844967|1|MILKA CHOCOLATE BLANCO CON DULCE DE LECHE X 67.5G|1.00|unidad| |7200.00|7200.00|1|unidad||||
3|1|599|7622300844943|1|MILKA CHOCOLATE C DULCE DE LECHE X 67.5G|1.00|unidad| |7400.00|7400.00|1|unidad||||
3|1|599|0000000021565|0|MILKA CHOCOLATE C/LECHE ALMENDRAS|1.00|unidad| |3510.00|3510.00|1|unidad||||
3|1|599|7622300990114|1|MILKA CHOCOLATE CON LECHE X 150G|1.00|unidad| |14100.00|14100.00|1|unidad||||
3|1|599|7622201818937|1|MILKA LEGER CHOCOLATE LECHE TABLETA X 50G|1.00|unidad| |6100.00|6100.00|1|unidad||||
3|1|599|7790580116958|1|MOGUL CARAMELO DE GOMA DINOS X 30G|1.00|unidad| |850.00|850.00|1|unidad||||
3|1|599|7790580129507|1|MOGUL CARAMELOS DE GOMA ACIDOS BOLSA X 60G|1.00|unidad| |1400.00|1400.00|1|unidad||||
3|1|599|7790580169312|1|MOGUL CARAMELOS DE GOMA CEREBRITOS X 30G|1.00|unidad| |1200.00|1200.00|1|unidad||||
3|1|599|7790580116460|1|MOGUL CARAMELOS DE GOMA EXTREME ACIDO ROLLO X 35G|1.00|unidad| |1200.00|1200.00|1|unidad||||
3|1|599|7790580603809|1|MOGUL CARAMELOS DE GOMA FRUTALES ROLLO X 35G|1.00|unidad| |1200.00|1200.00|1|unidad||||
3|1|599|7790580199913|1|MOGUL CARAMELOS DE GOMA OSITOS X 30 GR|1.00|unidad| |1200.00|1200.00|1|unidad||||
3|1|599|7790580200114|1|MOGUL CARAMELOS DE GOMA TIBURON X 30G|1.00|unidad| |1200.00|1200.00|1|unidad||||
3|1|599|7798422620014|1|MONSTER ENERGY GREEN X 473CC|1.00|unidad| |5500.00|5500.00|1|unidad||||
3|1|599|7798422620045|1|MONSTER MANGO LOCO 473|1.00|unidad| |5500.00|5500.00|1|unidad||||
3|1|599|7798422620021|1|MONSTER ULTRA x 473 CC|1.00|unidad| |5500.00|5500.00|1|unidad||||
3|1|599|1111111111142|1|MUFFIN CHIPS CHOC X UN|1.00|unidad| |4300.00|4300.00|1|unidad||||
3|1|599|1111111111145|1|MUFFIN VAINILLA C/DDL X UN|1.00|unidad| |4300.00|4300.00|1|unidad||||
3|1|599|7798304841261|1|NESQUIK NUTRIACTIV B HEL.CHOCOLATE CON CALCIN-N|1.00|unidad| |1900.00|1900.00|1|unidad||||
3|1|599|7622210723468|1|OREO GALLETITAS BAÑADAS CHOCOLATE x17gr|1.00|unidad| |200.00|200.00|1|unidad||||
3|1|599|7899975800523|1|Oreo Palito AR 20 x 65g|1.00|unidad| |6800.00|6800.00|1|unidad||||
3|1|599|7899975800509|1|OREO SANDWICH AR 81GR|1.00|unidad| |6800.00|6800.00|1|unidad||||
3|1|599|7798304841124|1|OREO TACITA X 95G|1.00|unidad| |6800.00|6800.00|1|unidad||||
3|1|599|0000000024088|0|PAN DE CHOCOLATE X UN|1.00|unidad| |4300.00|4300.00|1|unidad||||
3|1|599|7798024766110|1|PANINI GRIGLIATTI DE PECETO X 210G|1.00|unidad| |7350.00|7350.00|1|unidad||||
3|1|599|7791007000764|1|PAÑUELOS DESCARTABLES CAJA X 75 UNID|1.00|unidad| |3600.00|3600.00|1|unidad||||
3|1|599|7791070003482|1|PAÑUELOS DESCARTABLES X UNID|1.00|unidad| |700.00|700.00|1|unidad||||
3|1|599|7798024760781|1|PEBETE PECHUGA CRISPY X UN|1.00|unidad| |10200.00|10200.00|1|unidad||||
3|1|599|7798024760361|1|PECHUGA GRILLE C/VEGETAL DEL HUERTO X UN|1.00|unidad| |12700.00|12700.00|1|unidad||||
3|1|599|0000077915481|1|PEPITOS ALFAJOR TRIPLE DE CHOCOLATE X 57GR|1.00|unidad| |3000.00|3000.00|1|unidad||||
3|1|599|7791813828365|1|PEPSI BLACK PET X 500CC|1.00|unidad| |3450.00|3450.00|1|unidad||||
3|1|599|1111111111200|1|PICO DULCE CHUPETIN X 14 GR.|1.00|unidad| |500.00|500.00|1|unidad||||
3|1|599|7790895641183|1|POWERADE FRUTAS TROPICALES PET X 500CC|1.00|unidad| |3500.00|3500.00|1|unidad||||
3|1|599|7790895640018|1|POWERADE MANZANA PET X 500CC|1.00|unidad| |3500.00|3500.00|1|unidad||||
3|1|599|7790895640025|1|POWERADE MOUNTAIN BLAST PET X 500CC|1.00|unidad| |3500.00|3500.00|1|unidad||||
3|1|599|7791519200021|1|PRIME PRESERVATIVO ANATOMICO CAJA X 3 UNID.|1.00|unidad| |6300.00|6300.00|1|unidad||||
3|1|599|7791519200076|1|PRIME PRESERVATIVO ESPERMICIDA CAJA X 3 UNID.|1.00|unidad| |6300.00|6300.00|1|unidad||||
3|1|599|7791519000676|1|PRIME PRESERVATIVO EXTRA LUBRICADO CAJA X 3 UNID.|1.00|unidad| |6300.00|6300.00|1|unidad||||
3|1|599|7791519200045|1|PRIME PRESERVATIVO SUPERFINO CAJA X 3 UNID.|1.00|unidad| |6300.00|6300.00|1|unidad||||
3|1|599|7791519200090|1|PRIME PRESERVATIVO TACHAS CAJA X 3 UNID.|1.00|unidad| |6300.00|6300.00|1|unidad||||
3|1|599|7791519200069|1|PRIME PRESERVATIVO TEXTURADO CAJA X 3 UNID.|1.00|unidad| |6300.00|6300.00|1|unidad||||
3|1|599|7790742167101|1|Queso Finlandia Chef Cheddar 150gr PAQUETE INSUMO|1.00|unidad| |685.00|685.00|1|unidad||||
3|1|599|0045011111111|1|RED BULL ENERGY DRINK LATA X 250 CC|1.00|unidad| |5500.00|5500.00|1|unidad||||
3|1|599|0000090435225|1|RED BULL ENERGY DRINK LATA X 355 CC|1.00|unidad| |6900.00|6900.00|1|unidad||||
3|1|599|9002490232054|1|RED BULL ENERGY DRINK SUGAR FREE LATA X 250CC|1.00|unidad| |5500.00|5500.00|1|unidad||||
3|1|599|7790580327415|1|ROCKLETS CONFITES DE CHOCOLATE PAQ. X 40 GR|1.00|unidad| |3100.00|3100.00|1|unidad||||
3|1|599|7790580327613|1|ROCKLETS NARANJA MANI C/CHOCOLATE CONFITADO X 40G|1.00|unidad| |3100.00|3100.00|1|unidad||||
3|1|599|7798024760507|1|ROLL CHICKEN CAESAR X 210GR|1.00|unidad| |10600.00|10600.00|1|unidad||||
3|1|599|0000000023605|0|SACRAMENTO MEMBRILLO X UN|1.00|unidad| |1700.00|1700.00|1|unidad||||
3|1|599|7790580716806|1|SALADIX GALLETITAS SAB. CALABRESA CAJA X 100G|1.00|unidad| |3200.00|3200.00|1|unidad||||
3|1|599|7790580716707|1|SALADIX GALLETITAS SAB. JAMON CAJA X 100G|1.00|unidad| |3200.00|3200.00|1|unidad||||
3|1|599|7790580697303|1|SALADIX GALLETITAS SAB. PIZZA CAJA X 100G|1.00|unidad| |3200.00|3200.00|1|unidad||||
3|1|599|7790040374607|1|SALADIX GALLETITAS SAB.DUO CAJA X 80G|1.00|unidad| |3200.00|3200.00|1|unidad||||
3|1|599|7790040123434|1|SALADIX GALLETITAS SAB.KESITOS X80G|1.00|unidad| |2700.00|2700.00|1|unidad||||
3|1|599|0000077956699|1|SHOT ALFAJOR TRISHOT TRIPLE X 60G|1.00|unidad| |3000.00|3000.00|1|unidad||||
3|1|599|7622300424084|1|SHOT CHOCOLATE CON LECHE Y MANI TABLETA X 170 GR|1.00|unidad| |12500.00|12500.00|1|unidad||||
3|1|599|0000077914217|1|SHOT CHOCOLATE LECHE CON MANI TABLETA X 35G|1.00|unidad| |3000.00|3000.00|1|unidad||||
3|1|599|7798304841803|1|SIN PARAR CHOCOLATE DULCE DE LECHE X 90G|1.00|unidad| |3000.00|3000.00|1|unidad||||
3|1|599|7798304841797|1|SIN PARAR DULCE DE LECHE Y AMERICANA X 90G|1.00|unidad| |3000.00|3000.00|1|unidad||||
3|1|599|7798304841780|1|SIN PARAR FRUTILLA CREMA X 90G|1.00|unidad| |3000.00|3000.00|1|unidad||||
3|1|599|0022000018465|1|SKITTLES CONFITES ORIGINAL FRUIT PAQ.X 61.5GR|1.00|unidad| |4700.00|4700.00|1|unidad||||
3|1|599|0022000018489|1|SKITTLES CONFITES WILDBERRY PAQ.X 61.5GR|1.00|unidad| |4700.00|4700.00|1|unidad||||
3|1|599|7790895646027|1|SMART WATER C/G 591 ML|1.00|unidad| |3500.00|3500.00|1|unidad||||
3|1|599|7790895645778|1|SMART WATER S/G 591 ML|1.00|unidad| |3500.00|3500.00|1|unidad||||
3|1|599|7506174512248|1|SNICKERS BARRA RELL.MANI CUB.C/CHOCOLATE X 48 GR|1.00|unidad| |4700.00|4700.00|1|unidad||||
3|1|599|0522111111111|1|SPEED UNLIMITED LATA X 250CC|1.00|unidad| |4200.00|4200.00|1|unidad||||
3|1|599|0040000000518|1|STARBURST CARAMELO MASTICABLE SURTIDO PAQ.X 58.7G|1.00|unidad| |5100.00|5100.00|1|unidad||||
3|1|599|7790580060206|1|SUGUS CARAMELO MASTICABLE SUELTO X 3.3 GR|1.00|unidad| |50.00|50.00|1|unidad||||
3|1|599|7790580056001|1|SUGUS CONFITADOS CONFITES DE CARAMELO SURT.X 50 G|1.00|unidad| |2000.00|2000.00|1|unidad||||
3|1|599|7790387000849|1|TARAGUI MATE COCIDO X 25 UNID S ENS|1.00|unidad| |135.00|135.00|1|unidad||||
3|1|599|0029601111111|1|TARAGUI MATE LISTO X 35 GR.|1.00|unidad| |4000.00|4000.00|1|unidad||||
3|1|599|0029621111111|1|TARAGUI TERMO MATE-LISTO CAPACIDAD 500 CC.|1.00|unidad| |5900.00|5900.00|1|unidad||||
3|1|599|7790387013627|1|TARAGUI YERBA 4FLEX X 500 GR.|1.00|unidad| |4600.00|4600.00|1|unidad||||
3|1|599|0000077939234|1|TERRABUSI ALFAJOR CHOCOLATE X 50 GR|1.00|unidad| |2000.00|2000.00|1|unidad||||
3|1|599|0000077903792|1|TERRABUSI ALFAJOR TRIPLE CHOCOLATE X 70G.|1.00|unidad| |3000.00|3000.00|1|unidad||||
3|1|599|0000077903860|1|TERRABUSI ALFAJOR TRIPLE TIPO TORTA CHOCOLAT.X 70G|1.00|unidad| |3000.00|3000.00|1|unidad||||
3|1|599|7622300335052|1|TERRABUSI SNACKY X 60GR|1.00|unidad| |4600.00|4600.00|1|unidad||||
3|1|599|7861002910314|1|TIC TAC PASTILLAS SABOR MENTA CAJA X 16 GR.|1.00|unidad| |1600.00|1600.00|1|unidad||||
3|1|599|7861002910321|1|TIC TAC PASTILLAS SABOR NARANJA CAJA X 16 GR.|1.00|unidad| |1600.00|1600.00|1|unidad||||
3|1|599|7790580746612|1|TOFI CHOCOLATE C/LECHE RELLENO D.LECHE X 55G|1.00|unidad| |400.00|400.00|1|unidad||||
3|1|599|7798024760354|1|TOP PBT DE JAMON COCIDO Y QUESO X UN|1.00|unidad| |9100.00|9100.00|1|unidad||||
3|1|599|0000000019823|0|TOPLINE 7 CHICLE S/AZUCAR ATM STRONG X 14G|1.00|unidad| |2300.00|2300.00|1|unidad||||
3|1|599|0000000018843|0|TOPLINE 7 CHICLE S/AZUCAR MANDARINA  CAJA X 14G|1.00|unidad| |2300.00|2300.00|1|unidad||||
3|1|599|7790580120573|1|TOPLINE 7 ULTRA CLEAN X 24G|1.00|unidad| |3600.00|3600.00|1|unidad||||
3|1|599|7790580120702|1|TOPLINE 7 ULTRA GREEN MINT X 24G|1.00|unidad| |3600.00|3600.00|1|unidad||||
3|1|599|7790580121013|1|TOPLINE 7 ULTRA RED BERRY X 24G|1.00|unidad| |3600.00|3600.00|1|unidad||||
3|1|599|7798304841421|1|TORPEDO FRUTILLA|1.00|unidad| |2100.00|2100.00|1|unidad||||
3|1|599|7798304841414|1|TORPEDO LIMON|1.00|unidad| |2100.00|2100.00|1|unidad||||
3|1|599|7798024760460|1|TRIPLE MIGA BLANCO J.COCIDO Y QUESO X 3 UN|1.00|unidad| |9600.00|9600.00|1|unidad||||
3|1|599|7798024760477|1|TRIPLE MIGA NEGRO J.COCIDO Y QUESO X 3 UN|1.00|unidad| |9600.00|9600.00|1|unidad||||
3|1|599|7622202839962|1|VARIEDAD GALLETITAS DULCES SURTIDAS X 390GR.|1.00|unidad|VARIEDAD|5800.00|5800.00|1|unidad||||
3|1|599|0016871111111|1|VASO REUTILIZABLE|1.00|unidad| |4500.00|4500.00|1|unidad||||
3|1|599|0000000004361|0|VAUQUITA TABLETA DE DULCE DE LECHE X 25 GR.|1.00|unidad| |180.00|180.00|1|unidad||||
3|1|599|7790315100184|1|VDS LEVITE CERO AGUA S/G MANZANA PET X 500cc|1.00|unidad| |3450.00|3450.00|1|unidad||||
3|1|599|0021352111111|1|VDS LEVITE CERO AGUA S/G NARANJA PET X 500cc|1.00|unidad| |3450.00|3450.00|1|unidad||||
3|1|599|0021347111111|1|VILLA DEL SUR LEVITE S/G MANZANA PET X 500cc|1.00|unidad| |3450.00|3450.00|1|unidad||||
3|1|599|7798062548655|1|VILLA DEL SUR LEVITE S/G NARANJA PET X 500cc|1.00|unidad| |3450.00|3450.00|1|unidad||||
3|1|599|0021349111111|1|VILLA DEL SUR LEVITE S/G PERA PET X 500cc|1.00|unidad| |3450.00|3450.00|1|unidad||||
3|1|599|7799155000982|1|VILLA DEL SUR LEVITE S/G POMELO PET X 500cc|1.00|unidad| |3450.00|3450.00|1|unidad||||
3|1|599|7799155000210|1|VILLAVICENCIO AGUA FINAMENTE GASIFICADA PET X 1.5L|1.00|unidad| |5300.00|5300.00|1|unidad||||
3|1|599|7799155000203|1|VILLAVICENCIO AGUA FINAMENTE GASIFICADA PET X 500C|1.00|unidad| |3650.00|3650.00|1|unidad||||
3|1|599|0022000293220|1|Wrigleys Doubl 12.5g|1.00|unidad| |2600.00|2600.00|1|unidad||||
3|1|599|0022000293305|1|Wrigleys Spear 12.5g|1.00|unidad| |2600.00|2600.00|1|unidad||||
3|1|599|7791337010826|1|Yogurisimo Botellita Frutilla x 190g|1.00|unidad| |5500.00|5500.00|1|unidad||||
3|1|599|7798187760246|1|ZAFRAN BARRA DE CEREAL ALM/COCO X 28G|1.00|unidad| |1900.00|1900.00|1|unidad||||
3|1|599|7798187760277|1|ZAFRAN BARRA DE CEREAL CAJU/ZAPALLO 28G|1.00|unidad| |1900.00|1900.00|1|unidad||||
3|1|599|7798187760253|1|ZAFRAN BARRA DE CEREAL MANI/CACAO 28G|1.00|unidad| |1900.00|1900.00|1|unidad||||
3|1|599|7798187760260|1|ZAFRAN BARRA DE CEREAL MZNA/CHIA 28G|1.00|unidad| |1900.00|1900.00|1|unidad||||
3|1|1066|7791813434412|1|7UP FREE PET X 1.5L|1.00|unidad| |5200.00|5200.00|1|unidad||||
3|1|1066|0000000023897|0|AFEITADORA BIC COMFORT  3|1.00|unidad| |820.00|820.00|1|unidad||||
3|1|1066|7790580109882|1|AGUILA EXTRAFINO 60% CACAO X 150 GR|1.00|unidad| |16100.00|16100.00|1|unidad||||
3|1|1066|7790040133594|1|AGUILA MINITORTA BROWNIE X 72G|1.00|unidad| |3100.00|3100.00|1|unidad||||
3|1|1066|7790040298705|1|AGUILA MINITORTA DDLECHE/MOUSSE SAB.VAINILLA X 72G|1.00|unidad| |3100.00|3100.00|1|unidad||||
3|1|1066|0000000023956|0|ALFAJOR CHOCOLATE|1.00|unidad| |2350.00|2350.00|1|unidad||||
3|1|1066|0000000023280|0|ALFAJORES DE MAICENA|1.00|unidad| |2350.00|2350.00|1|unidad||||
3|1|1066|7790580607418|1|ARCOR CHOCOLATE BLANCO TABLETA X 25 GR|1.00|unidad| |2500.00|2500.00|1|unidad||||
3|1|1066|7790580607210|1|ARCOR CHOCOLATE CON LECHE TABLETA X 25GR|1.00|unidad| |2500.00|2500.00|1|unidad||||
3|1|1066|0000000001339|0|ARCOR OBLEA RELLENA C/PASTA DE TURRON Y MANI X 25G|1.00|unidad| |700.00|700.00|1|unidad||||
3|1|1066|7793360294600|1|BC JUGO MANZANA TETRA X 200CC|1.00|unidad| |1300.00|1300.00|1|unidad||||
3|1|1066|7793360246609|1|BC JUGO NARANJA TETRA X 200CC.|1.00|unidad| |1300.00|1300.00|1|unidad||||
3|1|1066|7790580154264|1|BEB MULTIFRUTA BC 24X200ML|1.00|unidad| |1300.00|1300.00|1|unidad||||
3|1|1066|7792730020559|1|BIZNIKKE NEVADO CHOCOLATE TABLETA X 120 GR.|1.00|unidad| |9200.00|9200.00|1|unidad||||
3|1|1066|7790580722708|1|BOMBON TOFI LECHE X 15G|1.00|unidad| |2100.00|2100.00|1|unidad||||
3|1|1066|7790040613607|1|Bon O Bon Alfajor Chocolate Blanco x40 gr|1.00|unidad| |2100.00|2100.00|1|unidad||||
3|1|1066|7790040613706|1|BON O BON ALFAJOR CHOCOLATE NEGRO/LECHE X 40G|1.00|unidad| |2100.00|2100.00|1|unidad||||
3|1|1066|0000000021586|0|BON-O-BON BOMBON AGUILA X 15G|1.00|unidad| |1100.00|1100.00|1|unidad||||
3|1|1066|7790580119058|1|BON-O-BON BOMBON CHOCOLATE BLANCO X 15G|1.00|unidad| |1100.00|1100.00|1|unidad||||
3|1|1066|0000000021587|0|BON-O-BON BOMBON CHOCOLINA X 15G|1.00|unidad| |1100.00|1100.00|1|unidad||||
3|1|1066|7792360072409|1|BONAFIDE BOCADITO DDL X 16G|1.00|unidad| |1800.00|1800.00|1|unidad||||
3|1|1066|0000000021151|0|BROWNIE ARTESANAL|1.00|unidad| |5850.00|5850.00|1|unidad||||
3|1|1066|0000000023273|0|BUDIN BANANA Y DDL|1.00|unidad| |5300.00|5300.00|1|unidad||||
3|1|1066|0000000021701|0|BUDIN DE FRUTOS SECOS|1.00|unidad| |5300.00|5300.00|1|unidad||||
3|1|1066|0000000021700|0|BUDIN DE LIMON Y ARANDANOS|1.00|unidad| |5300.00|5300.00|1|unidad||||
3|1|1066|7790407022011|1|CABSHA BOCADITO X 10G|1.00|unidad| |1000.00|1000.00|1|unidad||||
3|1|1066|7798128000271|1|CACHAFAZ ALFAJOR MOUSSE X 50G|1.00|unidad| |3400.00|3400.00|1|unidad||||
3|1|1066|7622201818739|1|CADBURY CHOCOLATE C/LECHE TRES SUEÑOS X 82G|1.00|unidad| |8200.00|8200.00|1|unidad||||
3|1|1066|7622201818654|1|CADBURY CHOCOLATE RELLENO YOGHURT FRUTILLA X 29G|1.00|unidad| |3500.00|3500.00|1|unidad||||
3|1|1066|7622202271250|1|Caram. Halls 12u Strong Nvo|1.00|unidad| |1350.00|1350.00|1|unidad||||
3|1|1066|7622202247286|1|Caram. Halls Cherry Nvo 28 Grs|1.00|unidad| |1350.00|1350.00|1|unidad||||
3|1|1066|7790895649301|1|CEPITA 20% NARANJA 200ML|1.00|unidad| |2200.00|2200.00|1|unidad||||
3|1|1066|7790895009853|1|CEPITA JUGO MANZANA BOTELLA X 1L|1.00|unidad| |6100.00|6100.00|1|unidad||||
3|1|1066|7790895000720|1|CEPITA JUGO MANZANA TETRA X 200CC.|1.00|unidad| |2200.00|2200.00|1|unidad||||
3|1|1066|7790895647017|1|CEPITA JUGO MANZANA ZINC TETRA X 1 LT.|1.00|unidad| |4450.00|4450.00|1|unidad||||
3|1|1066|7790895000737|1|CEPITA JUGO MULTIFRUTA TETRA X 200CC|1.00|unidad| |2200.00|2200.00|1|unidad||||
3|1|1066|7790895647123|1|CEPITA JUGO MULTIFRUTA ZINC TETRA X 1 LT.|1.00|unidad| |4450.00|4450.00|1|unidad||||
3|1|1066|7790895648267|1|CEPITA NARANJA 20% 1L|1.00|unidad| |4450.00|4450.00|1|unidad||||
3|1|1066|7790895009815|1|CEPITA NARANJA 995CC|1.00|unidad| |6100.00|6100.00|1|unidad||||
3|1|1066|0000000022630|0|CEREAL MIX BARRA DE CEREAL C/FRUTILLA&YOGHURT X26G|1.00|unidad| |2000.00|2000.00|1|unidad||||
3|1|1066|0000000001341|0|CEREAL MIX BARRA DE CEREAL X 23G|1.00|unidad| |2000.00|2000.00|1|unidad||||
3|1|1066|0000000022631|0|CEREAL MIX BARRA DE CEREAL YOGH/FRUTIL.L.X26g|1.00|unidad| |2000.00|2000.00|1|unidad||||
3|1|1066|7790580123345|1|CH. TL7 MENTHOL 20X16X14G|1.00|unidad| |2300.00|2300.00|1|unidad||||
3|1|1066|0000000019822|0|CH. TL7 VIBR. STRAW. 20X16X14G|1.00|unidad| |2300.00|2300.00|1|unidad||||
3|1|1066|7790580104252|1|CH. TL7 VIOL. CHERRY 20X16X14G|1.00|unidad| |2300.00|2300.00|1|unidad||||
3|1|1066|7790580317607|1|CH. TL7 XPLOS. MINT 20X16X14G|1.00|unidad| |2300.00|2300.00|1|unidad||||
3|1|1066|8445290701961|1|Choc Bananita Dolca 30 grs|1.00|unidad| |2400.00|2400.00|1|unidad||||
3|1|1066|8445290701596|1|Choc. Bananita Dolca 14grs|1.00|unidad| |1400.00|1400.00|1|unidad||||
3|1|1066|7622202328947|1|Choc. Milka 55g Leche NVO|1.00|unidad| |6400.00|6400.00|1|unidad||||
3|1|1066|7790070418296|1|Chocoarroz Blanco est. 22g|1.00|unidad| |2000.00|2000.00|1|unidad||||
3|1|1066|7790070418203|1|Chocoarroz DL 22 gr|1.00|unidad| |2000.00|2000.00|1|unidad||||
3|1|1066|7790580103521|1|CHOCOLATE LECHE CON CONFITES COFLER X 55 G|1.00|unidad| |6200.00|6200.00|1|unidad||||
3|1|1066|7798304840851|1|CHOMPAlmedC/SsaDDL6x180g|1.00|unidad| |10700.00|10700.00|1|unidad||||
3|1|1066|7798130953640|1|CHUPETIN COCO POP X 17 G|1.00|unidad| |3600.00|3600.00|1|unidad||||
3|1|1066|7798130954777|1|CHUPETIN EMOTI POP 11GR|1.00|unidad| |3600.00|3600.00|1|unidad||||
3|1|1066|0000000023604|0|CIRCULAR MEMBRILLO X UN|1.00|unidad| |1700.00|1700.00|1|unidad||||
3|1|1066|7798085680516|1|CITRIC JUGO NARANJA MANGO TETRA X 500CC|1.00|unidad| |3850.00|3850.00|1|unidad||||
3|1|1066|7798085681834|1|CITRIC JUGO NARANJA TETRA X 1L|1.00|unidad| |5750.00|5750.00|1|unidad||||
3|1|1066|7798085681445|1|CITRIC JUGO NARANJA TETRA X 250CC|1.00|unidad| |2200.00|2200.00|1|unidad||||
3|1|1066|7798085681452|1|CITRIC JUGO NARANJA TETRA X 500CC|1.00|unidad| |3850.00|3850.00|1|unidad||||
3|1|1066|7798085680295|1|CITRIC JUGO NARANJA/ DURAZNO TETRA X 500CC|1.00|unidad| |3850.00|3850.00|1|unidad||||
3|1|1066|7790895000997|1|COCA-COLA X 2.25L|1.00|unidad| |8950.00|8950.00|1|unidad||||
3|1|1066|7790040659605|1|COFLER BLOCK ALFAJOR CHOCOLATE X 60 G|1.00|unidad| |3100.00|3100.00|1|unidad||||
3|1|1066|0000000018365|0|COFLER BLOCK CHOCOLATE C/LECHE Y MANI TAB.X 110GR|1.00|unidad| |8300.00|8300.00|1|unidad||||
3|1|1066|0000000015301|0|COFLER BLOCK CHOCOLATE C/LECHE Y MANI TAB.X 38GR|1.00|unidad| |3400.00|3400.00|1|unidad||||
3|1|1066|7790580105013|1|COFLER BLOCK CHOCOLATE X 170G|1.00|unidad| |14000.00|14000.00|1|unidad||||
3|1|1066|7790580115579|1|COFLER BLOCK CHOCOLATE X 1KG|1.00|unidad| |66200.00|66200.00|1|unidad||||
3|1|1066|7790580103385|1|COFLER CHOCOLATE AIREADO BCO/LECHE X 27 GR.|1.00|unidad| |3600.00|3600.00|1|unidad||||
3|1|1066|7790580103378|1|COFLER CHOCOLATE AIREADO BLANCO X 27 GR.|1.00|unidad| |3600.00|3600.00|1|unidad||||
3|1|1066|7790580115869|1|COFLER CHOCOLATE AIREADO BON O BON X 67G|1.00|unidad| |7000.00|7000.00|1|unidad||||
3|1|1066|7790580103361|1|COFLER CHOCOLATE AIREADO LECHE X 27 GR.|1.00|unidad| |3600.00|3600.00|1|unidad||||
3|1|1066|7790580043407|1|COFLER CHOCOLATE AIREADO LECHE X 55G|1.00|unidad| |7100.00|7100.00|1|unidad||||
3|1|1066|7790580003531|1|COFLER CHOCOLATE BCO&COOK X 55G|1.00|unidad| |6200.00|6200.00|1|unidad||||
3|1|1066|7790580043506|1|COFLER CHOCOLATE LECHE CON ALMENDRAS X 55G|1.00|unidad| |6200.00|6200.00|1|unidad||||
3|1|1066|0000000024109|0|CRIOLLITO X UN|1.00|unidad| |1700.00|1700.00|1|unidad||||
3|1|1066|0000000023957|0|CROISSANT J Y Q|1.00|unidad| |6400.00|6400.00|1|unidad||||
3|1|1066|7798024760798|1|CROQUE MONSIEUR J Y Q BLANCO X UN|1.00|unidad| |10100.00|10100.00|1|unidad||||
3|1|1066|7798024760804|1|CROQUE MONSIEUR J Y Q NEGRO X UN|1.00|unidad| |10100.00|10100.00|1|unidad||||
3|1|1066|0000000020568|0|CUADRADO DE PASTA FROLA|1.00|unidad| |5300.00|5300.00|1|unidad||||
3|1|1066|0000000023543|0|DELIVERY MEDIALUNAS X 6 UNIDADES|1.00|unidad| |205.00|205.00|1|unidad||||
3|1|1066|7795735000106|1|DON SATUR TALITAS X 140GR|1.00|unidad| |2800.00|2800.00|1|unidad||||
3|1|1066|7790206007509|1|DOS CORAZONES BOCADITO CHOC.C/LECHE RELL. X 26GR|1.00|unidad| |2200.00|2200.00|1|unidad||||
3|1|1066|7792799000035|1|ECO DE LOS ANDES AGUA CON GAS PET X 500CC.|1.00|unidad| |3300.00|3300.00|1|unidad||||
3|1|1066|7798128000486|1|EL CACHAFAZ ALFAJOR BLANCO FLOWPACK X 60 GR|1.00|unidad| |3300.00|3300.00|1|unidad||||
3|1|1066|7798128000462|1|EL CACHAFAZ ALFAJOR CHOCOLATE FLOWPACK X 60 GR|1.00|unidad| |3200.00|3200.00|1|unidad||||
3|1|1066|7798128001940|1|EL CACHAFAZ ALFAJOR DE MAICENA X 76G|1.00|unidad| |3300.00|3300.00|1|unidad||||
3|1|1066|7798128001797|1|EL CACHAFAZ CONITO DULCE DE LECHE X 38G|1.00|unidad| |2700.00|2700.00|1|unidad||||
3|1|1066|7798024760569|1|ENSALADA CESAR  PREMIUM X UN|1.00|unidad| |14300.00|14300.00|1|unidad||||
3|1|1066|7798024760392|1|ENSALADA CHEF PREMIUM X UN|1.00|unidad| |14300.00|14300.00|1|unidad||||
3|1|1066|7798024766417|1|ENSALADA MIX VEG.C/PECHUGUITAS AL SESAMO X UN|1.00|unidad| |14300.00|14300.00|1|unidad||||
3|1|1066|7613035242524|1|EPA DDL MAX 88GR|1.00|unidad| |6800.00|6800.00|1|unidad||||
3|1|1066|7613035242500|1|EPA ROCKER X 88G|1.00|unidad| |6800.00|6800.00|1|unidad||||
3|1|1066|7898024390121|1|FERRERO ROCHER BOMBON CHOC.RELL.PAQ.3 UNID X 37.5G|1.00|unidad| |5600.00|5600.00|1|unidad||||
3|1|1066|7798024760255|1|FIGAZZITAS DE SALAME Y QUESO X 2 UN|1.00|unidad| |9100.00|9100.00|1|unidad||||
3|1|1066|7798147780062|1|Franui sabor Black 150gr|1.00|unidad| |8500.00|8500.00|1|unidad||||
3|1|1066|7798147783223|1|Franui sabor Leche 150gr|1.00|unidad| |8500.00|8500.00|1|unidad||||
3|1|1066|7790070431936|1|Gallo YoguBar 20gr|1.00|unidad| |1800.00|1800.00|1|unidad||||
3|1|1066|0067061111111|1|GATORADE COOL BLUE PET X 500CC|1.00|unidad| |4300.00|4300.00|1|unidad||||
3|1|1066|0071971211111|1|GATORADE FRUTOS TROPICALES PET X 750CC|1.00|unidad| |5200.00|5200.00|1|unidad||||
3|1|1066|0066011111111|1|GATORADE MANZANA PET X 500CC|1.00|unidad| |4300.00|4300.00|1|unidad||||
3|1|1066|0042831111111|1|GATORADE MANZANA PET X 750CC|1.00|unidad| |5100.00|5100.00|1|unidad||||
3|1|1066|0006602111111|1|GATORADE NARANJA PET X 500CC|1.00|unidad| |4300.00|4300.00|1|unidad||||
3|1|1066|7798024766103|1|GRANDWICH PANINI GRIGLIATTI JAM/QUE/TOM/HUE X 210G|1.00|unidad| |7350.00|7350.00|1|unidad||||
3|1|1066|0000000023445|0|HALLS FREE MENTA X 28 G|1.00|unidad| |1500.00|1500.00|1|unidad||||
3|1|1066|7791249450277|1|HALLS MENTA LYPTUS CARAMELOS DUROS PAQ.X 28G|1.00|unidad| |1300.00|1300.00|1|unidad||||
3|1|1066|0000000023603|0|ICEDREAM CIRCULAR PASTELERA X UN|1.00|unidad| |1700.00|1700.00|1|unidad||||
3|1|1066|0028411111111|1|JORGITO ALFAJOR BLANCO X 50G|1.00|unidad| |1800.00|1800.00|1|unidad||||
3|1|1066|0011111112842|1|JORGITO ALFAJOR CHOCOLATE X 55G|1.00|unidad| |1800.00|1800.00|1|unidad||||
3|1|1066|7790957000545|1|JORGITO MINI ALFAJOR CHOCOLATE PAQ.X 6 UNID.|1.00|unidad| |4900.00|4900.00|1|unidad||||
3|1|1066|7790957000538|1|JORGITO MINI ALFAJOR GLACEADO PAQ.X 6 UNID.X 155GR|1.00|unidad| |4900.00|4900.00|1|unidad||||
3|1|1066|0000080052760|1|KINDER BUENO OBLEA CHOCOLATE CON LECHE X 43G|1.00|unidad| |4900.00|4900.00|1|unidad||||
3|1|1066|0000077949677|1|KINDER CHOCOLATE X 50G|1.00|unidad| |5700.00|5700.00|1|unidad||||
3|1|1066|7891000379073|1|KIT KAT DARK OBLEA BAÑADA CHOCOLATE X 41.5G|1.00|unidad| |3000.00|3000.00|1|unidad||||
3|1|1066|7891000379028|1|KIT KAT OBLEA BAÑADA CHOCOLATE BLANCO X 41.5G|1.00|unidad| |3000.00|3000.00|1|unidad||||
3|1|1066|7791337007260|1|Leche chocolatada Cindor 200ml|1.00|unidad| |3800.00|3800.00|1|unidad||||
3|1|1066|7791337007253|1|Leche chocolatada Cindor x 1L|1.00|unidad| |11500.00|11500.00|1|unidad||||
3|1|1066|7798368470391|1|LUCCIANO´S CHANTILLY X 100GR (02)|1.00|unidad| |7400.00|7400.00|1|unidad||||
3|1|1066|7798368470384|1|LUCCIANO´S CHOCOLATE C/CROCANTE X 100GR (01)|1.00|unidad| |7400.00|7400.00|1|unidad||||
3|1|1066|7798368470421|1|LUCCIANO´S CHOCOLATE X 90GR (05)|1.00|unidad| |7400.00|7400.00|1|unidad||||
3|1|1066|7798368470438|1|LUCCIANO´S DDL C/ CROCANTE X 90GR (06)|1.00|unidad| |7400.00|7400.00|1|unidad||||
3|1|1066|0000000024240|0|LUCCIANO´S DDL X 90GR (03)|1.00|unidad| |6000.00|6000.00|1|unidad||||
3|1|1066|7798368470476|1|LUCCIANO´S MINION ICE POP X 100GR (10)|1.00|unidad| |7900.00|7900.00|1|unidad||||
3|1|1066|7798368470469|1|LUCCIANO´S OLI KING X 90GR (09)|1.00|unidad| |7800.00|7800.00|1|unidad||||
3|1|1066|7798368470735|1|LUCCIANO´S PISTACCHIO X 95GR (08)|1.00|unidad| |7800.00|7800.00|1|unidad||||
3|1|1066|7798368470414|1|LUCCIANO´S SORBETE PATAGONIA X 90GR (04)|1.00|unidad| |7400.00|7400.00|1|unidad||||
3|1|1066|7613034797469|1|LUXOR BOMBON HELADO 53G|1.00|unidad| |3100.00|3100.00|1|unidad||||
3|1|1066|7797453001441|1|M&M Chocolate 48 Grs|1.00|unidad| |5000.00|5000.00|1|unidad||||
3|1|1066|7797453001458|1|M&M MANI PAQ. X 49 GR|1.00|unidad| |5000.00|5000.00|1|unidad||||
3|1|1066|7790387015324|1|MAÑANITA YERBA 4FLEX X 500 GR|1.00|unidad| |4600.00|4600.00|1|unidad||||
3|1|1066|7790206006106|1|MARROC BOCADITO X 14 GR.|1.00|unidad| |1250.00|1250.00|1|unidad||||
3|1|1066|7798024760125|1|MAX PREMIUM JyQ-TOM-HUE- PAN NGO X UN|1.00|unidad| |10600.00|10600.00|1|unidad||||
3|1|1066|7798024766172|1|MAX PREMIUM POLLO-RU-PAR-PAN NGO X UN|1.00|unidad| |10600.00|10600.00|1|unidad||||
3|1|1066|7798024760552|1|MAX TRIANGULO LIGHT POLLO-LEC-PAN NGO X UN|1.00|unidad| |10600.00|10600.00|1|unidad||||
3|1|1066|0000000023602|0|MEDIALUNA DE GRASA X UN|1.00|unidad| |1700.00|1700.00|1|unidad||||
3|1|1066|0000000023601|0|MEDIALUNA DE MANTECA X UN|1.00|unidad| |1700.00|1700.00|1|unidad||||
3|1|1066|7891000120057|1|MEGA AMERICANA CON ALMENDRAS X 74g|1.00|unidad| |7600.00|7600.00|1|unidad||||
3|1|1066|0000000020546|0|MENTHO-PLUS ACIDOS CEREZA X 27.2G|1.00|unidad| |1900.00|1900.00|1|unidad||||
3|1|1066|0000000020540|0|MENTHO-PLUS ACIDOS NARANJA X 27.2G|1.00|unidad| |1900.00|1900.00|1|unidad||||
3|1|1066|0000000021660|0|MENTHO-PLUS CARAMELOS INHALANTES DE CEREZA X 29.4G|1.00|unidad| |1000.00|1000.00|1|unidad||||
3|1|1066|0000000021663|0|MENTHO-PLUS CARAMELOS INHALANTES MIEL X 29.4G|1.00|unidad| |1000.00|1000.00|1|unidad||||
3|1|1066|0000000021661|0|MENTHO-PLUS CARAMELOS INHALANTES STRONG X 29.4G|1.00|unidad| |1000.00|1000.00|1|unidad||||
3|1|1066|0000000017476|0|MENTHO-PLUS CARAMELOS SIN AZUCAR CHERRY X 27.3G|1.00|unidad| |1900.00|1900.00|1|unidad||||
3|1|1066|0000000017474|0|MENTHO-PLUS CARAMELOS SIN AZUCAR MENTOL X 27.3G|1.00|unidad| |1900.00|1900.00|1|unidad||||
3|1|1066|0000000021664|0|MENTHOPLUS MENTA X 29.4G|1.00|unidad| |1000.00|1000.00|1|unidad||||
3|1|1066|0000000021662|0|MENTHOPLUS MENTOL X 29.4G|1.00|unidad| |1000.00|1000.00|1|unidad||||
3|1|1066|0000000021044|0|MENTHOPLUS ZERO CARAMELOS DURAZNO X 26.6G|1.00|unidad| |1900.00|1900.00|1|unidad||||
3|1|1066|0000000021047|0|MENTHOPLUS ZERO CARAMELOS STRONG X 26.6G|1.00|unidad| |1900.00|1900.00|1|unidad||||
3|1|1066|7895144699851|1|MENTOS CARAMELOS MASTICABLES SAB.FRUTA X 29.7GR|1.00|unidad| |1300.00|1300.00|1|unidad||||
3|1|1066|7895144699844|1|MENTOS CARAMELOS MASTICABLES SAB.MENTA X 29.7GR|1.00|unidad| |1300.00|1300.00|1|unidad||||
3|1|1066|0000000021770|0|MERMELADAS X UNIDAD|1.00|unidad| |50.00|50.00|1|unidad||||
3|1|1066|0000077903785|1|MILKA ALFAJOR MOUSSE TRIPLE X 55 GR.|1.00|unidad| |3000.00|3000.00|1|unidad||||
3|1|1066|7622300457303|1|MILKA ALFAJOR TRIPLE BLANCO X 55G|1.00|unidad| |3000.00|3000.00|1|unidad||||
3|1|1066|7622300844967|1|MILKA CHOCOLATE BLANCO CON DULCE DE LECHE X 67.5G|1.00|unidad| |7200.00|7200.00|1|unidad||||
3|1|1066|7622300844943|1|MILKA CHOCOLATE C DULCE DE LECHE X 67.5G|1.00|unidad| |7400.00|7400.00|1|unidad||||
3|1|1066|0000000021565|0|MILKA CHOCOLATE C/LECHE ALMENDRAS|1.00|unidad| |3510.00|3510.00|1|unidad||||
3|1|1066|7622300990114|1|MILKA CHOCOLATE CON LECHE X 150G|1.00|unidad| |14100.00|14100.00|1|unidad||||
3|1|1066|7622201818937|1|MILKA LEGER CHOCOLATE LECHE TABLETA X 50G|1.00|unidad| |6100.00|6100.00|1|unidad||||
3|1|1066|7790580116958|1|MOGUL CARAMELO DE GOMA DINOS X 30G|1.00|unidad| |850.00|850.00|1|unidad||||
3|1|1066|7790580129507|1|MOGUL CARAMELOS DE GOMA ACIDOS BOLSA X 60G|1.00|unidad| |1400.00|1400.00|1|unidad||||
3|1|1066|7790580169312|1|MOGUL CARAMELOS DE GOMA CEREBRITOS X 30G|1.00|unidad| |1200.00|1200.00|1|unidad||||
3|1|1066|7790580116460|1|MOGUL CARAMELOS DE GOMA EXTREME ACIDO ROLLO X 35G|1.00|unidad| |1200.00|1200.00|1|unidad||||
3|1|1066|7790580603809|1|MOGUL CARAMELOS DE GOMA FRUTALES ROLLO X 35G|1.00|unidad| |1200.00|1200.00|1|unidad||||
3|1|1066|7790580199913|1|MOGUL CARAMELOS DE GOMA OSITOS X 30 GR|1.00|unidad| |1200.00|1200.00|1|unidad||||
3|1|1066|7790580200114|1|MOGUL CARAMELOS DE GOMA TIBURON X 30G|1.00|unidad| |1200.00|1200.00|1|unidad||||
3|1|1066|7798422620014|1|MONSTER ENERGY GREEN X 473CC|1.00|unidad| |5500.00|5500.00|1|unidad||||
3|1|1066|7798422620045|1|MONSTER MANGO LOCO 473|1.00|unidad| |5500.00|5500.00|1|unidad||||
3|1|1066|7798422620021|1|MONSTER ULTRA x 473 CC|1.00|unidad| |5500.00|5500.00|1|unidad||||
3|1|1066|1111111111142|1|MUFFIN CHIPS CHOC X UN|1.00|unidad| |4300.00|4300.00|1|unidad||||
3|1|1066|1111111111145|1|MUFFIN VAINILLA C/DDL X UN|1.00|unidad| |4300.00|4300.00|1|unidad||||
3|1|1066|7798304841261|1|NESQUIK NUTRIACTIV B HEL.CHOCOLATE CON CALCIN-N|1.00|unidad| |1900.00|1900.00|1|unidad||||
3|1|1066|7622210723468|1|OREO GALLETITAS BAÑADAS CHOCOLATE x17gr|1.00|unidad| |200.00|200.00|1|unidad||||
3|1|1066|7899975800523|1|Oreo Palito AR 20 x 65g|1.00|unidad| |6800.00|6800.00|1|unidad||||
3|1|1066|7899975800509|1|OREO SANDWICH AR 81GR|1.00|unidad| |6800.00|6800.00|1|unidad||||
3|1|1066|7798304841124|1|OREO TACITA X 95G|1.00|unidad| |6800.00|6800.00|1|unidad||||
3|1|1066|0000000024088|0|PAN DE CHOCOLATE X UN|1.00|unidad| |4300.00|4300.00|1|unidad||||
3|1|1066|7798024766110|1|PANINI GRIGLIATTI DE PECETO X 210G|1.00|unidad| |7350.00|7350.00|1|unidad||||
3|1|1066|7791007000764|1|PAÑUELOS DESCARTABLES CAJA X 75 UNID|1.00|unidad| |3600.00|3600.00|1|unidad||||
3|1|1066|7791070003482|1|PAÑUELOS DESCARTABLES X UNID|1.00|unidad| |700.00|700.00|1|unidad||||
3|1|1066|7798024760781|1|PEBETE PECHUGA CRISPY X UN|1.00|unidad| |10200.00|10200.00|1|unidad||||
3|1|1066|7798024760361|1|PECHUGA GRILLE C/VEGETAL DEL HUERTO X UN|1.00|unidad| |12700.00|12700.00|1|unidad||||
3|1|1066|0000077915481|1|PEPITOS ALFAJOR TRIPLE DE CHOCOLATE X 57GR|1.00|unidad| |3000.00|3000.00|1|unidad||||
3|1|1066|7791813828365|1|PEPSI BLACK PET X 500CC|1.00|unidad| |3450.00|3450.00|1|unidad||||
3|1|1066|1111111111200|1|PICO DULCE CHUPETIN X 14 GR.|1.00|unidad| |500.00|500.00|1|unidad||||
3|1|1066|7790895641183|1|POWERADE FRUTAS TROPICALES PET X 500CC|1.00|unidad| |3500.00|3500.00|1|unidad||||
3|1|1066|7790895640018|1|POWERADE MANZANA PET X 500CC|1.00|unidad| |3500.00|3500.00|1|unidad||||
3|1|1066|7790895640025|1|POWERADE MOUNTAIN BLAST PET X 500CC|1.00|unidad| |3500.00|3500.00|1|unidad||||
3|1|1066|7791519200021|1|PRIME PRESERVATIVO ANATOMICO CAJA X 3 UNID.|1.00|unidad| |6300.00|6300.00|1|unidad||||
3|1|1066|7791519200076|1|PRIME PRESERVATIVO ESPERMICIDA CAJA X 3 UNID.|1.00|unidad| |6300.00|6300.00|1|unidad||||
3|1|1066|7791519000676|1|PRIME PRESERVATIVO EXTRA LUBRICADO CAJA X 3 UNID.|1.00|unidad| |6300.00|6300.00|1|unidad||||
3|1|1066|7791519200045|1|PRIME PRESERVATIVO SUPERFINO CAJA X 3 UNID.|1.00|unidad| |6300.00|6300.00|1|unidad||||
3|1|1066|7791519200090|1|PRIME PRESERVATIVO TACHAS CAJA X 3 UNID.|1.00|unidad| |6300.00|6300.00|1|unidad||||
3|1|1066|7791519200069|1|PRIME PRESERVATIVO TEXTURADO CAJA X 3 UNID.|1.00|unidad| |6300.00|6300.00|1|unidad||||
3|1|1066|7790742167101|1|Queso Finlandia Chef Cheddar 150gr PAQUETE INSUMO|1.00|unidad| |685.00|685.00|1|unidad||||
3|1|1066|0045011111111|1|RED BULL ENERGY DRINK LATA X 250 CC|1.00|unidad| |5500.00|5500.00|1|unidad||||
3|1|1066|0000090435225|1|RED BULL ENERGY DRINK LATA X 355 CC|1.00|unidad| |6900.00|6900.00|1|unidad||||
3|1|1066|9002490232054|1|RED BULL ENERGY DRINK SUGAR FREE LATA X 250CC|1.00|unidad| |5500.00|5500.00|1|unidad||||
3|1|1066|7790580327415|1|ROCKLETS CONFITES DE CHOCOLATE PAQ. X 40 GR|1.00|unidad| |3100.00|3100.00|1|unidad||||
3|1|1066|7790580327613|1|ROCKLETS NARANJA MANI C/CHOCOLATE CONFITADO X 40G|1.00|unidad| |3100.00|3100.00|1|unidad||||
3|1|1066|7798024760507|1|ROLL CHICKEN CAESAR X 210GR|1.00|unidad| |10600.00|10600.00|1|unidad||||
3|1|1066|0000000023605|0|SACRAMENTO MEMBRILLO X UN|1.00|unidad| |1700.00|1700.00|1|unidad||||
3|1|1066|7790580716806|1|SALADIX GALLETITAS SAB. CALABRESA CAJA X 100G|1.00|unidad| |3200.00|3200.00|1|unidad||||
3|1|1066|7790580716707|1|SALADIX GALLETITAS SAB. JAMON CAJA X 100G|1.00|unidad| |3200.00|3200.00|1|unidad||||
3|1|1066|7790580697303|1|SALADIX GALLETITAS SAB. PIZZA CAJA X 100G|1.00|unidad| |3200.00|3200.00|1|unidad||||
3|1|1066|7790040374607|1|SALADIX GALLETITAS SAB.DUO CAJA X 80G|1.00|unidad| |3200.00|3200.00|1|unidad||||
3|1|1066|7790040123434|1|SALADIX GALLETITAS SAB.KESITOS X80G|1.00|unidad| |2700.00|2700.00|1|unidad||||
3|1|1066|0000077956699|1|SHOT ALFAJOR TRISHOT TRIPLE X 60G|1.00|unidad| |3000.00|3000.00|1|unidad||||
3|1|1066|7622300424084|1|SHOT CHOCOLATE CON LECHE Y MANI TABLETA X 170 GR|1.00|unidad| |12500.00|12500.00|1|unidad||||
3|1|1066|0000077914217|1|SHOT CHOCOLATE LECHE CON MANI TABLETA X 35G|1.00|unidad| |3000.00|3000.00|1|unidad||||
3|1|1066|7798304841803|1|SIN PARAR CHOCOLATE DULCE DE LECHE X 90G|1.00|unidad| |3000.00|3000.00|1|unidad||||
3|1|1066|7798304841797|1|SIN PARAR DULCE DE LECHE Y AMERICANA X 90G|1.00|unidad| |3000.00|3000.00|1|unidad||||
3|1|1066|7798304841780|1|SIN PARAR FRUTILLA CREMA X 90G|1.00|unidad| |3000.00|3000.00|1|unidad||||
3|1|1066|0022000018465|1|SKITTLES CONFITES ORIGINAL FRUIT PAQ.X 61.5GR|1.00|unidad| |4700.00|4700.00|1|unidad||||
3|1|1066|0022000018489|1|SKITTLES CONFITES WILDBERRY PAQ.X 61.5GR|1.00|unidad| |4700.00|4700.00|1|unidad||||
3|1|1066|7790895646027|1|SMART WATER C/G 591 ML|1.00|unidad| |3500.00|3500.00|1|unidad||||
3|1|1066|7790895645778|1|SMART WATER S/G 591 ML|1.00|unidad| |3500.00|3500.00|1|unidad||||
3|1|1066|7506174512248|1|SNICKERS BARRA RELL.MANI CUB.C/CHOCOLATE X 48 GR|1.00|unidad| |4700.00|4700.00|1|unidad||||
3|1|1066|0522111111111|1|SPEED UNLIMITED LATA X 250CC|1.00|unidad| |4200.00|4200.00|1|unidad||||
3|1|1066|0040000000518|1|STARBURST CARAMELO MASTICABLE SURTIDO PAQ.X 58.7G|1.00|unidad| |5100.00|5100.00|1|unidad||||
3|1|1066|7790580060206|1|SUGUS CARAMELO MASTICABLE SUELTO X 3.3 GR|1.00|unidad| |50.00|50.00|1|unidad||||
3|1|1066|7790580056001|1|SUGUS CONFITADOS CONFITES DE CARAMELO SURT.X 50 G|1.00|unidad| |2000.00|2000.00|1|unidad||||
3|1|1066|7790387000849|1|TARAGUI MATE COCIDO X 25 UNID S ENS|1.00|unidad| |135.00|135.00|1|unidad||||
3|1|1066|0029601111111|1|TARAGUI MATE LISTO X 35 GR.|1.00|unidad| |4000.00|4000.00|1|unidad||||
3|1|1066|0029621111111|1|TARAGUI TERMO MATE-LISTO CAPACIDAD 500 CC.|1.00|unidad| |5900.00|5900.00|1|unidad||||
3|1|1066|7790387013627|1|TARAGUI YERBA 4FLEX X 500 GR.|1.00|unidad| |4600.00|4600.00|1|unidad||||
3|1|1066|0000077939234|1|TERRABUSI ALFAJOR CHOCOLATE X 50 GR|1.00|unidad| |2000.00|2000.00|1|unidad||||
3|1|1066|0000077903792|1|TERRABUSI ALFAJOR TRIPLE CHOCOLATE X 70G.|1.00|unidad| |3000.00|3000.00|1|unidad||||
3|1|1066|0000077903860|1|TERRABUSI ALFAJOR TRIPLE TIPO TORTA CHOCOLAT.X 70G|1.00|unidad| |3000.00|3000.00|1|unidad||||
3|1|1066|7622300335052|1|TERRABUSI SNACKY X 60GR|1.00|unidad| |4600.00|4600.00|1|unidad||||
3|1|1066|7861002910314|1|TIC TAC PASTILLAS SABOR MENTA CAJA X 16 GR.|1.00|unidad| |1600.00|1600.00|1|unidad||||
3|1|1066|7861002910321|1|TIC TAC PASTILLAS SABOR NARANJA CAJA X 16 GR.|1.00|unidad| |1600.00|1600.00|1|unidad||||
3|1|1066|7790580746612|1|TOFI CHOCOLATE C/LECHE RELLENO D.LECHE X 55G|1.00|unidad| |400.00|400.00|1|unidad||||
3|1|1066|7798024760354|1|TOP PBT DE JAMON COCIDO Y QUESO X UN|1.00|unidad| |9100.00|9100.00|1|unidad||||
3|1|1066|0000000019823|0|TOPLINE 7 CHICLE S/AZUCAR ATM STRONG X 14G|1.00|unidad| |2300.00|2300.00|1|unidad||||
3|1|1066|0000000018843|0|TOPLINE 7 CHICLE S/AZUCAR MANDARINA  CAJA X 14G|1.00|unidad| |2300.00|2300.00|1|unidad||||
3|1|1066|7790580120573|1|TOPLINE 7 ULTRA CLEAN X 24G|1.00|unidad| |3600.00|3600.00|1|unidad||||
3|1|1066|7790580120702|1|TOPLINE 7 ULTRA GREEN MINT X 24G|1.00|unidad| |3600.00|3600.00|1|unidad||||
3|1|1066|7790580121013|1|TOPLINE 7 ULTRA RED BERRY X 24G|1.00|unidad| |3600.00|3600.00|1|unidad||||
3|1|1066|7798304841421|1|TORPEDO FRUTILLA|1.00|unidad| |2100.00|2100.00|1|unidad||||
3|1|1066|7798304841414|1|TORPEDO LIMON|1.00|unidad| |2100.00|2100.00|1|unidad||||
3|1|1066|7798024760460|1|TRIPLE MIGA BLANCO J.COCIDO Y QUESO X 3 UN|1.00|unidad| |9600.00|9600.00|1|unidad||||
3|1|1066|7798024760477|1|TRIPLE MIGA NEGRO J.COCIDO Y QUESO X 3 UN|1.00|unidad| |9600.00|9600.00|1|unidad||||
3|1|1066|7622202839962|1|VARIEDAD GALLETITAS DULCES SURTIDAS X 390GR.|1.00|unidad|VARIEDAD|5800.00|5800.00|1|unidad||||
3|1|1066|0016871111111|1|VASO REUTILIZABLE|1.00|unidad| |4500.00|4500.00|1|unidad||||
3|1|1066|0000000004361|0|VAUQUITA TABLETA DE DULCE DE LECHE X 25 GR.|1.00|unidad| |180.00|180.00|1|unidad||||
3|1|1066|7790315100184|1|VDS LEVITE CERO AGUA S/G MANZANA PET X 500cc|1.00|unidad| |3450.00|3450.00|1|unidad||||
3|1|1066|0021352111111|1|VDS LEVITE CERO AGUA S/G NARANJA PET X 500cc|1.00|unidad| |3450.00|3450.00|1|unidad||||
3|1|1066|0021347111111|1|VILLA DEL SUR LEVITE S/G MANZANA PET X 500cc|1.00|unidad| |3450.00|3450.00|1|unidad||||
3|1|1066|7798062548655|1|VILLA DEL SUR LEVITE S/G NARANJA PET X 500cc|1.00|unidad| |3450.00|3450.00|1|unidad||||
3|1|1066|0021349111111|1|VILLA DEL SUR LEVITE S/G PERA PET X 500cc|1.00|unidad| |3450.00|3450.00|1|unidad||||
3|1|1066|7799155000982|1|VILLA DEL SUR LEVITE S/G POMELO PET X 500cc|1.00|unidad| |3450.00|3450.00|1|unidad||||
3|1|1066|7799155000210|1|VILLAVICENCIO AGUA FINAMENTE GASIFICADA PET X 1.5L|1.00|unidad| |5300.00|5300.00|1|unidad||||
3|1|1066|7799155000203|1|VILLAVICENCIO AGUA FINAMENTE GASIFICADA PET X 500C|1.00|unidad| |3650.00|3650.00|1|unidad||||
3|1|1066|0022000293220|1|Wrigleys Doubl 12.5g|1.00|unidad| |2600.00|2600.00|1|unidad||||
3|1|1066|0022000293305|1|Wrigleys Spear 12.5g|1.00|unidad| |2600.00|2600.00|1|unidad||||
3|1|1066|7791337010826|1|Yogurisimo Botellita Frutilla x 190g|1.00|unidad| |5500.00|5500.00|1|unidad||||
3|1|1066|7798187760246|1|ZAFRAN BARRA DE CEREAL ALM/COCO X 28G|1.00|unidad| |1900.00|1900.00|1|unidad||||
3|1|1066|7798187760277|1|ZAFRAN BARRA DE CEREAL CAJU/ZAPALLO 28G|1.00|unidad| |1900.00|1900.00|1|unidad||||
3|1|1066|7798187760253|1|ZAFRAN BARRA DE CEREAL MANI/CACAO 28G|1.00|unidad| |1900.00|1900.00|1|unidad||||
3|1|1066|7798187760260|1|ZAFRAN BARRA DE CEREAL MZNA/CHIA 28G|1.00|unidad| |1900.00|1900.00|1|unidad||||
3|1|1068|7791813434412|1|7UP FREE PET X 1.5L|1.00|unidad| |4700.00|4700.00|1|unidad||||
3|1|1068|0000000023897|0|AFEITADORA BIC COMFORT  3|1.00|unidad| |820.00|820.00|1|unidad||||
3|1|1068|7790580109882|1|AGUILA EXTRAFINO 60% CACAO X 150 GR|1.00|unidad| |15200.00|15200.00|1|unidad||||
3|1|1068|7790040133594|1|AGUILA MINITORTA BROWNIE X 72G|1.00|unidad| |2800.00|2800.00|1|unidad||||
3|1|1068|7790040298705|1|AGUILA MINITORTA DDLECHE/MOUSSE SAB.VAINILLA X 72G|1.00|unidad| |2800.00|2800.00|1|unidad||||
3|1|1068|0000000023956|0|ALFAJOR CHOCOLATE|1.00|unidad| |2100.00|2100.00|1|unidad||||
3|1|1068|0000000023280|0|ALFAJORES DE MAICENA|1.00|unidad| |2100.00|2100.00|1|unidad||||
3|1|1068|7790580607418|1|ARCOR CHOCOLATE BLANCO TABLETA X 25 GR|1.00|unidad| |2200.00|2200.00|1|unidad||||
3|1|1068|7790580607210|1|ARCOR CHOCOLATE CON LECHE TABLETA X 25GR|1.00|unidad| |2200.00|2200.00|1|unidad||||
3|1|1068|0000000001339|0|ARCOR OBLEA RELLENA C/PASTA DE TURRON Y MANI X 25G|1.00|unidad| |700.00|700.00|1|unidad||||
3|1|1068|7793360294600|1|BC JUGO MANZANA TETRA X 200CC|1.00|unidad| |1100.00|1100.00|1|unidad||||
3|1|1068|7793360246609|1|BC JUGO NARANJA TETRA X 200CC.|1.00|unidad| |1100.00|1100.00|1|unidad||||
3|1|1068|7790580154264|1|BEB MULTIFRUTA BC 24X200ML|1.00|unidad| |1100.00|1100.00|1|unidad||||
3|1|1068|7792730020559|1|BIZNIKKE NEVADO CHOCOLATE TABLETA X 120 GR.|1.00|unidad| |8900.00|8900.00|1|unidad||||
3|1|1068|7790580722708|1|BOMBON TOFI LECHE X 15G|1.00|unidad| |1800.00|1800.00|1|unidad||||
3|1|1068|7790040613607|1|Bon O Bon Alfajor Chocolate Blanco x40 gr|1.00|unidad| |1800.00|1800.00|1|unidad||||
3|1|1068|7790040613706|1|BON O BON ALFAJOR CHOCOLATE NEGRO/LECHE X 40G|1.00|unidad| |1800.00|1800.00|1|unidad||||
3|1|1068|0000000021586|0|BON-O-BON BOMBON AGUILA X 15G|1.00|unidad| |1100.00|1100.00|1|unidad||||
3|1|1068|7790580119058|1|BON-O-BON BOMBON CHOCOLATE BLANCO X 15G|1.00|unidad| |1100.00|1100.00|1|unidad||||
3|1|1068|0000000021587|0|BON-O-BON BOMBON CHOCOLINA X 15G|1.00|unidad| |1100.00|1100.00|1|unidad||||
3|1|1068|7792360072409|1|BONAFIDE BOCADITO DDL X 16G|1.00|unidad| |1600.00|1600.00|1|unidad||||
3|1|1068|0000000021151|0|BROWNIE ARTESANAL|1.00|unidad| |5300.00|5300.00|1|unidad||||
3|1|1068|0000000023273|0|BUDIN BANANA Y DDL|1.00|unidad| |4800.00|4800.00|1|unidad||||
3|1|1068|0000000021701|0|BUDIN DE FRUTOS SECOS|1.00|unidad| |4800.00|4800.00|1|unidad||||
3|1|1068|0000000021700|0|BUDIN DE LIMON Y ARANDANOS|1.00|unidad| |4800.00|4800.00|1|unidad||||
3|1|1068|7790407022011|1|CABSHA BOCADITO X 10G|1.00|unidad| |1000.00|1000.00|1|unidad||||
3|1|1068|7798128000271|1|CACHAFAZ ALFAJOR MOUSSE X 50G|1.00|unidad| |3200.00|3200.00|1|unidad||||
3|1|1068|7622201818739|1|CADBURY CHOCOLATE C/LECHE TRES SUEÑOS X 82G|1.00|unidad| |7800.00|7800.00|1|unidad||||
3|1|1068|7622201818654|1|CADBURY CHOCOLATE RELLENO YOGHURT FRUTILLA X 29G|1.00|unidad| |3300.00|3300.00|1|unidad||||
3|1|1068|7622202271250|1|Caram. Halls 12u Strong Nvo|1.00|unidad| |1300.00|1300.00|1|unidad||||
3|1|1068|7622202247286|1|Caram. Halls Cherry Nvo 28 Grs|1.00|unidad| |1300.00|1300.00|1|unidad||||
3|1|1068|7790895649301|1|CEPITA 20% NARANJA 200ML|1.00|unidad| |2100.00|2100.00|1|unidad||||
3|1|1068|7790895009853|1|CEPITA JUGO MANZANA BOTELLA X 1L|1.00|unidad| |5800.00|5800.00|1|unidad||||
3|1|1068|7790895000720|1|CEPITA JUGO MANZANA TETRA X 200CC.|1.00|unidad| |2100.00|2100.00|1|unidad||||
3|1|1068|7790895647017|1|CEPITA JUGO MANZANA ZINC TETRA X 1 LT.|1.00|unidad| |4200.00|4200.00|1|unidad||||
3|1|1068|7790895000737|1|CEPITA JUGO MULTIFRUTA TETRA X 200CC|1.00|unidad| |2100.00|2100.00|1|unidad||||
3|1|1068|7790895647123|1|CEPITA JUGO MULTIFRUTA ZINC TETRA X 1 LT.|1.00|unidad| |4200.00|4200.00|1|unidad||||
3|1|1068|7790895648267|1|CEPITA NARANJA 20% 1L|1.00|unidad| |4200.00|4200.00|1|unidad||||
3|1|1068|7790895009815|1|CEPITA NARANJA 995CC|1.00|unidad| |5800.00|5800.00|1|unidad||||
3|1|1068|0000000022630|0|CEREAL MIX BARRA DE CEREAL C/FRUTILLA&YOGHURT X26G|1.00|unidad| |1700.00|1700.00|1|unidad||||
3|1|1068|0000000001341|0|CEREAL MIX BARRA DE CEREAL X 23G|1.00|unidad| |1700.00|1700.00|1|unidad||||
3|1|1068|0000000022631|0|CEREAL MIX BARRA DE CEREAL YOGH/FRUTIL.L.X26g|1.00|unidad| |1700.00|1700.00|1|unidad||||
3|1|1068|7790580123345|1|CH. TL7 MENTHOL 20X16X14G|1.00|unidad| |1900.00|1900.00|1|unidad||||
3|1|1068|0000000019822|0|CH. TL7 VIBR. STRAW. 20X16X14G|1.00|unidad| |1900.00|1900.00|1|unidad||||
3|1|1068|7790580104252|1|CH. TL7 VIOL. CHERRY 20X16X14G|1.00|unidad| |1900.00|1900.00|1|unidad||||
3|1|1068|7790580317607|1|CH. TL7 XPLOS. MINT 20X16X14G|1.00|unidad| |1900.00|1900.00|1|unidad||||
3|1|1068|8445290701961|1|Choc Bananita Dolca 30 grs|1.00|unidad| |2200.00|2200.00|1|unidad||||
3|1|1068|8445290701596|1|Choc. Bananita Dolca 14grs|1.00|unidad| |1200.00|1200.00|1|unidad||||
3|1|1068|7622202328947|1|Choc. Milka 55g Leche NVO|1.00|unidad| |6100.00|6100.00|1|unidad||||
3|1|1068|7790070418296|1|Chocoarroz Blanco est. 22g|1.00|unidad| |1800.00|1800.00|1|unidad||||
3|1|1068|7790070418203|1|Chocoarroz DL 22 gr|1.00|unidad| |1800.00|1800.00|1|unidad||||
3|1|1068|7790580103521|1|CHOCOLATE LECHE CON CONFITES COFLER X 55 G|1.00|unidad| |5800.00|5800.00|1|unidad||||
3|1|1068|7798304840851|1|CHOMPAlmedC/SsaDDL6x180g|1.00|unidad| |10200.00|10200.00|1|unidad||||
3|1|1068|7798130953640|1|CHUPETIN COCO POP X 17 G|1.00|unidad| |3500.00|3500.00|1|unidad||||
3|1|1068|7798130954777|1|CHUPETIN EMOTI POP 11GR|1.00|unidad| |3500.00|3500.00|1|unidad||||
3|1|1068|0000000023604|0|CIRCULAR MEMBRILLO X UN|1.00|unidad| |1500.00|1500.00|1|unidad||||
3|1|1068|7798085680516|1|CITRIC JUGO NARANJA MANGO TETRA X 500CC|1.00|unidad| |3700.00|3700.00|1|unidad||||
3|1|1068|7798085681834|1|CITRIC JUGO NARANJA TETRA X 1L|1.00|unidad| |5500.00|5500.00|1|unidad||||
3|1|1068|7798085681445|1|CITRIC JUGO NARANJA TETRA X 250CC|1.00|unidad| |2100.00|2100.00|1|unidad||||
3|1|1068|7798085681452|1|CITRIC JUGO NARANJA TETRA X 500CC|1.00|unidad| |3700.00|3700.00|1|unidad||||
3|1|1068|7798085680295|1|CITRIC JUGO NARANJA/ DURAZNO TETRA X 500CC|1.00|unidad| |3700.00|3700.00|1|unidad||||
3|1|1068|7790895000997|1|COCA-COLA X 2.25L|1.00|unidad| |8500.00|8500.00|1|unidad||||
3|1|1068|7790040659605|1|COFLER BLOCK ALFAJOR CHOCOLATE X 60 G|1.00|unidad| |2800.00|2800.00|1|unidad||||
3|1|1068|0000000018365|0|COFLER BLOCK CHOCOLATE C/LECHE Y MANI TAB.X 110GR|1.00|unidad| |7800.00|7800.00|1|unidad||||
3|1|1068|0000000015301|0|COFLER BLOCK CHOCOLATE C/LECHE Y MANI TAB.X 38GR|1.00|unidad| |3100.00|3100.00|1|unidad||||
3|1|1068|7790580105013|1|COFLER BLOCK CHOCOLATE X 170G|1.00|unidad| |13200.00|13200.00|1|unidad||||
3|1|1068|7790580115579|1|COFLER BLOCK CHOCOLATE X 1KG|1.00|unidad| |62900.00|62900.00|1|unidad||||
3|1|1068|7790580103385|1|COFLER CHOCOLATE AIREADO BCO/LECHE X 27 GR.|1.00|unidad| |3300.00|3300.00|1|unidad||||
3|1|1068|7790580103378|1|COFLER CHOCOLATE AIREADO BLANCO X 27 GR.|1.00|unidad| |3300.00|3300.00|1|unidad||||
3|1|1068|7790580115869|1|COFLER CHOCOLATE AIREADO BON O BON X 67G|1.00|unidad| |6500.00|6500.00|1|unidad||||
3|1|1068|7790580103361|1|COFLER CHOCOLATE AIREADO LECHE X 27 GR.|1.00|unidad| |3300.00|3300.00|1|unidad||||
3|1|1068|7790580043407|1|COFLER CHOCOLATE AIREADO LECHE X 55G|1.00|unidad| |6600.00|6600.00|1|unidad||||
3|1|1068|7790580003531|1|COFLER CHOCOLATE BCO&COOK X 55G|1.00|unidad| |5800.00|5800.00|1|unidad||||
3|1|1068|7790580043506|1|COFLER CHOCOLATE LECHE CON ALMENDRAS X 55G|1.00|unidad| |5800.00|5800.00|1|unidad||||
3|1|1068|0000000024109|0|CRIOLLITO X UN|1.00|unidad| |1500.00|1500.00|1|unidad||||
3|1|1068|0000000023957|0|CROISSANT J Y Q|1.00|unidad| |5800.00|5800.00|1|unidad||||
3|1|1068|7798024760798|1|CROQUE MONSIEUR J Y Q BLANCO X UN|1.00|unidad| |9100.00|9100.00|1|unidad||||
3|1|1068|7798024760804|1|CROQUE MONSIEUR J Y Q NEGRO X UN|1.00|unidad| |9100.00|9100.00|1|unidad||||
3|1|1068|0000000020568|0|CUADRADO DE PASTA FROLA|1.00|unidad| |4800.00|4800.00|1|unidad||||
3|1|1068|0000000023543|0|DELIVERY MEDIALUNAS X 6 UNIDADES|1.00|unidad| |205.00|205.00|1|unidad||||
3|1|1068|7795735000106|1|DON SATUR TALITAS X 140GR|1.00|unidad| |2200.00|2200.00|1|unidad||||
3|1|1068|7790206007509|1|DOS CORAZONES BOCADITO CHOC.C/LECHE RELL. X 26GR|1.00|unidad| |2100.00|2100.00|1|unidad||||
3|1|1068|7792799000035|1|ECO DE LOS ANDES AGUA CON GAS PET X 500CC.|1.00|unidad| |3000.00|3000.00|1|unidad||||
3|1|1068|7798128000486|1|EL CACHAFAZ ALFAJOR BLANCO FLOWPACK X 60 GR|1.00|unidad| |3100.00|3100.00|1|unidad||||
3|1|1068|7798128000462|1|EL CACHAFAZ ALFAJOR CHOCOLATE FLOWPACK X 60 GR|1.00|unidad| |3000.00|3000.00|1|unidad||||
3|1|1068|7798128001940|1|EL CACHAFAZ ALFAJOR DE MAICENA X 76G|1.00|unidad| |3100.00|3100.00|1|unidad||||
3|1|1068|7798128001797|1|EL CACHAFAZ CONITO DULCE DE LECHE X 38G|1.00|unidad| |2600.00|2600.00|1|unidad||||
3|1|1068|7798024760569|1|ENSALADA CESAR  PREMIUM X UN|1.00|unidad| |13000.00|13000.00|1|unidad||||
3|1|1068|7798024760392|1|ENSALADA CHEF PREMIUM X UN|1.00|unidad| |13000.00|13000.00|1|unidad||||
3|1|1068|7798024766417|1|ENSALADA MIX VEG.C/PECHUGUITAS AL SESAMO X UN|1.00|unidad| |13000.00|13000.00|1|unidad||||
3|1|1068|7613035242524|1|EPA DDL MAX 88GR|1.00|unidad| |6500.00|6500.00|1|unidad||||
3|1|1068|7613035242500|1|EPA ROCKER X 88G|1.00|unidad| |6500.00|6500.00|1|unidad||||
3|1|1068|7898024390121|1|FERRERO ROCHER BOMBON CHOC.RELL.PAQ.3 UNID X 37.5G|1.00|unidad| |5400.00|5400.00|1|unidad||||
3|1|1068|7798024760255|1|FIGAZZITAS DE SALAME Y QUESO X 2 UN|1.00|unidad| |8200.00|8200.00|1|unidad||||
3|1|1068|7798147780062|1|Franui sabor Black 150gr|1.00|unidad| |8500.00|8500.00|1|unidad||||
3|1|1068|7798147783223|1|Franui sabor Leche 150gr|1.00|unidad| |8500.00|8500.00|1|unidad||||
3|1|1068|7790070431936|1|Gallo YoguBar 20gr|1.00|unidad| |1700.00|1700.00|1|unidad||||
3|1|1068|0067061111111|1|GATORADE COOL BLUE PET X 500CC|1.00|unidad| |3900.00|3900.00|1|unidad||||
3|1|1068|0071971211111|1|GATORADE FRUTOS TROPICALES PET X 750CC|1.00|unidad| |4700.00|4700.00|1|unidad||||
3|1|1068|0066011111111|1|GATORADE MANZANA PET X 500CC|1.00|unidad| |3900.00|3900.00|1|unidad||||
3|1|1068|0042831111111|1|GATORADE MANZANA PET X 750CC|1.00|unidad| |4600.00|4600.00|1|unidad||||
3|1|1068|0006602111111|1|GATORADE NARANJA PET X 500CC|1.00|unidad| |3900.00|3900.00|1|unidad||||
3|1|1068|7798024766103|1|GRANDWICH PANINI GRIGLIATTI JAM/QUE/TOM/HUE X 210G|1.00|unidad| |6650.00|6650.00|1|unidad||||
3|1|1068|0000000023445|0|HALLS FREE MENTA X 28 G|1.00|unidad| |1450.00|1450.00|1|unidad||||
3|1|1068|7791249450277|1|HALLS MENTA LYPTUS CARAMELOS DUROS PAQ.X 28G|1.00|unidad| |1250.00|1250.00|1|unidad||||
3|1|1068|0000000023603|0|ICEDREAM CIRCULAR PASTELERA X UN|1.00|unidad| |1500.00|1500.00|1|unidad||||
3|1|1068|0028411111111|1|JORGITO ALFAJOR BLANCO X 50G|1.00|unidad| |1600.00|1600.00|1|unidad||||
3|1|1068|0011111112842|1|JORGITO ALFAJOR CHOCOLATE X 55G|1.00|unidad| |1600.00|1600.00|1|unidad||||
3|1|1068|7790957000545|1|JORGITO MINI ALFAJOR CHOCOLATE PAQ.X 6 UNID.|1.00|unidad| |4600.00|4600.00|1|unidad||||
3|1|1068|7790957000538|1|JORGITO MINI ALFAJOR GLACEADO PAQ.X 6 UNID.X 155GR|1.00|unidad| |4600.00|4600.00|1|unidad||||
3|1|1068|0000080052760|1|KINDER BUENO OBLEA CHOCOLATE CON LECHE X 43G|1.00|unidad| |4800.00|4800.00|1|unidad||||
3|1|1068|0000077949677|1|KINDER CHOCOLATE X 50G|1.00|unidad| |5500.00|5500.00|1|unidad||||
3|1|1068|7891000379073|1|KIT KAT DARK OBLEA BAÑADA CHOCOLATE X 41.5G|1.00|unidad| |2800.00|2800.00|1|unidad||||
3|1|1068|7891000379028|1|KIT KAT OBLEA BAÑADA CHOCOLATE BLANCO X 41.5G|1.00|unidad| |2800.00|2800.00|1|unidad||||
3|1|1068|7791337007260|1|Leche chocolatada Cindor 200ml|1.00|unidad| |3800.00|3800.00|1|unidad||||
3|1|1068|7791337007253|1|Leche chocolatada Cindor x 1L|1.00|unidad| |11500.00|11500.00|1|unidad||||
3|1|1068|7798368470391|1|LUCCIANO´S CHANTILLY X 100GR (02)|1.00|unidad| |7400.00|7400.00|1|unidad||||
3|1|1068|7798368470384|1|LUCCIANO´S CHOCOLATE C/CROCANTE X 100GR (01)|1.00|unidad| |7400.00|7400.00|1|unidad||||
3|1|1068|7798368470421|1|LUCCIANO´S CHOCOLATE X 90GR (05)|1.00|unidad| |7400.00|7400.00|1|unidad||||
3|1|1068|7798368470438|1|LUCCIANO´S DDL C/ CROCANTE X 90GR (06)|1.00|unidad| |7400.00|7400.00|1|unidad||||
3|1|1068|0000000024240|0|LUCCIANO´S DDL X 90GR (03)|1.00|unidad| |6000.00|6000.00|1|unidad||||
3|1|1068|7798368470476|1|LUCCIANO´S MINION ICE POP X 100GR (10)|1.00|unidad| |7900.00|7900.00|1|unidad||||
3|1|1068|7798368470469|1|LUCCIANO´S OLI KING X 90GR (09)|1.00|unidad| |7800.00|7800.00|1|unidad||||
3|1|1068|7798368470735|1|LUCCIANO´S PISTACCHIO X 95GR (08)|1.00|unidad| |7800.00|7800.00|1|unidad||||
3|1|1068|7798368470414|1|LUCCIANO´S SORBETE PATAGONIA X 90GR (04)|1.00|unidad| |7400.00|7400.00|1|unidad||||
3|1|1068|7613034797469|1|LUXOR BOMBON HELADO 53G|1.00|unidad| |3000.00|3000.00|1|unidad||||
3|1|1068|7797453001441|1|M&M Chocolate 48 Grs|1.00|unidad| |4800.00|4800.00|1|unidad||||
3|1|1068|7797453001458|1|M&M MANI PAQ. X 49 GR|1.00|unidad| |4800.00|4800.00|1|unidad||||
3|1|1068|7790387015324|1|MAÑANITA YERBA 4FLEX X 500 GR|1.00|unidad| |4400.00|4400.00|1|unidad||||
3|1|1068|7790206006106|1|MARROC BOCADITO X 14 GR.|1.00|unidad| |1200.00|1200.00|1|unidad||||
3|1|1068|7798024760125|1|MAX PREMIUM JyQ-TOM-HUE- PAN NGO X UN|1.00|unidad| |9600.00|9600.00|1|unidad||||
3|1|1068|7798024766172|1|MAX PREMIUM POLLO-RU-PAR-PAN NGO X UN|1.00|unidad| |9600.00|9600.00|1|unidad||||
3|1|1068|7798024760552|1|MAX TRIANGULO LIGHT POLLO-LEC-PAN NGO X UN|1.00|unidad| |9600.00|9600.00|1|unidad||||
3|1|1068|0000000023602|0|MEDIALUNA DE GRASA X UN|1.00|unidad| |1500.00|1500.00|1|unidad||||
3|1|1068|0000000023601|0|MEDIALUNA DE MANTECA X UN|1.00|unidad| |1500.00|1500.00|1|unidad||||
3|1|1068|7891000120057|1|MEGA AMERICANA CON ALMENDRAS X 74g|1.00|unidad| |7400.00|7400.00|1|unidad||||
3|1|1068|0000000020546|0|MENTHO-PLUS ACIDOS CEREZA X 27.2G|1.00|unidad| |1600.00|1600.00|1|unidad||||
3|1|1068|0000000020540|0|MENTHO-PLUS ACIDOS NARANJA X 27.2G|1.00|unidad| |1600.00|1600.00|1|unidad||||
3|1|1068|0000000021660|0|MENTHO-PLUS CARAMELOS INHALANTES DE CEREZA X 29.4G|1.00|unidad| |1000.00|1000.00|1|unidad||||
3|1|1068|0000000021663|0|MENTHO-PLUS CARAMELOS INHALANTES MIEL X 29.4G|1.00|unidad| |1000.00|1000.00|1|unidad||||
3|1|1068|0000000021661|0|MENTHO-PLUS CARAMELOS INHALANTES STRONG X 29.4G|1.00|unidad| |1000.00|1000.00|1|unidad||||
3|1|1068|0000000017476|0|MENTHO-PLUS CARAMELOS SIN AZUCAR CHERRY X 27.3G|1.00|unidad| |1600.00|1600.00|1|unidad||||
3|1|1068|0000000017474|0|MENTHO-PLUS CARAMELOS SIN AZUCAR MENTOL X 27.3G|1.00|unidad| |1600.00|1600.00|1|unidad||||
3|1|1068|0000000021664|0|MENTHOPLUS MENTA X 29.4G|1.00|unidad| |1000.00|1000.00|1|unidad||||
3|1|1068|0000000021662|0|MENTHOPLUS MENTOL X 29.4G|1.00|unidad| |1000.00|1000.00|1|unidad||||
3|1|1068|0000000021044|0|MENTHOPLUS ZERO CARAMELOS DURAZNO X 26.6G|1.00|unidad| |1600.00|1600.00|1|unidad||||
3|1|1068|0000000021047|0|MENTHOPLUS ZERO CARAMELOS STRONG X 26.6G|1.00|unidad| |1600.00|1600.00|1|unidad||||
3|1|1068|7895144699851|1|MENTOS CARAMELOS MASTICABLES SAB.FRUTA X 29.7GR|1.00|unidad| |1200.00|1200.00|1|unidad||||
3|1|1068|7895144699844|1|MENTOS CARAMELOS MASTICABLES SAB.MENTA X 29.7GR|1.00|unidad| |1200.00|1200.00|1|unidad||||
3|1|1068|0000000021770|0|MERMELADAS X UNIDAD|1.00|unidad| |50.00|50.00|1|unidad||||
3|1|1068|0000077903785|1|MILKA ALFAJOR MOUSSE TRIPLE X 55 GR.|1.00|unidad| |2800.00|2800.00|1|unidad||||
3|1|1068|7622300457303|1|MILKA ALFAJOR TRIPLE BLANCO X 55G|1.00|unidad| |2800.00|2800.00|1|unidad||||
3|1|1068|7622300844967|1|MILKA CHOCOLATE BLANCO CON DULCE DE LECHE X 67.5G|1.00|unidad| |7100.00|7100.00|1|unidad||||
3|1|1068|7622300844943|1|MILKA CHOCOLATE C DULCE DE LECHE X 67.5G|1.00|unidad| |7100.00|7100.00|1|unidad||||
3|1|1068|0000000021565|0|MILKA CHOCOLATE C/LECHE ALMENDRAS|1.00|unidad| |3290.00|3290.00|1|unidad||||
3|1|1068|7622300990114|1|MILKA CHOCOLATE CON LECHE X 150G|1.00|unidad| |13800.00|13800.00|1|unidad||||
3|1|1068|7622201818937|1|MILKA LEGER CHOCOLATE LECHE TABLETA X 50G|1.00|unidad| |5800.00|5800.00|1|unidad||||
3|1|1068|7790580116958|1|MOGUL CARAMELO DE GOMA DINOS X 30G|1.00|unidad| |800.00|800.00|1|unidad||||
3|1|1068|7790580129507|1|MOGUL CARAMELOS DE GOMA ACIDOS BOLSA X 60G|1.00|unidad| |1350.00|1350.00|1|unidad||||
3|1|1068|7790580169312|1|MOGUL CARAMELOS DE GOMA CEREBRITOS X 30G|1.00|unidad| |1200.00|1200.00|1|unidad||||
3|1|1068|7790580116460|1|MOGUL CARAMELOS DE GOMA EXTREME ACIDO ROLLO X 35G|1.00|unidad| |1200.00|1200.00|1|unidad||||
3|1|1068|7790580603809|1|MOGUL CARAMELOS DE GOMA FRUTALES ROLLO X 35G|1.00|unidad| |1200.00|1200.00|1|unidad||||
3|1|1068|7790580199913|1|MOGUL CARAMELOS DE GOMA OSITOS X 30 GR|1.00|unidad| |1200.00|1200.00|1|unidad||||
3|1|1068|7790580200114|1|MOGUL CARAMELOS DE GOMA TIBURON X 30G|1.00|unidad| |1200.00|1200.00|1|unidad||||
3|1|1068|7798422620014|1|MONSTER ENERGY GREEN X 473CC|1.00|unidad| |5200.00|5200.00|1|unidad||||
3|1|1068|7798422620045|1|MONSTER MANGO LOCO 473|1.00|unidad| |5200.00|5200.00|1|unidad||||
3|1|1068|7798422620021|1|MONSTER ULTRA x 473 CC|1.00|unidad| |5200.00|5200.00|1|unidad||||
3|1|1068|1111111111142|1|MUFFIN CHIPS CHOC X UN|1.00|unidad| |3900.00|3900.00|1|unidad||||
3|1|1068|1111111111145|1|MUFFIN VAINILLA C/DDL X UN|1.00|unidad| |3900.00|3900.00|1|unidad||||
3|1|1068|7798304841261|1|NESQUIK NUTRIACTIV B HEL.CHOCOLATE CON CALCIN-N|1.00|unidad| |1800.00|1800.00|1|unidad||||
3|1|1068|7622210723468|1|OREO GALLETITAS BAÑADAS CHOCOLATE x17gr|1.00|unidad| |200.00|200.00|1|unidad||||
3|1|1068|7899975800523|1|Oreo Palito AR 20 x 65g|1.00|unidad| |6500.00|6500.00|1|unidad||||
3|1|1068|7899975800509|1|OREO SANDWICH AR 81GR|1.00|unidad| |6500.00|6500.00|1|unidad||||
3|1|1068|7798304841124|1|OREO TACITA X 95G|1.00|unidad| |6500.00|6500.00|1|unidad||||
3|1|1068|0000000024088|0|PAN DE CHOCOLATE X UN|1.00|unidad| |3900.00|3900.00|1|unidad||||
3|1|1068|7798024766110|1|PANINI GRIGLIATTI DE PECETO X 210G|1.00|unidad| |6650.00|6650.00|1|unidad||||
3|1|1068|7791007000764|1|PAÑUELOS DESCARTABLES CAJA X 75 UNID|1.00|unidad| |3600.00|3600.00|1|unidad||||
3|1|1068|7791070003482|1|PAÑUELOS DESCARTABLES X UNID|1.00|unidad| |700.00|700.00|1|unidad||||
3|1|1068|7798024760781|1|PEBETE PECHUGA CRISPY X UN|1.00|unidad| |9200.00|9200.00|1|unidad||||
3|1|1068|7798024760361|1|PECHUGA GRILLE C/VEGETAL DEL HUERTO X UN|1.00|unidad| |11500.00|11500.00|1|unidad||||
3|1|1068|0000077915481|1|PEPITOS ALFAJOR TRIPLE DE CHOCOLATE X 57GR|1.00|unidad| |2800.00|2800.00|1|unidad||||
3|1|1068|7791813828365|1|PEPSI BLACK PET X 500CC|1.00|unidad| |3100.00|3100.00|1|unidad||||
3|1|1068|1111111111200|1|PICO DULCE CHUPETIN X 14 GR.|1.00|unidad| |500.00|500.00|1|unidad||||
3|1|1068|7790895641183|1|POWERADE FRUTAS TROPICALES PET X 500CC|1.00|unidad| |3300.00|3300.00|1|unidad||||
3|1|1068|7790895640018|1|POWERADE MANZANA PET X 500CC|1.00|unidad| |3300.00|3300.00|1|unidad||||
3|1|1068|7790895640025|1|POWERADE MOUNTAIN BLAST PET X 500CC|1.00|unidad| |3300.00|3300.00|1|unidad||||
3|1|1068|7791519200021|1|PRIME PRESERVATIVO ANATOMICO CAJA X 3 UNID.|1.00|unidad| |6000.00|6000.00|1|unidad||||
3|1|1068|7791519200076|1|PRIME PRESERVATIVO ESPERMICIDA CAJA X 3 UNID.|1.00|unidad| |6000.00|6000.00|1|unidad||||
3|1|1068|7791519000676|1|PRIME PRESERVATIVO EXTRA LUBRICADO CAJA X 3 UNID.|1.00|unidad| |6000.00|6000.00|1|unidad||||
3|1|1068|7791519200045|1|PRIME PRESERVATIVO SUPERFINO CAJA X 3 UNID.|1.00|unidad| |6000.00|6000.00|1|unidad||||
3|1|1068|7791519200090|1|PRIME PRESERVATIVO TACHAS CAJA X 3 UNID.|1.00|unidad| |6000.00|6000.00|1|unidad||||
3|1|1068|7791519200069|1|PRIME PRESERVATIVO TEXTURADO CAJA X 3 UNID.|1.00|unidad| |6000.00|6000.00|1|unidad||||
3|1|1068|7790742167101|1|Queso Finlandia Chef Cheddar 150gr PAQUETE INSUMO|1.00|unidad| |0.01|0.01|1|unidad||||
3|1|1068|0045011111111|1|RED BULL ENERGY DRINK LATA X 250 CC|1.00|unidad| |5000.00|5000.00|1|unidad||||
3|1|1068|0000090435225|1|RED BULL ENERGY DRINK LATA X 355 CC|1.00|unidad| |6200.00|6200.00|1|unidad||||
3|1|1068|9002490232054|1|RED BULL ENERGY DRINK SUGAR FREE LATA X 250CC|1.00|unidad| |5000.00|5000.00|1|unidad||||
3|1|1068|7790580327415|1|ROCKLETS CONFITES DE CHOCOLATE PAQ. X 40 GR|1.00|unidad| |2800.00|2800.00|1|unidad||||
3|1|1068|7790580327613|1|ROCKLETS NARANJA MANI C/CHOCOLATE CONFITADO X 40G|1.00|unidad| |2800.00|2800.00|1|unidad||||
3|1|1068|7798024760507|1|ROLL CHICKEN CAESAR X 210GR|1.00|unidad| |9600.00|9600.00|1|unidad||||
3|1|1068|0000000023605|0|SACRAMENTO MEMBRILLO X UN|1.00|unidad| |1500.00|1500.00|1|unidad||||
3|1|1068|7790580716806|1|SALADIX GALLETITAS SAB. CALABRESA CAJA X 100G|1.00|unidad| |2900.00|2900.00|1|unidad||||
3|1|1068|7790580716707|1|SALADIX GALLETITAS SAB. JAMON CAJA X 100G|1.00|unidad| |2900.00|2900.00|1|unidad||||
3|1|1068|7790580697303|1|SALADIX GALLETITAS SAB. PIZZA CAJA X 100G|1.00|unidad| |2900.00|2900.00|1|unidad||||
3|1|1068|7790040374607|1|SALADIX GALLETITAS SAB.DUO CAJA X 80G|1.00|unidad| |2900.00|2900.00|1|unidad||||
3|1|1068|7790040123434|1|SALADIX GALLETITAS SAB.KESITOS X80G|1.00|unidad| |2500.00|2500.00|1|unidad||||
3|1|1068|0000077956699|1|SHOT ALFAJOR TRISHOT TRIPLE X 60G|1.00|unidad| |2800.00|2800.00|1|unidad||||
3|1|1068|7622300424084|1|SHOT CHOCOLATE CON LECHE Y MANI TABLETA X 170 GR|1.00|unidad| |11900.00|11900.00|1|unidad||||
3|1|1068|0000077914217|1|SHOT CHOCOLATE LECHE CON MANI TABLETA X 35G|1.00|unidad| |2900.00|2900.00|1|unidad||||
3|1|1068|7798304841803|1|SIN PARAR CHOCOLATE DULCE DE LECHE X 90G|1.00|unidad| |2900.00|2900.00|1|unidad||||
3|1|1068|7798304841797|1|SIN PARAR DULCE DE LECHE Y AMERICANA X 90G|1.00|unidad| |2900.00|2900.00|1|unidad||||
3|1|1068|7798304841780|1|SIN PARAR FRUTILLA CREMA X 90G|1.00|unidad| |2900.00|2900.00|1|unidad||||
3|1|1068|0022000018465|1|SKITTLES CONFITES ORIGINAL FRUIT PAQ.X 61.5GR|1.00|unidad| |4500.00|4500.00|1|unidad||||
3|1|1068|0022000018489|1|SKITTLES CONFITES WILDBERRY PAQ.X 61.5GR|1.00|unidad| |4500.00|4500.00|1|unidad||||
3|1|1068|7790895646027|1|SMART WATER C/G 591 ML|1.00|unidad| |3300.00|3300.00|1|unidad||||
3|1|1068|7790895645778|1|SMART WATER S/G 591 ML|1.00|unidad| |3300.00|3300.00|1|unidad||||
3|1|1068|7506174512248|1|SNICKERS BARRA RELL.MANI CUB.C/CHOCOLATE X 48 GR|1.00|unidad| |4500.00|4500.00|1|unidad||||
3|1|1068|0522111111111|1|SPEED UNLIMITED LATA X 250CC|1.00|unidad| |3800.00|3800.00|1|unidad||||
3|1|1068|0040000000518|1|STARBURST CARAMELO MASTICABLE SURTIDO PAQ.X 58.7G|1.00|unidad| |4900.00|4900.00|1|unidad||||
3|1|1068|7790580060206|1|SUGUS CARAMELO MASTICABLE SUELTO X 3.3 GR|1.00|unidad| |50.00|50.00|1|unidad||||
3|1|1068|7790580056001|1|SUGUS CONFITADOS CONFITES DE CARAMELO SURT.X 50 G|1.00|unidad| |2000.00|2000.00|1|unidad||||
3|1|1068|7790387000849|1|TARAGUI MATE COCIDO X 25 UNID S ENS|1.00|unidad| |130.00|130.00|1|unidad||||
3|1|1068|0029601111111|1|TARAGUI MATE LISTO X 35 GR.|1.00|unidad| |3900.00|3900.00|1|unidad||||
3|1|1068|0029621111111|1|TARAGUI TERMO MATE-LISTO CAPACIDAD 500 CC.|1.00|unidad| |5800.00|5800.00|1|unidad||||
3|1|1068|7790387013627|1|TARAGUI YERBA 4FLEX X 500 GR.|1.00|unidad| |4400.00|4400.00|1|unidad||||
3|1|1068|0000077939234|1|TERRABUSI ALFAJOR CHOCOLATE X 50 GR|1.00|unidad| |1900.00|1900.00|1|unidad||||
3|1|1068|0000077903792|1|TERRABUSI ALFAJOR TRIPLE CHOCOLATE X 70G.|1.00|unidad| |2800.00|2800.00|1|unidad||||
3|1|1068|0000077903860|1|TERRABUSI ALFAJOR TRIPLE TIPO TORTA CHOCOLAT.X 70G|1.00|unidad| |2800.00|2800.00|1|unidad||||
3|1|1068|7622300335052|1|TERRABUSI SNACKY X 60GR|1.00|unidad| |4400.00|4400.00|1|unidad||||
3|1|1068|7861002910314|1|TIC TAC PASTILLAS SABOR MENTA CAJA X 16 GR.|1.00|unidad| |1500.00|1500.00|1|unidad||||
3|1|1068|7861002910321|1|TIC TAC PASTILLAS SABOR NARANJA CAJA X 16 GR.|1.00|unidad| |1500.00|1500.00|1|unidad||||
3|1|1068|7790580746612|1|TOFI CHOCOLATE C/LECHE RELLENO D.LECHE X 55G|1.00|unidad| |400.00|400.00|1|unidad||||
3|1|1068|7798024760354|1|TOP PBT DE JAMON COCIDO Y QUESO X UN|1.00|unidad| |8200.00|8200.00|1|unidad||||
3|1|1068|0000000019823|0|TOPLINE 7 CHICLE S/AZUCAR ATM STRONG X 14G|1.00|unidad| |1900.00|1900.00|1|unidad||||
3|1|1068|0000000018843|0|TOPLINE 7 CHICLE S/AZUCAR MANDARINA  CAJA X 14G|1.00|unidad| |1900.00|1900.00|1|unidad||||
3|1|1068|7790580120573|1|TOPLINE 7 ULTRA CLEAN X 24G|1.00|unidad| |3300.00|3300.00|1|unidad||||
3|1|1068|7790580120702|1|TOPLINE 7 ULTRA GREEN MINT X 24G|1.00|unidad| |3300.00|3300.00|1|unidad||||
3|1|1068|7790580121013|1|TOPLINE 7 ULTRA RED BERRY X 24G|1.00|unidad| |3300.00|3300.00|1|unidad||||
3|1|1068|7798304841421|1|TORPEDO FRUTILLA|1.00|unidad| |2000.00|2000.00|1|unidad||||
3|1|1068|7798304841414|1|TORPEDO LIMON|1.00|unidad| |2000.00|2000.00|1|unidad||||
3|1|1068|7798024760460|1|TRIPLE MIGA BLANCO J.COCIDO Y QUESO X 3 UN|1.00|unidad| |8700.00|8700.00|1|unidad||||
3|1|1068|7798024760477|1|TRIPLE MIGA NEGRO J.COCIDO Y QUESO X 3 UN|1.00|unidad| |8700.00|8700.00|1|unidad||||
3|1|1068|7622202839962|1|VARIEDAD GALLETITAS DULCES SURTIDAS X 390GR.|1.00|unidad|VARIEDAD|5500.00|5500.00|1|unidad||||
3|1|1068|0016871111111|1|VASO REUTILIZABLE|1.00|unidad| |4000.00|4000.00|1|unidad||||
3|1|1068|0000000004361|0|VAUQUITA TABLETA DE DULCE DE LECHE X 25 GR.|1.00|unidad| |180.00|180.00|1|unidad||||
3|1|1068|7790315100184|1|VDS LEVITE CERO AGUA S/G MANZANA PET X 500cc|1.00|unidad| |3100.00|3100.00|1|unidad||||
3|1|1068|0021352111111|1|VDS LEVITE CERO AGUA S/G NARANJA PET X 500cc|1.00|unidad| |3100.00|3100.00|1|unidad||||
3|1|1068|0021347111111|1|VILLA DEL SUR LEVITE S/G MANZANA PET X 500cc|1.00|unidad| |3100.00|3100.00|1|unidad||||
3|1|1068|7798062548655|1|VILLA DEL SUR LEVITE S/G NARANJA PET X 500cc|1.00|unidad| |3100.00|3100.00|1|unidad||||
3|1|1068|0021349111111|1|VILLA DEL SUR LEVITE S/G PERA PET X 500cc|1.00|unidad| |3100.00|3100.00|1|unidad||||
3|1|1068|7799155000982|1|VILLA DEL SUR LEVITE S/G POMELO PET X 500cc|1.00|unidad| |3100.00|3100.00|1|unidad||||
3|1|1068|7799155000210|1|VILLAVICENCIO AGUA FINAMENTE GASIFICADA PET X 1.5L|1.00|unidad| |4800.00|4800.00|1|unidad||||
3|1|1068|7799155000203|1|VILLAVICENCIO AGUA FINAMENTE GASIFICADA PET X 500C|1.00|unidad| |3300.00|3300.00|1|unidad||||
3|1|1068|0022000293220|1|Wrigleys Doubl 12.5g|1.00|unidad| |2500.00|2500.00|1|unidad||||
3|1|1068|0022000293305|1|Wrigleys Spear 12.5g|1.00|unidad| |2500.00|2500.00|1|unidad||||
3|1|1068|7791337010826|1|Yogurisimo Botellita Frutilla x 190g|1.00|unidad| |5500.00|5500.00|1|unidad||||
3|1|1068|7798187760246|1|ZAFRAN BARRA DE CEREAL ALM/COCO X 28G|1.00|unidad| |1800.00|1800.00|1|unidad||||
3|1|1068|7798187760277|1|ZAFRAN BARRA DE CEREAL CAJU/ZAPALLO 28G|1.00|unidad| |1800.00|1800.00|1|unidad||||
3|1|1068|7798187760253|1|ZAFRAN BARRA DE CEREAL MANI/CACAO 28G|1.00|unidad| |1800.00|1800.00|1|unidad||||
3|1|1068|7798187760260|1|ZAFRAN BARRA DE CEREAL MZNA/CHIA 28G|1.00|unidad| |1800.00|1800.00|1|unidad||||
3|1|1132|7791813434412|1|7UP FREE PET X 1.5L|1.00|unidad| |4700.00|4700.00|1|unidad||||
3|1|1132|0000000023897|0|AFEITADORA BIC COMFORT  3|1.00|unidad| |820.00|820.00|1|unidad||||
3|1|1132|7790580109882|1|AGUILA EXTRAFINO 60% CACAO X 150 GR|1.00|unidad| |15200.00|15200.00|1|unidad||||
3|1|1132|7790040133594|1|AGUILA MINITORTA BROWNIE X 72G|1.00|unidad| |2800.00|2800.00|1|unidad||||
3|1|1132|7790040298705|1|AGUILA MINITORTA DDLECHE/MOUSSE SAB.VAINILLA X 72G|1.00|unidad| |2800.00|2800.00|1|unidad||||
3|1|1132|0000000023956|0|ALFAJOR CHOCOLATE|1.00|unidad| |2100.00|2100.00|1|unidad||||
3|1|1132|0000000023280|0|ALFAJORES DE MAICENA|1.00|unidad| |2100.00|2100.00|1|unidad||||
3|1|1132|7790580607418|1|ARCOR CHOCOLATE BLANCO TABLETA X 25 GR|1.00|unidad| |2200.00|2200.00|1|unidad||||
3|1|1132|7790580607210|1|ARCOR CHOCOLATE CON LECHE TABLETA X 25GR|1.00|unidad| |2200.00|2200.00|1|unidad||||
3|1|1132|0000000001339|0|ARCOR OBLEA RELLENA C/PASTA DE TURRON Y MANI X 25G|1.00|unidad| |700.00|700.00|1|unidad||||
3|1|1132|7793360294600|1|BC JUGO MANZANA TETRA X 200CC|1.00|unidad| |1100.00|1100.00|1|unidad||||
3|1|1132|7793360246609|1|BC JUGO NARANJA TETRA X 200CC.|1.00|unidad| |1100.00|1100.00|1|unidad||||
3|1|1132|7790580154264|1|BEB MULTIFRUTA BC 24X200ML|1.00|unidad| |1100.00|1100.00|1|unidad||||
3|1|1132|7792730020559|1|BIZNIKKE NEVADO CHOCOLATE TABLETA X 120 GR.|1.00|unidad| |8900.00|8900.00|1|unidad||||
3|1|1132|7790580722708|1|BOMBON TOFI LECHE X 15G|1.00|unidad| |1800.00|1800.00|1|unidad||||
3|1|1132|7790040613607|1|Bon O Bon Alfajor Chocolate Blanco x40 gr|1.00|unidad| |1800.00|1800.00|1|unidad||||
3|1|1132|7790040613706|1|BON O BON ALFAJOR CHOCOLATE NEGRO/LECHE X 40G|1.00|unidad| |1800.00|1800.00|1|unidad||||
3|1|1132|0000000021586|0|BON-O-BON BOMBON AGUILA X 15G|1.00|unidad| |1100.00|1100.00|1|unidad||||
3|1|1132|7790580119058|1|BON-O-BON BOMBON CHOCOLATE BLANCO X 15G|1.00|unidad| |1100.00|1100.00|1|unidad||||
3|1|1132|0000000021587|0|BON-O-BON BOMBON CHOCOLINA X 15G|1.00|unidad| |1100.00|1100.00|1|unidad||||
3|1|1132|7792360072409|1|BONAFIDE BOCADITO DDL X 16G|1.00|unidad| |1600.00|1600.00|1|unidad||||
3|1|1132|0000000021151|0|BROWNIE ARTESANAL|1.00|unidad| |5300.00|5300.00|1|unidad||||
3|1|1132|0000000023273|0|BUDIN BANANA Y DDL|1.00|unidad| |4800.00|4800.00|1|unidad||||
3|1|1132|0000000021701|0|BUDIN DE FRUTOS SECOS|1.00|unidad| |4800.00|4800.00|1|unidad||||
3|1|1132|0000000021700|0|BUDIN DE LIMON Y ARANDANOS|1.00|unidad| |4800.00|4800.00|1|unidad||||
3|1|1132|7790407022011|1|CABSHA BOCADITO X 10G|1.00|unidad| |1000.00|1000.00|1|unidad||||
3|1|1132|7798128000271|1|CACHAFAZ ALFAJOR MOUSSE X 50G|1.00|unidad| |3200.00|3200.00|1|unidad||||
3|1|1132|7622201818739|1|CADBURY CHOCOLATE C/LECHE TRES SUEÑOS X 82G|1.00|unidad| |7800.00|7800.00|1|unidad||||
3|1|1132|7622201818654|1|CADBURY CHOCOLATE RELLENO YOGHURT FRUTILLA X 29G|1.00|unidad| |3300.00|3300.00|1|unidad||||
3|1|1132|7622202271250|1|Caram. Halls 12u Strong Nvo|1.00|unidad| |1300.00|1300.00|1|unidad||||
3|1|1132|7622202247286|1|Caram. Halls Cherry Nvo 28 Grs|1.00|unidad| |1300.00|1300.00|1|unidad||||
3|1|1132|7790895649301|1|CEPITA 20% NARANJA 200ML|1.00|unidad| |2100.00|2100.00|1|unidad||||
3|1|1132|7790895009853|1|CEPITA JUGO MANZANA BOTELLA X 1L|1.00|unidad| |5800.00|5800.00|1|unidad||||
3|1|1132|7790895000720|1|CEPITA JUGO MANZANA TETRA X 200CC.|1.00|unidad| |2100.00|2100.00|1|unidad||||
3|1|1132|7790895647017|1|CEPITA JUGO MANZANA ZINC TETRA X 1 LT.|1.00|unidad| |4200.00|4200.00|1|unidad||||
3|1|1132|7790895000737|1|CEPITA JUGO MULTIFRUTA TETRA X 200CC|1.00|unidad| |2100.00|2100.00|1|unidad||||
3|1|1132|7790895647123|1|CEPITA JUGO MULTIFRUTA ZINC TETRA X 1 LT.|1.00|unidad| |4200.00|4200.00|1|unidad||||
3|1|1132|7790895648267|1|CEPITA NARANJA 20% 1L|1.00|unidad| |4200.00|4200.00|1|unidad||||
3|1|1132|7790895009815|1|CEPITA NARANJA 995CC|1.00|unidad| |5800.00|5800.00|1|unidad||||
3|1|1132|0000000022630|0|CEREAL MIX BARRA DE CEREAL C/FRUTILLA&YOGHURT X26G|1.00|unidad| |1700.00|1700.00|1|unidad||||
3|1|1132|0000000001341|0|CEREAL MIX BARRA DE CEREAL X 23G|1.00|unidad| |1700.00|1700.00|1|unidad||||
3|1|1132|0000000022631|0|CEREAL MIX BARRA DE CEREAL YOGH/FRUTIL.L.X26g|1.00|unidad| |1700.00|1700.00|1|unidad||||
3|1|1132|7790580123345|1|CH. TL7 MENTHOL 20X16X14G|1.00|unidad| |1900.00|1900.00|1|unidad||||
3|1|1132|0000000019822|0|CH. TL7 VIBR. STRAW. 20X16X14G|1.00|unidad| |1900.00|1900.00|1|unidad||||
3|1|1132|7790580104252|1|CH. TL7 VIOL. CHERRY 20X16X14G|1.00|unidad| |1900.00|1900.00|1|unidad||||
3|1|1132|7790580317607|1|CH. TL7 XPLOS. MINT 20X16X14G|1.00|unidad| |1900.00|1900.00|1|unidad||||
3|1|1132|8445290701961|1|Choc Bananita Dolca 30 grs|1.00|unidad| |2200.00|2200.00|1|unidad||||
3|1|1132|8445290701596|1|Choc. Bananita Dolca 14grs|1.00|unidad| |1200.00|1200.00|1|unidad||||
3|1|1132|7622202328947|1|Choc. Milka 55g Leche NVO|1.00|unidad| |6100.00|6100.00|1|unidad||||
3|1|1132|7790070418296|1|Chocoarroz Blanco est. 22g|1.00|unidad| |1800.00|1800.00|1|unidad||||
3|1|1132|7790070418203|1|Chocoarroz DL 22 gr|1.00|unidad| |1800.00|1800.00|1|unidad||||
3|1|1132|7790580103521|1|CHOCOLATE LECHE CON CONFITES COFLER X 55 G|1.00|unidad| |5800.00|5800.00|1|unidad||||
3|1|1132|7798304840851|1|CHOMPAlmedC/SsaDDL6x180g|1.00|unidad| |10200.00|10200.00|1|unidad||||
3|1|1132|7798130953640|1|CHUPETIN COCO POP X 17 G|1.00|unidad| |3500.00|3500.00|1|unidad||||
3|1|1132|7798130954777|1|CHUPETIN EMOTI POP 11GR|1.00|unidad| |3500.00|3500.00|1|unidad||||
3|1|1132|0000000023604|0|CIRCULAR MEMBRILLO X UN|1.00|unidad| |1500.00|1500.00|1|unidad||||
3|1|1132|7798085680516|1|CITRIC JUGO NARANJA MANGO TETRA X 500CC|1.00|unidad| |3700.00|3700.00|1|unidad||||
3|1|1132|7798085681834|1|CITRIC JUGO NARANJA TETRA X 1L|1.00|unidad| |5500.00|5500.00|1|unidad||||
3|1|1132|7798085681445|1|CITRIC JUGO NARANJA TETRA X 250CC|1.00|unidad| |2100.00|2100.00|1|unidad||||
3|1|1132|7798085681452|1|CITRIC JUGO NARANJA TETRA X 500CC|1.00|unidad| |3700.00|3700.00|1|unidad||||
3|1|1132|7798085680295|1|CITRIC JUGO NARANJA/ DURAZNO TETRA X 500CC|1.00|unidad| |3700.00|3700.00|1|unidad||||
3|1|1132|7790895000997|1|COCA-COLA X 2.25L|1.00|unidad| |8500.00|8500.00|1|unidad||||
3|1|1132|7790040659605|1|COFLER BLOCK ALFAJOR CHOCOLATE X 60 G|1.00|unidad| |2800.00|2800.00|1|unidad||||
3|1|1132|0000000018365|0|COFLER BLOCK CHOCOLATE C/LECHE Y MANI TAB.X 110GR|1.00|unidad| |7800.00|7800.00|1|unidad||||
3|1|1132|0000000015301|0|COFLER BLOCK CHOCOLATE C/LECHE Y MANI TAB.X 38GR|1.00|unidad| |3100.00|3100.00|1|unidad||||
3|1|1132|7790580105013|1|COFLER BLOCK CHOCOLATE X 170G|1.00|unidad| |13200.00|13200.00|1|unidad||||
3|1|1132|7790580115579|1|COFLER BLOCK CHOCOLATE X 1KG|1.00|unidad| |62900.00|62900.00|1|unidad||||
3|1|1132|7790580103385|1|COFLER CHOCOLATE AIREADO BCO/LECHE X 27 GR.|1.00|unidad| |3300.00|3300.00|1|unidad||||
3|1|1132|7790580103378|1|COFLER CHOCOLATE AIREADO BLANCO X 27 GR.|1.00|unidad| |3300.00|3300.00|1|unidad||||
3|1|1132|7790580115869|1|COFLER CHOCOLATE AIREADO BON O BON X 67G|1.00|unidad| |6500.00|6500.00|1|unidad||||
3|1|1132|7790580103361|1|COFLER CHOCOLATE AIREADO LECHE X 27 GR.|1.00|unidad| |3300.00|3300.00|1|unidad||||
3|1|1132|7790580043407|1|COFLER CHOCOLATE AIREADO LECHE X 55G|1.00|unidad| |6600.00|6600.00|1|unidad||||
3|1|1132|7790580003531|1|COFLER CHOCOLATE BCO&COOK X 55G|1.00|unidad| |5800.00|5800.00|1|unidad||||
3|1|1132|7790580043506|1|COFLER CHOCOLATE LECHE CON ALMENDRAS X 55G|1.00|unidad| |5800.00|5800.00|1|unidad||||
3|1|1132|0000000024109|0|CRIOLLITO X UN|1.00|unidad| |1500.00|1500.00|1|unidad||||
3|1|1132|0000000023957|0|CROISSANT J Y Q|1.00|unidad| |5800.00|5800.00|1|unidad||||
3|1|1132|7798024760798|1|CROQUE MONSIEUR J Y Q BLANCO X UN|1.00|unidad| |9100.00|9100.00|1|unidad||||
3|1|1132|7798024760804|1|CROQUE MONSIEUR J Y Q NEGRO X UN|1.00|unidad| |9100.00|9100.00|1|unidad||||
3|1|1132|0000000020568|0|CUADRADO DE PASTA FROLA|1.00|unidad| |4800.00|4800.00|1|unidad||||
3|1|1132|0000000023543|0|DELIVERY MEDIALUNAS X 6 UNIDADES|1.00|unidad| |205.00|205.00|1|unidad||||
3|1|1132|7795735000106|1|DON SATUR TALITAS X 140GR|1.00|unidad| |2200.00|2200.00|1|unidad||||
3|1|1132|7790206007509|1|DOS CORAZONES BOCADITO CHOC.C/LECHE RELL. X 26GR|1.00|unidad| |2100.00|2100.00|1|unidad||||
3|1|1132|7792799000035|1|ECO DE LOS ANDES AGUA CON GAS PET X 500CC.|1.00|unidad| |3000.00|3000.00|1|unidad||||
3|1|1132|7798128000486|1|EL CACHAFAZ ALFAJOR BLANCO FLOWPACK X 60 GR|1.00|unidad| |3100.00|3100.00|1|unidad||||
3|1|1132|7798128000462|1|EL CACHAFAZ ALFAJOR CHOCOLATE FLOWPACK X 60 GR|1.00|unidad| |3000.00|3000.00|1|unidad||||
3|1|1132|7798128001940|1|EL CACHAFAZ ALFAJOR DE MAICENA X 76G|1.00|unidad| |3100.00|3100.00|1|unidad||||
3|1|1132|7798128001797|1|EL CACHAFAZ CONITO DULCE DE LECHE X 38G|1.00|unidad| |2600.00|2600.00|1|unidad||||
3|1|1132|7798024760569|1|ENSALADA CESAR  PREMIUM X UN|1.00|unidad| |13000.00|13000.00|1|unidad||||
3|1|1132|7798024760392|1|ENSALADA CHEF PREMIUM X UN|1.00|unidad| |13000.00|13000.00|1|unidad||||
3|1|1132|7798024766417|1|ENSALADA MIX VEG.C/PECHUGUITAS AL SESAMO X UN|1.00|unidad| |13000.00|13000.00|1|unidad||||
3|1|1132|7613035242524|1|EPA DDL MAX 88GR|1.00|unidad| |6500.00|6500.00|1|unidad||||
3|1|1132|7613035242500|1|EPA ROCKER X 88G|1.00|unidad| |6500.00|6500.00|1|unidad||||
3|1|1132|7898024390121|1|FERRERO ROCHER BOMBON CHOC.RELL.PAQ.3 UNID X 37.5G|1.00|unidad| |5400.00|5400.00|1|unidad||||
3|1|1132|7798024760255|1|FIGAZZITAS DE SALAME Y QUESO X 2 UN|1.00|unidad| |8200.00|8200.00|1|unidad||||
3|1|1132|7798147780062|1|Franui sabor Black 150gr|1.00|unidad| |8500.00|8500.00|1|unidad||||
3|1|1132|7798147783223|1|Franui sabor Leche 150gr|1.00|unidad| |8500.00|8500.00|1|unidad||||
3|1|1132|7790070431936|1|Gallo YoguBar 20gr|1.00|unidad| |1700.00|1700.00|1|unidad||||
3|1|1132|0067061111111|1|GATORADE COOL BLUE PET X 500CC|1.00|unidad| |3900.00|3900.00|1|unidad||||
3|1|1132|0071971211111|1|GATORADE FRUTOS TROPICALES PET X 750CC|1.00|unidad| |4700.00|4700.00|1|unidad||||
3|1|1132|0066011111111|1|GATORADE MANZANA PET X 500CC|1.00|unidad| |3900.00|3900.00|1|unidad||||
3|1|1132|0042831111111|1|GATORADE MANZANA PET X 750CC|1.00|unidad| |4600.00|4600.00|1|unidad||||
3|1|1132|0006602111111|1|GATORADE NARANJA PET X 500CC|1.00|unidad| |3900.00|3900.00|1|unidad||||
3|1|1132|7798024766103|1|GRANDWICH PANINI GRIGLIATTI JAM/QUE/TOM/HUE X 210G|1.00|unidad| |6650.00|6650.00|1|unidad||||
3|1|1132|0000000023445|0|HALLS FREE MENTA X 28 G|1.00|unidad| |1450.00|1450.00|1|unidad||||
3|1|1132|7791249450277|1|HALLS MENTA LYPTUS CARAMELOS DUROS PAQ.X 28G|1.00|unidad| |1250.00|1250.00|1|unidad||||
3|1|1132|0000000023603|0|ICEDREAM CIRCULAR PASTELERA X UN|1.00|unidad| |1500.00|1500.00|1|unidad||||
3|1|1132|0028411111111|1|JORGITO ALFAJOR BLANCO X 50G|1.00|unidad| |1600.00|1600.00|1|unidad||||
3|1|1132|0011111112842|1|JORGITO ALFAJOR CHOCOLATE X 55G|1.00|unidad| |1600.00|1600.00|1|unidad||||
3|1|1132|7790957000545|1|JORGITO MINI ALFAJOR CHOCOLATE PAQ.X 6 UNID.|1.00|unidad| |4600.00|4600.00|1|unidad||||
3|1|1132|7790957000538|1|JORGITO MINI ALFAJOR GLACEADO PAQ.X 6 UNID.X 155GR|1.00|unidad| |4600.00|4600.00|1|unidad||||
3|1|1132|0000080052760|1|KINDER BUENO OBLEA CHOCOLATE CON LECHE X 43G|1.00|unidad| |4800.00|4800.00|1|unidad||||
3|1|1132|0000077949677|1|KINDER CHOCOLATE X 50G|1.00|unidad| |5500.00|5500.00|1|unidad||||
3|1|1132|7891000379073|1|KIT KAT DARK OBLEA BAÑADA CHOCOLATE X 41.5G|1.00|unidad| |2800.00|2800.00|1|unidad||||
3|1|1132|7891000379028|1|KIT KAT OBLEA BAÑADA CHOCOLATE BLANCO X 41.5G|1.00|unidad| |2800.00|2800.00|1|unidad||||
3|1|1132|7791337007260|1|Leche chocolatada Cindor 200ml|1.00|unidad| |3800.00|3800.00|1|unidad||||
3|1|1132|7791337007253|1|Leche chocolatada Cindor x 1L|1.00|unidad| |11500.00|11500.00|1|unidad||||
3|1|1132|7798368470391|1|LUCCIANO´S CHANTILLY X 100GR (02)|1.00|unidad| |7400.00|7400.00|1|unidad||||
3|1|1132|7798368470384|1|LUCCIANO´S CHOCOLATE C/CROCANTE X 100GR (01)|1.00|unidad| |7400.00|7400.00|1|unidad||||
3|1|1132|7798368470421|1|LUCCIANO´S CHOCOLATE X 90GR (05)|1.00|unidad| |7400.00|7400.00|1|unidad||||
3|1|1132|7798368470438|1|LUCCIANO´S DDL C/ CROCANTE X 90GR (06)|1.00|unidad| |7400.00|7400.00|1|unidad||||
3|1|1132|0000000024240|0|LUCCIANO´S DDL X 90GR (03)|1.00|unidad| |6000.00|6000.00|1|unidad||||
3|1|1132|7798368470476|1|LUCCIANO´S MINION ICE POP X 100GR (10)|1.00|unidad| |7900.00|7900.00|1|unidad||||
3|1|1132|7798368470469|1|LUCCIANO´S OLI KING X 90GR (09)|1.00|unidad| |7800.00|7800.00|1|unidad||||
3|1|1132|7798368470735|1|LUCCIANO´S PISTACCHIO X 95GR (08)|1.00|unidad| |7800.00|7800.00|1|unidad||||
3|1|1132|7798368470414|1|LUCCIANO´S SORBETE PATAGONIA X 90GR (04)|1.00|unidad| |7400.00|7400.00|1|unidad||||
3|1|1132|7613034797469|1|LUXOR BOMBON HELADO 53G|1.00|unidad| |3000.00|3000.00|1|unidad||||
3|1|1132|7797453001441|1|M&M Chocolate 48 Grs|1.00|unidad| |4800.00|4800.00|1|unidad||||
3|1|1132|7797453001458|1|M&M MANI PAQ. X 49 GR|1.00|unidad| |4800.00|4800.00|1|unidad||||
3|1|1132|7790387015324|1|MAÑANITA YERBA 4FLEX X 500 GR|1.00|unidad| |4400.00|4400.00|1|unidad||||
3|1|1132|7790206006106|1|MARROC BOCADITO X 14 GR.|1.00|unidad| |1200.00|1200.00|1|unidad||||
3|1|1132|7798024760125|1|MAX PREMIUM JyQ-TOM-HUE- PAN NGO X UN|1.00|unidad| |9600.00|9600.00|1|unidad||||
3|1|1132|7798024766172|1|MAX PREMIUM POLLO-RU-PAR-PAN NGO X UN|1.00|unidad| |9600.00|9600.00|1|unidad||||
3|1|1132|7798024760552|1|MAX TRIANGULO LIGHT POLLO-LEC-PAN NGO X UN|1.00|unidad| |9600.00|9600.00|1|unidad||||
3|1|1132|0000000023602|0|MEDIALUNA DE GRASA X UN|1.00|unidad| |1500.00|1500.00|1|unidad||||
3|1|1132|0000000023601|0|MEDIALUNA DE MANTECA X UN|1.00|unidad| |1500.00|1500.00|1|unidad||||
3|1|1132|7891000120057|1|MEGA AMERICANA CON ALMENDRAS X 74g|1.00|unidad| |7400.00|7400.00|1|unidad||||
3|1|1132|0000000020546|0|MENTHO-PLUS ACIDOS CEREZA X 27.2G|1.00|unidad| |1600.00|1600.00|1|unidad||||
3|1|1132|0000000020540|0|MENTHO-PLUS ACIDOS NARANJA X 27.2G|1.00|unidad| |1600.00|1600.00|1|unidad||||
3|1|1132|0000000021660|0|MENTHO-PLUS CARAMELOS INHALANTES DE CEREZA X 29.4G|1.00|unidad| |1000.00|1000.00|1|unidad||||
3|1|1132|0000000021663|0|MENTHO-PLUS CARAMELOS INHALANTES MIEL X 29.4G|1.00|unidad| |1000.00|1000.00|1|unidad||||
3|1|1132|0000000021661|0|MENTHO-PLUS CARAMELOS INHALANTES STRONG X 29.4G|1.00|unidad| |1000.00|1000.00|1|unidad||||
3|1|1132|0000000017476|0|MENTHO-PLUS CARAMELOS SIN AZUCAR CHERRY X 27.3G|1.00|unidad| |1600.00|1600.00|1|unidad||||
3|1|1132|0000000017474|0|MENTHO-PLUS CARAMELOS SIN AZUCAR MENTOL X 27.3G|1.00|unidad| |1600.00|1600.00|1|unidad||||
3|1|1132|0000000021664|0|MENTHOPLUS MENTA X 29.4G|1.00|unidad| |1000.00|1000.00|1|unidad||||
3|1|1132|0000000021662|0|MENTHOPLUS MENTOL X 29.4G|1.00|unidad| |1000.00|1000.00|1|unidad||||
3|1|1132|0000000021044|0|MENTHOPLUS ZERO CARAMELOS DURAZNO X 26.6G|1.00|unidad| |1600.00|1600.00|1|unidad||||
3|1|1132|0000000021047|0|MENTHOPLUS ZERO CARAMELOS STRONG X 26.6G|1.00|unidad| |1600.00|1600.00|1|unidad||||
3|1|1132|7895144699851|1|MENTOS CARAMELOS MASTICABLES SAB.FRUTA X 29.7GR|1.00|unidad| |1200.00|1200.00|1|unidad||||
3|1|1132|7895144699844|1|MENTOS CARAMELOS MASTICABLES SAB.MENTA X 29.7GR|1.00|unidad| |1200.00|1200.00|1|unidad||||
3|1|1132|0000000021770|0|MERMELADAS X UNIDAD|1.00|unidad| |50.00|50.00|1|unidad||||
3|1|1132|0000077903785|1|MILKA ALFAJOR MOUSSE TRIPLE X 55 GR.|1.00|unidad| |2800.00|2800.00|1|unidad||||
3|1|1132|7622300457303|1|MILKA ALFAJOR TRIPLE BLANCO X 55G|1.00|unidad| |2800.00|2800.00|1|unidad||||
3|1|1132|7622300844967|1|MILKA CHOCOLATE BLANCO CON DULCE DE LECHE X 67.5G|1.00|unidad| |7100.00|7100.00|1|unidad||||
3|1|1132|7622300844943|1|MILKA CHOCOLATE C DULCE DE LECHE X 67.5G|1.00|unidad| |7100.00|7100.00|1|unidad||||
3|1|1132|0000000021565|0|MILKA CHOCOLATE C/LECHE ALMENDRAS|1.00|unidad| |3290.00|3290.00|1|unidad||||
3|1|1132|7622300990114|1|MILKA CHOCOLATE CON LECHE X 150G|1.00|unidad| |13800.00|13800.00|1|unidad||||
3|1|1132|7622201818937|1|MILKA LEGER CHOCOLATE LECHE TABLETA X 50G|1.00|unidad| |5800.00|5800.00|1|unidad||||
3|1|1132|7790580116958|1|MOGUL CARAMELO DE GOMA DINOS X 30G|1.00|unidad| |800.00|800.00|1|unidad||||
3|1|1132|7790580129507|1|MOGUL CARAMELOS DE GOMA ACIDOS BOLSA X 60G|1.00|unidad| |1350.00|1350.00|1|unidad||||
3|1|1132|7790580169312|1|MOGUL CARAMELOS DE GOMA CEREBRITOS X 30G|1.00|unidad| |1200.00|1200.00|1|unidad||||
3|1|1132|7790580116460|1|MOGUL CARAMELOS DE GOMA EXTREME ACIDO ROLLO X 35G|1.00|unidad| |1200.00|1200.00|1|unidad||||
3|1|1132|7790580603809|1|MOGUL CARAMELOS DE GOMA FRUTALES ROLLO X 35G|1.00|unidad| |1200.00|1200.00|1|unidad||||
3|1|1132|7790580199913|1|MOGUL CARAMELOS DE GOMA OSITOS X 30 GR|1.00|unidad| |1200.00|1200.00|1|unidad||||
3|1|1132|7790580200114|1|MOGUL CARAMELOS DE GOMA TIBURON X 30G|1.00|unidad| |1200.00|1200.00|1|unidad||||
3|1|1132|7798422620014|1|MONSTER ENERGY GREEN X 473CC|1.00|unidad| |5200.00|5200.00|1|unidad||||
3|1|1132|7798422620045|1|MONSTER MANGO LOCO 473|1.00|unidad| |5200.00|5200.00|1|unidad||||
3|1|1132|7798422620021|1|MONSTER ULTRA x 473 CC|1.00|unidad| |5200.00|5200.00|1|unidad||||
3|1|1132|1111111111142|1|MUFFIN CHIPS CHOC X UN|1.00|unidad| |3900.00|3900.00|1|unidad||||
3|1|1132|1111111111145|1|MUFFIN VAINILLA C/DDL X UN|1.00|unidad| |3900.00|3900.00|1|unidad||||
3|1|1132|7798304841261|1|NESQUIK NUTRIACTIV B HEL.CHOCOLATE CON CALCIN-N|1.00|unidad| |1800.00|1800.00|1|unidad||||
3|1|1132|7622210723468|1|OREO GALLETITAS BAÑADAS CHOCOLATE x17gr|1.00|unidad| |200.00|200.00|1|unidad||||
3|1|1132|7899975800523|1|Oreo Palito AR 20 x 65g|1.00|unidad| |6500.00|6500.00|1|unidad||||
3|1|1132|7899975800509|1|OREO SANDWICH AR 81GR|1.00|unidad| |6500.00|6500.00|1|unidad||||
3|1|1132|7798304841124|1|OREO TACITA X 95G|1.00|unidad| |6500.00|6500.00|1|unidad||||
3|1|1132|0000000024088|0|PAN DE CHOCOLATE X UN|1.00|unidad| |3900.00|3900.00|1|unidad||||
3|1|1132|7798024766110|1|PANINI GRIGLIATTI DE PECETO X 210G|1.00|unidad| |6650.00|6650.00|1|unidad||||
3|1|1132|7791007000764|1|PAÑUELOS DESCARTABLES CAJA X 75 UNID|1.00|unidad| |3600.00|3600.00|1|unidad||||
3|1|1132|7791070003482|1|PAÑUELOS DESCARTABLES X UNID|1.00|unidad| |700.00|700.00|1|unidad||||
3|1|1132|7798024760781|1|PEBETE PECHUGA CRISPY X UN|1.00|unidad| |9200.00|9200.00|1|unidad||||
3|1|1132|7798024760361|1|PECHUGA GRILLE C/VEGETAL DEL HUERTO X UN|1.00|unidad| |11500.00|11500.00|1|unidad||||
3|1|1132|0000077915481|1|PEPITOS ALFAJOR TRIPLE DE CHOCOLATE X 57GR|1.00|unidad| |2800.00|2800.00|1|unidad||||
3|1|1132|7791813828365|1|PEPSI BLACK PET X 500CC|1.00|unidad| |3100.00|3100.00|1|unidad||||
3|1|1132|1111111111200|1|PICO DULCE CHUPETIN X 14 GR.|1.00|unidad| |500.00|500.00|1|unidad||||
3|1|1132|7790895641183|1|POWERADE FRUTAS TROPICALES PET X 500CC|1.00|unidad| |3300.00|3300.00|1|unidad||||
3|1|1132|7790895640018|1|POWERADE MANZANA PET X 500CC|1.00|unidad| |3300.00|3300.00|1|unidad||||
3|1|1132|7790895640025|1|POWERADE MOUNTAIN BLAST PET X 500CC|1.00|unidad| |3300.00|3300.00|1|unidad||||
3|1|1132|7791519200021|1|PRIME PRESERVATIVO ANATOMICO CAJA X 3 UNID.|1.00|unidad| |6000.00|6000.00|1|unidad||||
3|1|1132|7791519200076|1|PRIME PRESERVATIVO ESPERMICIDA CAJA X 3 UNID.|1.00|unidad| |6000.00|6000.00|1|unidad||||
3|1|1132|7791519000676|1|PRIME PRESERVATIVO EXTRA LUBRICADO CAJA X 3 UNID.|1.00|unidad| |6000.00|6000.00|1|unidad||||
3|1|1132|7791519200045|1|PRIME PRESERVATIVO SUPERFINO CAJA X 3 UNID.|1.00|unidad| |6000.00|6000.00|1|unidad||||
3|1|1132|7791519200090|1|PRIME PRESERVATIVO TACHAS CAJA X 3 UNID.|1.00|unidad| |6000.00|6000.00|1|unidad||||
3|1|1132|7791519200069|1|PRIME PRESERVATIVO TEXTURADO CAJA X 3 UNID.|1.00|unidad| |6000.00|6000.00|1|unidad||||
3|1|1132|7790742167101|1|Queso Finlandia Chef Cheddar 150gr PAQUETE INSUMO|1.00|unidad| |0.01|0.01|1|unidad||||
3|1|1132|0045011111111|1|RED BULL ENERGY DRINK LATA X 250 CC|1.00|unidad| |5000.00|5000.00|1|unidad||||
3|1|1132|0000090435225|1|RED BULL ENERGY DRINK LATA X 355 CC|1.00|unidad| |6200.00|6200.00|1|unidad||||
3|1|1132|9002490232054|1|RED BULL ENERGY DRINK SUGAR FREE LATA X 250CC|1.00|unidad| |5000.00|5000.00|1|unidad||||
3|1|1132|7790580327415|1|ROCKLETS CONFITES DE CHOCOLATE PAQ. X 40 GR|1.00|unidad| |2800.00|2800.00|1|unidad||||
3|1|1132|7790580327613|1|ROCKLETS NARANJA MANI C/CHOCOLATE CONFITADO X 40G|1.00|unidad| |2800.00|2800.00|1|unidad||||
3|1|1132|7798024760507|1|ROLL CHICKEN CAESAR X 210GR|1.00|unidad| |9600.00|9600.00|1|unidad||||
3|1|1132|0000000023605|0|SACRAMENTO MEMBRILLO X UN|1.00|unidad| |1500.00|1500.00|1|unidad||||
3|1|1132|7790580716806|1|SALADIX GALLETITAS SAB. CALABRESA CAJA X 100G|1.00|unidad| |2900.00|2900.00|1|unidad||||
3|1|1132|7790580716707|1|SALADIX GALLETITAS SAB. JAMON CAJA X 100G|1.00|unidad| |2900.00|2900.00|1|unidad||||
3|1|1132|7790580697303|1|SALADIX GALLETITAS SAB. PIZZA CAJA X 100G|1.00|unidad| |2900.00|2900.00|1|unidad||||
3|1|1132|7790040374607|1|SALADIX GALLETITAS SAB.DUO CAJA X 80G|1.00|unidad| |2900.00|2900.00|1|unidad||||
3|1|1132|7790040123434|1|SALADIX GALLETITAS SAB.KESITOS X80G|1.00|unidad| |2500.00|2500.00|1|unidad||||
3|1|1132|0000077956699|1|SHOT ALFAJOR TRISHOT TRIPLE X 60G|1.00|unidad| |2800.00|2800.00|1|unidad||||
3|1|1132|7622300424084|1|SHOT CHOCOLATE CON LECHE Y MANI TABLETA X 170 GR|1.00|unidad| |11900.00|11900.00|1|unidad||||
3|1|1132|0000077914217|1|SHOT CHOCOLATE LECHE CON MANI TABLETA X 35G|1.00|unidad| |2900.00|2900.00|1|unidad||||
3|1|1132|7798304841803|1|SIN PARAR CHOCOLATE DULCE DE LECHE X 90G|1.00|unidad| |2900.00|2900.00|1|unidad||||
3|1|1132|7798304841797|1|SIN PARAR DULCE DE LECHE Y AMERICANA X 90G|1.00|unidad| |2900.00|2900.00|1|unidad||||
3|1|1132|7798304841780|1|SIN PARAR FRUTILLA CREMA X 90G|1.00|unidad| |2900.00|2900.00|1|unidad||||
3|1|1132|0022000018465|1|SKITTLES CONFITES ORIGINAL FRUIT PAQ.X 61.5GR|1.00|unidad| |4500.00|4500.00|1|unidad||||
3|1|1132|0022000018489|1|SKITTLES CONFITES WILDBERRY PAQ.X 61.5GR|1.00|unidad| |4500.00|4500.00|1|unidad||||
3|1|1132|7790895646027|1|SMART WATER C/G 591 ML|1.00|unidad| |3300.00|3300.00|1|unidad||||
3|1|1132|7790895645778|1|SMART WATER S/G 591 ML|1.00|unidad| |3300.00|3300.00|1|unidad||||
3|1|1132|7506174512248|1|SNICKERS BARRA RELL.MANI CUB.C/CHOCOLATE X 48 GR|1.00|unidad| |4500.00|4500.00|1|unidad||||
3|1|1132|0522111111111|1|SPEED UNLIMITED LATA X 250CC|1.00|unidad| |3800.00|3800.00|1|unidad||||
3|1|1132|0040000000518|1|STARBURST CARAMELO MASTICABLE SURTIDO PAQ.X 58.7G|1.00|unidad| |4900.00|4900.00|1|unidad||||
3|1|1132|7790580060206|1|SUGUS CARAMELO MASTICABLE SUELTO X 3.3 GR|1.00|unidad| |50.00|50.00|1|unidad||||
3|1|1132|7790580056001|1|SUGUS CONFITADOS CONFITES DE CARAMELO SURT.X 50 G|1.00|unidad| |2000.00|2000.00|1|unidad||||
3|1|1132|7790387000849|1|TARAGUI MATE COCIDO X 25 UNID S ENS|1.00|unidad| |130.00|130.00|1|unidad||||
3|1|1132|0029601111111|1|TARAGUI MATE LISTO X 35 GR.|1.00|unidad| |3900.00|3900.00|1|unidad||||
3|1|1132|0029621111111|1|TARAGUI TERMO MATE-LISTO CAPACIDAD 500 CC.|1.00|unidad| |5800.00|5800.00|1|unidad||||
3|1|1132|7790387013627|1|TARAGUI YERBA 4FLEX X 500 GR.|1.00|unidad| |4400.00|4400.00|1|unidad||||
3|1|1132|0000077939234|1|TERRABUSI ALFAJOR CHOCOLATE X 50 GR|1.00|unidad| |1900.00|1900.00|1|unidad||||
3|1|1132|0000077903792|1|TERRABUSI ALFAJOR TRIPLE CHOCOLATE X 70G.|1.00|unidad| |2800.00|2800.00|1|unidad||||
3|1|1132|0000077903860|1|TERRABUSI ALFAJOR TRIPLE TIPO TORTA CHOCOLAT.X 70G|1.00|unidad| |2800.00|2800.00|1|unidad||||
3|1|1132|7622300335052|1|TERRABUSI SNACKY X 60GR|1.00|unidad| |4400.00|4400.00|1|unidad||||
3|1|1132|7861002910314|1|TIC TAC PASTILLAS SABOR MENTA CAJA X 16 GR.|1.00|unidad| |1500.00|1500.00|1|unidad||||
3|1|1132|7861002910321|1|TIC TAC PASTILLAS SABOR NARANJA CAJA X 16 GR.|1.00|unidad| |1500.00|1500.00|1|unidad||||
3|1|1132|7790580746612|1|TOFI CHOCOLATE C/LECHE RELLENO D.LECHE X 55G|1.00|unidad| |400.00|400.00|1|unidad||||
3|1|1132|7798024760354|1|TOP PBT DE JAMON COCIDO Y QUESO X UN|1.00|unidad| |8200.00|8200.00|1|unidad||||
3|1|1132|0000000019823|0|TOPLINE 7 CHICLE S/AZUCAR ATM STRONG X 14G|1.00|unidad| |1900.00|1900.00|1|unidad||||
3|1|1132|0000000018843|0|TOPLINE 7 CHICLE S/AZUCAR MANDARINA  CAJA X 14G|1.00|unidad| |1900.00|1900.00|1|unidad||||
3|1|1132|7790580120573|1|TOPLINE 7 ULTRA CLEAN X 24G|1.00|unidad| |3300.00|3300.00|1|unidad||||
3|1|1132|7790580120702|1|TOPLINE 7 ULTRA GREEN MINT X 24G|1.00|unidad| |3300.00|3300.00|1|unidad||||
3|1|1132|7790580121013|1|TOPLINE 7 ULTRA RED BERRY X 24G|1.00|unidad| |3300.00|3300.00|1|unidad||||
3|1|1132|7798304841421|1|TORPEDO FRUTILLA|1.00|unidad| |2000.00|2000.00|1|unidad||||
3|1|1132|7798304841414|1|TORPEDO LIMON|1.00|unidad| |2000.00|2000.00|1|unidad||||
3|1|1132|7798024760460|1|TRIPLE MIGA BLANCO J.COCIDO Y QUESO X 3 UN|1.00|unidad| |8700.00|8700.00|1|unidad||||
3|1|1132|7798024760477|1|TRIPLE MIGA NEGRO J.COCIDO Y QUESO X 3 UN|1.00|unidad| |8700.00|8700.00|1|unidad||||
3|1|1132|7622202839962|1|VARIEDAD GALLETITAS DULCES SURTIDAS X 390GR.|1.00|unidad|VARIEDAD|5500.00|5500.00|1|unidad||||
3|1|1132|0016871111111|1|VASO REUTILIZABLE|1.00|unidad| |4000.00|4000.00|1|unidad||||
3|1|1132|0000000004361|0|VAUQUITA TABLETA DE DULCE DE LECHE X 25 GR.|1.00|unidad| |180.00|180.00|1|unidad||||
3|1|1132|7790315100184|1|VDS LEVITE CERO AGUA S/G MANZANA PET X 500cc|1.00|unidad| |3100.00|3100.00|1|unidad||||
3|1|1132|0021352111111|1|VDS LEVITE CERO AGUA S/G NARANJA PET X 500cc|1.00|unidad| |3100.00|3100.00|1|unidad||||
3|1|1132|0021347111111|1|VILLA DEL SUR LEVITE S/G MANZANA PET X 500cc|1.00|unidad| |3100.00|3100.00|1|unidad||||
3|1|1132|7798062548655|1|VILLA DEL SUR LEVITE S/G NARANJA PET X 500cc|1.00|unidad| |3100.00|3100.00|1|unidad||||
3|1|1132|0021349111111|1|VILLA DEL SUR LEVITE S/G PERA PET X 500cc|1.00|unidad| |3100.00|3100.00|1|unidad||||
3|1|1132|7799155000982|1|VILLA DEL SUR LEVITE S/G POMELO PET X 500cc|1.00|unidad| |3100.00|3100.00|1|unidad||||
3|1|1132|7799155000210|1|VILLAVICENCIO AGUA FINAMENTE GASIFICADA PET X 1.5L|1.00|unidad| |4800.00|4800.00|1|unidad||||
3|1|1132|7799155000203|1|VILLAVICENCIO AGUA FINAMENTE GASIFICADA PET X 500C|1.00|unidad| |3300.00|3300.00|1|unidad||||
3|1|1132|0022000293220|1|Wrigleys Doubl 12.5g|1.00|unidad| |2500.00|2500.00|1|unidad||||
3|1|1132|0022000293305|1|Wrigleys Spear 12.5g|1.00|unidad| |2500.00|2500.00|1|unidad||||
3|1|1132|7791337010826|1|Yogurisimo Botellita Frutilla x 190g|1.00|unidad| |5500.00|5500.00|1|unidad||||
3|1|1132|7798187760246|1|ZAFRAN BARRA DE CEREAL ALM/COCO X 28G|1.00|unidad| |1800.00|1800.00|1|unidad||||
3|1|1132|7798187760277|1|ZAFRAN BARRA DE CEREAL CAJU/ZAPALLO 28G|1.00|unidad| |1800.00|1800.00|1|unidad||||
3|1|1132|7798187760253|1|ZAFRAN BARRA DE CEREAL MANI/CACAO 28G|1.00|unidad| |1800.00|1800.00|1|unidad||||
3|1|1132|7798187760260|1|ZAFRAN BARRA DE CEREAL MZNA/CHIA 28G|1.00|unidad| |1800.00|1800.00|1|unidad||||
3|1|1230|7791813434412|1|7UP FREE PET X 1.5L|1.00|unidad| |5200.00|5200.00|1|unidad||||
3|1|1230|0000000023897|0|AFEITADORA BIC COMFORT  3|1.00|unidad| |820.00|820.00|1|unidad||||
3|1|1230|7790580109882|1|AGUILA EXTRAFINO 60% CACAO X 150 GR|1.00|unidad| |16100.00|16100.00|1|unidad||||
3|1|1230|7790040133594|1|AGUILA MINITORTA BROWNIE X 72G|1.00|unidad| |3100.00|3100.00|1|unidad||||
3|1|1230|7790040298705|1|AGUILA MINITORTA DDLECHE/MOUSSE SAB.VAINILLA X 72G|1.00|unidad| |3100.00|3100.00|1|unidad||||
3|1|1230|0000000023956|0|ALFAJOR CHOCOLATE|1.00|unidad| |2350.00|2350.00|1|unidad||||
3|1|1230|0000000023280|0|ALFAJORES DE MAICENA|1.00|unidad| |2350.00|2350.00|1|unidad||||
3|1|1230|7790580607418|1|ARCOR CHOCOLATE BLANCO TABLETA X 25 GR|1.00|unidad| |2500.00|2500.00|1|unidad||||
3|1|1230|7790580607210|1|ARCOR CHOCOLATE CON LECHE TABLETA X 25GR|1.00|unidad| |2500.00|2500.00|1|unidad||||
3|1|1230|0000000001339|0|ARCOR OBLEA RELLENA C/PASTA DE TURRON Y MANI X 25G|1.00|unidad| |700.00|700.00|1|unidad||||
3|1|1230|7793360294600|1|BC JUGO MANZANA TETRA X 200CC|1.00|unidad| |1300.00|1300.00|1|unidad||||
3|1|1230|7793360246609|1|BC JUGO NARANJA TETRA X 200CC.|1.00|unidad| |1300.00|1300.00|1|unidad||||
3|1|1230|7790580154264|1|BEB MULTIFRUTA BC 24X200ML|1.00|unidad| |1300.00|1300.00|1|unidad||||
3|1|1230|7792730020559|1|BIZNIKKE NEVADO CHOCOLATE TABLETA X 120 GR.|1.00|unidad| |9200.00|9200.00|1|unidad||||
3|1|1230|7790580722708|1|BOMBON TOFI LECHE X 15G|1.00|unidad| |2100.00|2100.00|1|unidad||||
3|1|1230|7790040613607|1|Bon O Bon Alfajor Chocolate Blanco x40 gr|1.00|unidad| |2100.00|2100.00|1|unidad||||
3|1|1230|7790040613706|1|BON O BON ALFAJOR CHOCOLATE NEGRO/LECHE X 40G|1.00|unidad| |2100.00|2100.00|1|unidad||||
3|1|1230|0000000021586|0|BON-O-BON BOMBON AGUILA X 15G|1.00|unidad| |1100.00|1100.00|1|unidad||||
3|1|1230|7790580119058|1|BON-O-BON BOMBON CHOCOLATE BLANCO X 15G|1.00|unidad| |1100.00|1100.00|1|unidad||||
3|1|1230|0000000021587|0|BON-O-BON BOMBON CHOCOLINA X 15G|1.00|unidad| |1100.00|1100.00|1|unidad||||
3|1|1230|7792360072409|1|BONAFIDE BOCADITO DDL X 16G|1.00|unidad| |1800.00|1800.00|1|unidad||||
3|1|1230|0000000021151|0|BROWNIE ARTESANAL|1.00|unidad| |5850.00|5850.00|1|unidad||||
3|1|1230|0000000023273|0|BUDIN BANANA Y DDL|1.00|unidad| |5300.00|5300.00|1|unidad||||
3|1|1230|0000000021701|0|BUDIN DE FRUTOS SECOS|1.00|unidad| |5300.00|5300.00|1|unidad||||
3|1|1230|0000000021700|0|BUDIN DE LIMON Y ARANDANOS|1.00|unidad| |5300.00|5300.00|1|unidad||||
3|1|1230|7790407022011|1|CABSHA BOCADITO X 10G|1.00|unidad| |1000.00|1000.00|1|unidad||||
3|1|1230|7798128000271|1|CACHAFAZ ALFAJOR MOUSSE X 50G|1.00|unidad| |3400.00|3400.00|1|unidad||||
3|1|1230|7622201818739|1|CADBURY CHOCOLATE C/LECHE TRES SUEÑOS X 82G|1.00|unidad| |8200.00|8200.00|1|unidad||||
3|1|1230|7622201818654|1|CADBURY CHOCOLATE RELLENO YOGHURT FRUTILLA X 29G|1.00|unidad| |3500.00|3500.00|1|unidad||||
3|1|1230|7622202271250|1|Caram. Halls 12u Strong Nvo|1.00|unidad| |1350.00|1350.00|1|unidad||||
3|1|1230|7622202247286|1|Caram. Halls Cherry Nvo 28 Grs|1.00|unidad| |1350.00|1350.00|1|unidad||||
3|1|1230|7790895649301|1|CEPITA 20% NARANJA 200ML|1.00|unidad| |2200.00|2200.00|1|unidad||||
3|1|1230|7790895009853|1|CEPITA JUGO MANZANA BOTELLA X 1L|1.00|unidad| |6100.00|6100.00|1|unidad||||
3|1|1230|7790895000720|1|CEPITA JUGO MANZANA TETRA X 200CC.|1.00|unidad| |2200.00|2200.00|1|unidad||||
3|1|1230|7790895647017|1|CEPITA JUGO MANZANA ZINC TETRA X 1 LT.|1.00|unidad| |4450.00|4450.00|1|unidad||||
3|1|1230|7790895000737|1|CEPITA JUGO MULTIFRUTA TETRA X 200CC|1.00|unidad| |2200.00|2200.00|1|unidad||||
3|1|1230|7790895647123|1|CEPITA JUGO MULTIFRUTA ZINC TETRA X 1 LT.|1.00|unidad| |4450.00|4450.00|1|unidad||||
3|1|1230|7790895648267|1|CEPITA NARANJA 20% 1L|1.00|unidad| |4450.00|4450.00|1|unidad||||
3|1|1230|7790895009815|1|CEPITA NARANJA 995CC|1.00|unidad| |6100.00|6100.00|1|unidad||||
3|1|1230|0000000022630|0|CEREAL MIX BARRA DE CEREAL C/FRUTILLA&YOGHURT X26G|1.00|unidad| |2000.00|2000.00|1|unidad||||
3|1|1230|0000000001341|0|CEREAL MIX BARRA DE CEREAL X 23G|1.00|unidad| |2000.00|2000.00|1|unidad||||
3|1|1230|0000000022631|0|CEREAL MIX BARRA DE CEREAL YOGH/FRUTIL.L.X26g|1.00|unidad| |2000.00|2000.00|1|unidad||||
3|1|1230|7790580123345|1|CH. TL7 MENTHOL 20X16X14G|1.00|unidad| |2300.00|2300.00|1|unidad||||
3|1|1230|0000000019822|0|CH. TL7 VIBR. STRAW. 20X16X14G|1.00|unidad| |2300.00|2300.00|1|unidad||||
3|1|1230|7790580104252|1|CH. TL7 VIOL. CHERRY 20X16X14G|1.00|unidad| |2300.00|2300.00|1|unidad||||
3|1|1230|7790580317607|1|CH. TL7 XPLOS. MINT 20X16X14G|1.00|unidad| |2300.00|2300.00|1|unidad||||
3|1|1230|8445290701961|1|Choc Bananita Dolca 30 grs|1.00|unidad| |2400.00|2400.00|1|unidad||||
3|1|1230|8445290701596|1|Choc. Bananita Dolca 14grs|1.00|unidad| |1400.00|1400.00|1|unidad||||
3|1|1230|7622202328947|1|Choc. Milka 55g Leche NVO|1.00|unidad| |6400.00|6400.00|1|unidad||||
3|1|1230|7790070418296|1|Chocoarroz Blanco est. 22g|1.00|unidad| |2000.00|2000.00|1|unidad||||
3|1|1230|7790070418203|1|Chocoarroz DL 22 gr|1.00|unidad| |2000.00|2000.00|1|unidad||||
3|1|1230|7790580103521|1|CHOCOLATE LECHE CON CONFITES COFLER X 55 G|1.00|unidad| |6200.00|6200.00|1|unidad||||
3|1|1230|7798304840851|1|CHOMPAlmedC/SsaDDL6x180g|1.00|unidad| |10700.00|10700.00|1|unidad||||
3|1|1230|7798130953640|1|CHUPETIN COCO POP X 17 G|1.00|unidad| |3600.00|3600.00|1|unidad||||
3|1|1230|7798130954777|1|CHUPETIN EMOTI POP 11GR|1.00|unidad| |3600.00|3600.00|1|unidad||||
3|1|1230|0000000023604|0|CIRCULAR MEMBRILLO X UN|1.00|unidad| |1700.00|1700.00|1|unidad||||
3|1|1230|7798085680516|1|CITRIC JUGO NARANJA MANGO TETRA X 500CC|1.00|unidad| |3850.00|3850.00|1|unidad||||
3|1|1230|7798085681834|1|CITRIC JUGO NARANJA TETRA X 1L|1.00|unidad| |5750.00|5750.00|1|unidad||||
3|1|1230|7798085681445|1|CITRIC JUGO NARANJA TETRA X 250CC|1.00|unidad| |2200.00|2200.00|1|unidad||||
3|1|1230|7798085681452|1|CITRIC JUGO NARANJA TETRA X 500CC|1.00|unidad| |3850.00|3850.00|1|unidad||||
3|1|1230|7798085680295|1|CITRIC JUGO NARANJA/ DURAZNO TETRA X 500CC|1.00|unidad| |3850.00|3850.00|1|unidad||||
3|1|1230|7790895000997|1|COCA-COLA X 2.25L|1.00|unidad| |8950.00|8950.00|1|unidad||||
3|1|1230|7790040659605|1|COFLER BLOCK ALFAJOR CHOCOLATE X 60 G|1.00|unidad| |3100.00|3100.00|1|unidad||||
3|1|1230|0000000018365|0|COFLER BLOCK CHOCOLATE C/LECHE Y MANI TAB.X 110GR|1.00|unidad| |8300.00|8300.00|1|unidad||||
3|1|1230|0000000015301|0|COFLER BLOCK CHOCOLATE C/LECHE Y MANI TAB.X 38GR|1.00|unidad| |3400.00|3400.00|1|unidad||||
3|1|1230|7790580105013|1|COFLER BLOCK CHOCOLATE X 170G|1.00|unidad| |14000.00|14000.00|1|unidad||||
3|1|1230|7790580115579|1|COFLER BLOCK CHOCOLATE X 1KG|1.00|unidad| |66200.00|66200.00|1|unidad||||
3|1|1230|7790580103385|1|COFLER CHOCOLATE AIREADO BCO/LECHE X 27 GR.|1.00|unidad| |3600.00|3600.00|1|unidad||||
3|1|1230|7790580103378|1|COFLER CHOCOLATE AIREADO BLANCO X 27 GR.|1.00|unidad| |3600.00|3600.00|1|unidad||||
3|1|1230|7790580115869|1|COFLER CHOCOLATE AIREADO BON O BON X 67G|1.00|unidad| |7000.00|7000.00|1|unidad||||
3|1|1230|7790580103361|1|COFLER CHOCOLATE AIREADO LECHE X 27 GR.|1.00|unidad| |3600.00|3600.00|1|unidad||||
3|1|1230|7790580043407|1|COFLER CHOCOLATE AIREADO LECHE X 55G|1.00|unidad| |7100.00|7100.00|1|unidad||||
3|1|1230|7790580003531|1|COFLER CHOCOLATE BCO&COOK X 55G|1.00|unidad| |6200.00|6200.00|1|unidad||||
3|1|1230|7790580043506|1|COFLER CHOCOLATE LECHE CON ALMENDRAS X 55G|1.00|unidad| |6200.00|6200.00|1|unidad||||
3|1|1230|0000000024109|0|CRIOLLITO X UN|1.00|unidad| |1700.00|1700.00|1|unidad||||
3|1|1230|0000000023957|0|CROISSANT J Y Q|1.00|unidad| |6400.00|6400.00|1|unidad||||
3|1|1230|7798024760798|1|CROQUE MONSIEUR J Y Q BLANCO X UN|1.00|unidad| |10100.00|10100.00|1|unidad||||
3|1|1230|7798024760804|1|CROQUE MONSIEUR J Y Q NEGRO X UN|1.00|unidad| |10100.00|10100.00|1|unidad||||
3|1|1230|0000000020568|0|CUADRADO DE PASTA FROLA|1.00|unidad| |5300.00|5300.00|1|unidad||||
3|1|1230|0000000023543|0|DELIVERY MEDIALUNAS X 6 UNIDADES|1.00|unidad| |205.00|205.00|1|unidad||||
3|1|1230|7795735000106|1|DON SATUR TALITAS X 140GR|1.00|unidad| |2800.00|2800.00|1|unidad||||
3|1|1230|7790206007509|1|DOS CORAZONES BOCADITO CHOC.C/LECHE RELL. X 26GR|1.00|unidad| |2200.00|2200.00|1|unidad||||
3|1|1230|7792799000035|1|ECO DE LOS ANDES AGUA CON GAS PET X 500CC.|1.00|unidad| |3300.00|3300.00|1|unidad||||
3|1|1230|7798128000486|1|EL CACHAFAZ ALFAJOR BLANCO FLOWPACK X 60 GR|1.00|unidad| |3300.00|3300.00|1|unidad||||
3|1|1230|7798128000462|1|EL CACHAFAZ ALFAJOR CHOCOLATE FLOWPACK X 60 GR|1.00|unidad| |3200.00|3200.00|1|unidad||||
3|1|1230|7798128001940|1|EL CACHAFAZ ALFAJOR DE MAICENA X 76G|1.00|unidad| |3300.00|3300.00|1|unidad||||
3|1|1230|7798128001797|1|EL CACHAFAZ CONITO DULCE DE LECHE X 38G|1.00|unidad| |2700.00|2700.00|1|unidad||||
3|1|1230|7798024760569|1|ENSALADA CESAR  PREMIUM X UN|1.00|unidad| |14300.00|14300.00|1|unidad||||
3|1|1230|7798024760392|1|ENSALADA CHEF PREMIUM X UN|1.00|unidad| |14300.00|14300.00|1|unidad||||
3|1|1230|7798024766417|1|ENSALADA MIX VEG.C/PECHUGUITAS AL SESAMO X UN|1.00|unidad| |14300.00|14300.00|1|unidad||||
3|1|1230|7613035242524|1|EPA DDL MAX 88GR|1.00|unidad| |6800.00|6800.00|1|unidad||||
3|1|1230|7613035242500|1|EPA ROCKER X 88G|1.00|unidad| |6800.00|6800.00|1|unidad||||
3|1|1230|7898024390121|1|FERRERO ROCHER BOMBON CHOC.RELL.PAQ.3 UNID X 37.5G|1.00|unidad| |5600.00|5600.00|1|unidad||||
3|1|1230|7798024760255|1|FIGAZZITAS DE SALAME Y QUESO X 2 UN|1.00|unidad| |9100.00|9100.00|1|unidad||||
3|1|1230|7798147780062|1|Franui sabor Black 150gr|1.00|unidad| |8500.00|8500.00|1|unidad||||
3|1|1230|7798147783223|1|Franui sabor Leche 150gr|1.00|unidad| |8500.00|8500.00|1|unidad||||
3|1|1230|7790070431936|1|Gallo YoguBar 20gr|1.00|unidad| |1800.00|1800.00|1|unidad||||
3|1|1230|0067061111111|1|GATORADE COOL BLUE PET X 500CC|1.00|unidad| |4300.00|4300.00|1|unidad||||
3|1|1230|0071971211111|1|GATORADE FRUTOS TROPICALES PET X 750CC|1.00|unidad| |5200.00|5200.00|1|unidad||||
3|1|1230|0066011111111|1|GATORADE MANZANA PET X 500CC|1.00|unidad| |4300.00|4300.00|1|unidad||||
3|1|1230|0042831111111|1|GATORADE MANZANA PET X 750CC|1.00|unidad| |5100.00|5100.00|1|unidad||||
3|1|1230|0006602111111|1|GATORADE NARANJA PET X 500CC|1.00|unidad| |4300.00|4300.00|1|unidad||||
3|1|1230|7798024766103|1|GRANDWICH PANINI GRIGLIATTI JAM/QUE/TOM/HUE X 210G|1.00|unidad| |7350.00|7350.00|1|unidad||||
3|1|1230|0000000023445|0|HALLS FREE MENTA X 28 G|1.00|unidad| |1500.00|1500.00|1|unidad||||
3|1|1230|7791249450277|1|HALLS MENTA LYPTUS CARAMELOS DUROS PAQ.X 28G|1.00|unidad| |1300.00|1300.00|1|unidad||||
3|1|1230|0000000023603|0|ICEDREAM CIRCULAR PASTELERA X UN|1.00|unidad| |1700.00|1700.00|1|unidad||||
3|1|1230|0028411111111|1|JORGITO ALFAJOR BLANCO X 50G|1.00|unidad| |1800.00|1800.00|1|unidad||||
3|1|1230|0011111112842|1|JORGITO ALFAJOR CHOCOLATE X 55G|1.00|unidad| |1800.00|1800.00|1|unidad||||
3|1|1230|7790957000545|1|JORGITO MINI ALFAJOR CHOCOLATE PAQ.X 6 UNID.|1.00|unidad| |4900.00|4900.00|1|unidad||||
3|1|1230|7790957000538|1|JORGITO MINI ALFAJOR GLACEADO PAQ.X 6 UNID.X 155GR|1.00|unidad| |4900.00|4900.00|1|unidad||||
3|1|1230|0000080052760|1|KINDER BUENO OBLEA CHOCOLATE CON LECHE X 43G|1.00|unidad| |4900.00|4900.00|1|unidad||||
3|1|1230|0000077949677|1|KINDER CHOCOLATE X 50G|1.00|unidad| |5700.00|5700.00|1|unidad||||
3|1|1230|7891000379073|1|KIT KAT DARK OBLEA BAÑADA CHOCOLATE X 41.5G|1.00|unidad| |3000.00|3000.00|1|unidad||||
3|1|1230|7891000379028|1|KIT KAT OBLEA BAÑADA CHOCOLATE BLANCO X 41.5G|1.00|unidad| |3000.00|3000.00|1|unidad||||
3|1|1230|7791337007260|1|Leche chocolatada Cindor 200ml|1.00|unidad| |3800.00|3800.00|1|unidad||||
3|1|1230|7791337007253|1|Leche chocolatada Cindor x 1L|1.00|unidad| |11500.00|11500.00|1|unidad||||
3|1|1230|7798368470391|1|LUCCIANO´S CHANTILLY X 100GR (02)|1.00|unidad| |7400.00|7400.00|1|unidad||||
3|1|1230|7798368470384|1|LUCCIANO´S CHOCOLATE C/CROCANTE X 100GR (01)|1.00|unidad| |7400.00|7400.00|1|unidad||||
3|1|1230|7798368470421|1|LUCCIANO´S CHOCOLATE X 90GR (05)|1.00|unidad| |7400.00|7400.00|1|unidad||||
3|1|1230|7798368470438|1|LUCCIANO´S DDL C/ CROCANTE X 90GR (06)|1.00|unidad| |7400.00|7400.00|1|unidad||||
3|1|1230|0000000024240|0|LUCCIANO´S DDL X 90GR (03)|1.00|unidad| |6000.00|6000.00|1|unidad||||
3|1|1230|7798368470476|1|LUCCIANO´S MINION ICE POP X 100GR (10)|1.00|unidad| |7900.00|7900.00|1|unidad||||
3|1|1230|7798368470469|1|LUCCIANO´S OLI KING X 90GR (09)|1.00|unidad| |7800.00|7800.00|1|unidad||||
3|1|1230|7798368470735|1|LUCCIANO´S PISTACCHIO X 95GR (08)|1.00|unidad| |7800.00|7800.00|1|unidad||||
3|1|1230|7798368470414|1|LUCCIANO´S SORBETE PATAGONIA X 90GR (04)|1.00|unidad| |7400.00|7400.00|1|unidad||||
3|1|1230|7613034797469|1|LUXOR BOMBON HELADO 53G|1.00|unidad| |3100.00|3100.00|1|unidad||||
3|1|1230|7797453001441|1|M&M Chocolate 48 Grs|1.00|unidad| |5000.00|5000.00|1|unidad||||
3|1|1230|7797453001458|1|M&M MANI PAQ. X 49 GR|1.00|unidad| |5000.00|5000.00|1|unidad||||
3|1|1230|7790387015324|1|MAÑANITA YERBA 4FLEX X 500 GR|1.00|unidad| |4600.00|4600.00|1|unidad||||
3|1|1230|7790206006106|1|MARROC BOCADITO X 14 GR.|1.00|unidad| |1250.00|1250.00|1|unidad||||
3|1|1230|7798024760125|1|MAX PREMIUM JyQ-TOM-HUE- PAN NGO X UN|1.00|unidad| |10600.00|10600.00|1|unidad||||
3|1|1230|7798024766172|1|MAX PREMIUM POLLO-RU-PAR-PAN NGO X UN|1.00|unidad| |10600.00|10600.00|1|unidad||||
3|1|1230|7798024760552|1|MAX TRIANGULO LIGHT POLLO-LEC-PAN NGO X UN|1.00|unidad| |10600.00|10600.00|1|unidad||||
3|1|1230|0000000023602|0|MEDIALUNA DE GRASA X UN|1.00|unidad| |1700.00|1700.00|1|unidad||||
3|1|1230|0000000023601|0|MEDIALUNA DE MANTECA X UN|1.00|unidad| |1700.00|1700.00|1|unidad||||
3|1|1230|7891000120057|1|MEGA AMERICANA CON ALMENDRAS X 74g|1.00|unidad| |7600.00|7600.00|1|unidad||||
3|1|1230|0000000020546|0|MENTHO-PLUS ACIDOS CEREZA X 27.2G|1.00|unidad| |1900.00|1900.00|1|unidad||||
3|1|1230|0000000020540|0|MENTHO-PLUS ACIDOS NARANJA X 27.2G|1.00|unidad| |1900.00|1900.00|1|unidad||||
3|1|1230|0000000021660|0|MENTHO-PLUS CARAMELOS INHALANTES DE CEREZA X 29.4G|1.00|unidad| |1000.00|1000.00|1|unidad||||
3|1|1230|0000000021663|0|MENTHO-PLUS CARAMELOS INHALANTES MIEL X 29.4G|1.00|unidad| |1000.00|1000.00|1|unidad||||
3|1|1230|0000000021661|0|MENTHO-PLUS CARAMELOS INHALANTES STRONG X 29.4G|1.00|unidad| |1000.00|1000.00|1|unidad||||
3|1|1230|0000000017476|0|MENTHO-PLUS CARAMELOS SIN AZUCAR CHERRY X 27.3G|1.00|unidad| |1900.00|1900.00|1|unidad||||
3|1|1230|0000000017474|0|MENTHO-PLUS CARAMELOS SIN AZUCAR MENTOL X 27.3G|1.00|unidad| |1900.00|1900.00|1|unidad||||
3|1|1230|0000000021664|0|MENTHOPLUS MENTA X 29.4G|1.00|unidad| |1000.00|1000.00|1|unidad||||
3|1|1230|0000000021662|0|MENTHOPLUS MENTOL X 29.4G|1.00|unidad| |1000.00|1000.00|1|unidad||||
3|1|1230|0000000021044|0|MENTHOPLUS ZERO CARAMELOS DURAZNO X 26.6G|1.00|unidad| |1900.00|1900.00|1|unidad||||
3|1|1230|0000000021047|0|MENTHOPLUS ZERO CARAMELOS STRONG X 26.6G|1.00|unidad| |1900.00|1900.00|1|unidad||||
3|1|1230|7895144699851|1|MENTOS CARAMELOS MASTICABLES SAB.FRUTA X 29.7GR|1.00|unidad| |1300.00|1300.00|1|unidad||||
3|1|1230|7895144699844|1|MENTOS CARAMELOS MASTICABLES SAB.MENTA X 29.7GR|1.00|unidad| |1300.00|1300.00|1|unidad||||
3|1|1230|0000000021770|0|MERMELADAS X UNIDAD|1.00|unidad| |60.00|60.00|1|unidad||||
3|1|1230|0000077903785|1|MILKA ALFAJOR MOUSSE TRIPLE X 55 GR.|1.00|unidad| |3000.00|3000.00|1|unidad||||
3|1|1230|7622300457303|1|MILKA ALFAJOR TRIPLE BLANCO X 55G|1.00|unidad| |3000.00|3000.00|1|unidad||||
3|1|1230|7622300844967|1|MILKA CHOCOLATE BLANCO CON DULCE DE LECHE X 67.5G|1.00|unidad| |7200.00|7200.00|1|unidad||||
3|1|1230|7622300844943|1|MILKA CHOCOLATE C DULCE DE LECHE X 67.5G|1.00|unidad| |7400.00|7400.00|1|unidad||||
3|1|1230|0000000021565|0|MILKA CHOCOLATE C/LECHE ALMENDRAS|1.00|unidad| |3510.00|3510.00|1|unidad||||
3|1|1230|7622300990114|1|MILKA CHOCOLATE CON LECHE X 150G|1.00|unidad| |14100.00|14100.00|1|unidad||||
3|1|1230|7622201818937|1|MILKA LEGER CHOCOLATE LECHE TABLETA X 50G|1.00|unidad| |6100.00|6100.00|1|unidad||||
3|1|1230|7790580116958|1|MOGUL CARAMELO DE GOMA DINOS X 30G|1.00|unidad| |850.00|850.00|1|unidad||||
3|1|1230|7790580129507|1|MOGUL CARAMELOS DE GOMA ACIDOS BOLSA X 60G|1.00|unidad| |1400.00|1400.00|1|unidad||||
3|1|1230|7790580169312|1|MOGUL CARAMELOS DE GOMA CEREBRITOS X 30G|1.00|unidad| |1200.00|1200.00|1|unidad||||
3|1|1230|7790580116460|1|MOGUL CARAMELOS DE GOMA EXTREME ACIDO ROLLO X 35G|1.00|unidad| |1200.00|1200.00|1|unidad||||
3|1|1230|7790580603809|1|MOGUL CARAMELOS DE GOMA FRUTALES ROLLO X 35G|1.00|unidad| |1200.00|1200.00|1|unidad||||
3|1|1230|7790580199913|1|MOGUL CARAMELOS DE GOMA OSITOS X 30 GR|1.00|unidad| |1200.00|1200.00|1|unidad||||
3|1|1230|7790580200114|1|MOGUL CARAMELOS DE GOMA TIBURON X 30G|1.00|unidad| |1200.00|1200.00|1|unidad||||
3|1|1230|7798422620014|1|MONSTER ENERGY GREEN X 473CC|1.00|unidad| |5500.00|5500.00|1|unidad||||
3|1|1230|7798422620045|1|MONSTER MANGO LOCO 473|1.00|unidad| |5500.00|5500.00|1|unidad||||
3|1|1230|7798422620021|1|MONSTER ULTRA x 473 CC|1.00|unidad| |5500.00|5500.00|1|unidad||||
3|1|1230|1111111111142|1|MUFFIN CHIPS CHOC X UN|1.00|unidad| |4300.00|4300.00|1|unidad||||
3|1|1230|1111111111145|1|MUFFIN VAINILLA C/DDL X UN|1.00|unidad| |4300.00|4300.00|1|unidad||||
3|1|1230|7798304841261|1|NESQUIK NUTRIACTIV B HEL.CHOCOLATE CON CALCIN-N|1.00|unidad| |1900.00|1900.00|1|unidad||||
3|1|1230|7622210723468|1|OREO GALLETITAS BAÑADAS CHOCOLATE x17gr|1.00|unidad| |210.00|210.00|1|unidad||||
3|1|1230|7899975800523|1|Oreo Palito AR 20 x 65g|1.00|unidad| |6800.00|6800.00|1|unidad||||
3|1|1230|7899975800509|1|OREO SANDWICH AR 81GR|1.00|unidad| |6800.00|6800.00|1|unidad||||
3|1|1230|7798304841124|1|OREO TACITA X 95G|1.00|unidad| |6800.00|6800.00|1|unidad||||
3|1|1230|0000000024088|0|PAN DE CHOCOLATE X UN|1.00|unidad| |4300.00|4300.00|1|unidad||||
3|1|1230|7798024766110|1|PANINI GRIGLIATTI DE PECETO X 210G|1.00|unidad| |7350.00|7350.00|1|unidad||||
3|1|1230|7791007000764|1|PAÑUELOS DESCARTABLES CAJA X 75 UNID|1.00|unidad| |3600.00|3600.00|1|unidad||||
3|1|1230|7791070003482|1|PAÑUELOS DESCARTABLES X UNID|1.00|unidad| |700.00|700.00|1|unidad||||
3|1|1230|7798024760781|1|PEBETE PECHUGA CRISPY X UN|1.00|unidad| |10200.00|10200.00|1|unidad||||
3|1|1230|7798024760361|1|PECHUGA GRILLE C/VEGETAL DEL HUERTO X UN|1.00|unidad| |12700.00|12700.00|1|unidad||||
3|1|1230|0000077915481|1|PEPITOS ALFAJOR TRIPLE DE CHOCOLATE X 57GR|1.00|unidad| |3000.00|3000.00|1|unidad||||
3|1|1230|7791813828365|1|PEPSI BLACK PET X 500CC|1.00|unidad| |3450.00|3450.00|1|unidad||||
3|1|1230|1111111111200|1|PICO DULCE CHUPETIN X 14 GR.|1.00|unidad| |500.00|500.00|1|unidad||||
3|1|1230|7790895641183|1|POWERADE FRUTAS TROPICALES PET X 500CC|1.00|unidad| |3500.00|3500.00|1|unidad||||
3|1|1230|7790895640018|1|POWERADE MANZANA PET X 500CC|1.00|unidad| |3500.00|3500.00|1|unidad||||
3|1|1230|7790895640025|1|POWERADE MOUNTAIN BLAST PET X 500CC|1.00|unidad| |3500.00|3500.00|1|unidad||||
3|1|1230|7791519200021|1|PRIME PRESERVATIVO ANATOMICO CAJA X 3 UNID.|1.00|unidad| |6300.00|6300.00|1|unidad||||
3|1|1230|7791519200076|1|PRIME PRESERVATIVO ESPERMICIDA CAJA X 3 UNID.|1.00|unidad| |6300.00|6300.00|1|unidad||||
3|1|1230|7791519000676|1|PRIME PRESERVATIVO EXTRA LUBRICADO CAJA X 3 UNID.|1.00|unidad| |6300.00|6300.00|1|unidad||||
3|1|1230|7791519200045|1|PRIME PRESERVATIVO SUPERFINO CAJA X 3 UNID.|1.00|unidad| |6300.00|6300.00|1|unidad||||
3|1|1230|7791519200090|1|PRIME PRESERVATIVO TACHAS CAJA X 3 UNID.|1.00|unidad| |6300.00|6300.00|1|unidad||||
3|1|1230|7791519200069|1|PRIME PRESERVATIVO TEXTURADO CAJA X 3 UNID.|1.00|unidad| |6300.00|6300.00|1|unidad||||
3|1|1230|7790742167101|1|Queso Finlandia Chef Cheddar 150gr PAQUETE INSUMO|1.00|unidad| |685.00|685.00|1|unidad||||
3|1|1230|0045011111111|1|RED BULL ENERGY DRINK LATA X 250 CC|1.00|unidad| |5500.00|5500.00|1|unidad||||
3|1|1230|0000090435225|1|RED BULL ENERGY DRINK LATA X 355 CC|1.00|unidad| |6900.00|6900.00|1|unidad||||
3|1|1230|9002490232054|1|RED BULL ENERGY DRINK SUGAR FREE LATA X 250CC|1.00|unidad| |5500.00|5500.00|1|unidad||||
3|1|1230|7790580327415|1|ROCKLETS CONFITES DE CHOCOLATE PAQ. X 40 GR|1.00|unidad| |3100.00|3100.00|1|unidad||||
3|1|1230|7790580327613|1|ROCKLETS NARANJA MANI C/CHOCOLATE CONFITADO X 40G|1.00|unidad| |3100.00|3100.00|1|unidad||||
3|1|1230|7798024760507|1|ROLL CHICKEN CAESAR X 210GR|1.00|unidad| |10600.00|10600.00|1|unidad||||
3|1|1230|0000000023605|0|SACRAMENTO MEMBRILLO X UN|1.00|unidad| |1700.00|1700.00|1|unidad||||
3|1|1230|7790580716806|1|SALADIX GALLETITAS SAB. CALABRESA CAJA X 100G|1.00|unidad| |3200.00|3200.00|1|unidad||||
3|1|1230|7790580716707|1|SALADIX GALLETITAS SAB. JAMON CAJA X 100G|1.00|unidad| |3200.00|3200.00|1|unidad||||
3|1|1230|7790580697303|1|SALADIX GALLETITAS SAB. PIZZA CAJA X 100G|1.00|unidad| |3200.00|3200.00|1|unidad||||
3|1|1230|7790040374607|1|SALADIX GALLETITAS SAB.DUO CAJA X 80G|1.00|unidad| |3200.00|3200.00|1|unidad||||
3|1|1230|7790040123434|1|SALADIX GALLETITAS SAB.KESITOS X80G|1.00|unidad| |2700.00|2700.00|1|unidad||||
3|1|1230|0000077956699|1|SHOT ALFAJOR TRISHOT TRIPLE X 60G|1.00|unidad| |3000.00|3000.00|1|unidad||||
3|1|1230|7622300424084|1|SHOT CHOCOLATE CON LECHE Y MANI TABLETA X 170 GR|1.00|unidad| |12500.00|12500.00|1|unidad||||
3|1|1230|0000077914217|1|SHOT CHOCOLATE LECHE CON MANI TABLETA X 35G|1.00|unidad| |3000.00|3000.00|1|unidad||||
3|1|1230|7798304841803|1|SIN PARAR CHOCOLATE DULCE DE LECHE X 90G|1.00|unidad| |3000.00|3000.00|1|unidad||||
3|1|1230|7798304841797|1|SIN PARAR DULCE DE LECHE Y AMERICANA X 90G|1.00|unidad| |3000.00|3000.00|1|unidad||||
3|1|1230|7798304841780|1|SIN PARAR FRUTILLA CREMA X 90G|1.00|unidad| |3000.00|3000.00|1|unidad||||
3|1|1230|0022000018465|1|SKITTLES CONFITES ORIGINAL FRUIT PAQ.X 61.5GR|1.00|unidad| |4700.00|4700.00|1|unidad||||
3|1|1230|0022000018489|1|SKITTLES CONFITES WILDBERRY PAQ.X 61.5GR|1.00|unidad| |4700.00|4700.00|1|unidad||||
3|1|1230|7790895646027|1|SMART WATER C/G 591 ML|1.00|unidad| |3500.00|3500.00|1|unidad||||
3|1|1230|7790895645778|1|SMART WATER S/G 591 ML|1.00|unidad| |3500.00|3500.00|1|unidad||||
3|1|1230|7506174512248|1|SNICKERS BARRA RELL.MANI CUB.C/CHOCOLATE X 48 GR|1.00|unidad| |4700.00|4700.00|1|unidad||||
3|1|1230|0522111111111|1|SPEED UNLIMITED LATA X 250CC|1.00|unidad| |4200.00|4200.00|1|unidad||||
3|1|1230|0040000000518|1|STARBURST CARAMELO MASTICABLE SURTIDO PAQ.X 58.7G|1.00|unidad| |5100.00|5100.00|1|unidad||||
3|1|1230|7790580060206|1|SUGUS CARAMELO MASTICABLE SUELTO X 3.3 GR|1.00|unidad| |50.00|50.00|1|unidad||||
3|1|1230|7790580056001|1|SUGUS CONFITADOS CONFITES DE CARAMELO SURT.X 50 G|1.00|unidad| |2000.00|2000.00|1|unidad||||
3|1|1230|7790387000849|1|TARAGUI MATE COCIDO X 25 UNID S ENS|1.00|unidad| |135.00|135.00|1|unidad||||
3|1|1230|0029601111111|1|TARAGUI MATE LISTO X 35 GR.|1.00|unidad| |4000.00|4000.00|1|unidad||||
3|1|1230|0029621111111|1|TARAGUI TERMO MATE-LISTO CAPACIDAD 500 CC.|1.00|unidad| |5900.00|5900.00|1|unidad||||
3|1|1230|7790387013627|1|TARAGUI YERBA 4FLEX X 500 GR.|1.00|unidad| |4600.00|4600.00|1|unidad||||
3|1|1230|0000077939234|1|TERRABUSI ALFAJOR CHOCOLATE X 50 GR|1.00|unidad| |2000.00|2000.00|1|unidad||||
3|1|1230|0000077903792|1|TERRABUSI ALFAJOR TRIPLE CHOCOLATE X 70G.|1.00|unidad| |3000.00|3000.00|1|unidad||||
3|1|1230|0000077903860|1|TERRABUSI ALFAJOR TRIPLE TIPO TORTA CHOCOLAT.X 70G|1.00|unidad| |3000.00|3000.00|1|unidad||||
3|1|1230|7622300335052|1|TERRABUSI SNACKY X 60GR|1.00|unidad| |4600.00|4600.00|1|unidad||||
3|1|1230|7861002910314|1|TIC TAC PASTILLAS SABOR MENTA CAJA X 16 GR.|1.00|unidad| |1600.00|1600.00|1|unidad||||
3|1|1230|7861002910321|1|TIC TAC PASTILLAS SABOR NARANJA CAJA X 16 GR.|1.00|unidad| |1600.00|1600.00|1|unidad||||
3|1|1230|7790580746612|1|TOFI CHOCOLATE C/LECHE RELLENO D.LECHE X 55G|1.00|unidad| |420.00|420.00|1|unidad||||
3|1|1230|7798024760354|1|TOP PBT DE JAMON COCIDO Y QUESO X UN|1.00|unidad| |9100.00|9100.00|1|unidad||||
3|1|1230|0000000019823|0|TOPLINE 7 CHICLE S/AZUCAR ATM STRONG X 14G|1.00|unidad| |2300.00|2300.00|1|unidad||||
3|1|1230|0000000018843|0|TOPLINE 7 CHICLE S/AZUCAR MANDARINA  CAJA X 14G|1.00|unidad| |2300.00|2300.00|1|unidad||||
3|1|1230|7790580120573|1|TOPLINE 7 ULTRA CLEAN X 24G|1.00|unidad| |3600.00|3600.00|1|unidad||||
3|1|1230|7790580120702|1|TOPLINE 7 ULTRA GREEN MINT X 24G|1.00|unidad| |3600.00|3600.00|1|unidad||||
3|1|1230|7790580121013|1|TOPLINE 7 ULTRA RED BERRY X 24G|1.00|unidad| |3600.00|3600.00|1|unidad||||
3|1|1230|7798304841421|1|TORPEDO FRUTILLA|1.00|unidad| |2100.00|2100.00|1|unidad||||
3|1|1230|7798304841414|1|TORPEDO LIMON|1.00|unidad| |2100.00|2100.00|1|unidad||||
3|1|1230|7798024760460|1|TRIPLE MIGA BLANCO J.COCIDO Y QUESO X 3 UN|1.00|unidad| |9600.00|9600.00|1|unidad||||
3|1|1230|7798024760477|1|TRIPLE MIGA NEGRO J.COCIDO Y QUESO X 3 UN|1.00|unidad| |9600.00|9600.00|1|unidad||||
3|1|1230|7622202839962|1|VARIEDAD GALLETITAS DULCES SURTIDAS X 390GR.|1.00|unidad|VARIEDAD|5800.00|5800.00|1|unidad||||
3|1|1230|0016871111111|1|VASO REUTILIZABLE|1.00|unidad| |4500.00|4500.00|1|unidad||||
3|1|1230|0000000004361|0|VAUQUITA TABLETA DE DULCE DE LECHE X 25 GR.|1.00|unidad| |190.00|190.00|1|unidad||||
3|1|1230|7790315100184|1|VDS LEVITE CERO AGUA S/G MANZANA PET X 500cc|1.00|unidad| |3450.00|3450.00|1|unidad||||
3|1|1230|0021352111111|1|VDS LEVITE CERO AGUA S/G NARANJA PET X 500cc|1.00|unidad| |3450.00|3450.00|1|unidad||||
3|1|1230|0021347111111|1|VILLA DEL SUR LEVITE S/G MANZANA PET X 500cc|1.00|unidad| |3450.00|3450.00|1|unidad||||
3|1|1230|7798062548655|1|VILLA DEL SUR LEVITE S/G NARANJA PET X 500cc|1.00|unidad| |3450.00|3450.00|1|unidad||||
3|1|1230|0021349111111|1|VILLA DEL SUR LEVITE S/G PERA PET X 500cc|1.00|unidad| |3450.00|3450.00|1|unidad||||
3|1|1230|7799155000982|1|VILLA DEL SUR LEVITE S/G POMELO PET X 500cc|1.00|unidad| |3450.00|3450.00|1|unidad||||
3|1|1230|7799155000210|1|VILLAVICENCIO AGUA FINAMENTE GASIFICADA PET X 1.5L|1.00|unidad| |5300.00|5300.00|1|unidad||||
3|1|1230|7799155000203|1|VILLAVICENCIO AGUA FINAMENTE GASIFICADA PET X 500C|1.00|unidad| |3650.00|3650.00|1|unidad||||
3|1|1230|0022000293220|1|Wrigleys Doubl 12.5g|1.00|unidad| |2600.00|2600.00|1|unidad||||
3|1|1230|0022000293305|1|Wrigleys Spear 12.5g|1.00|unidad| |2600.00|2600.00|1|unidad||||
3|1|1230|7791337010826|1|Yogurisimo Botellita Frutilla x 190g|1.00|unidad| |5500.00|5500.00|1|unidad||||
3|1|1230|7798187760246|1|ZAFRAN BARRA DE CEREAL ALM/COCO X 28G|1.00|unidad| |1900.00|1900.00|1|unidad||||
3|1|1230|7798187760277|1|ZAFRAN BARRA DE CEREAL CAJU/ZAPALLO 28G|1.00|unidad| |1900.00|1900.00|1|unidad||||
3|1|1230|7798187760253|1|ZAFRAN BARRA DE CEREAL MANI/CACAO 28G|1.00|unidad| |1900.00|1900.00|1|unidad||||
3|1|1230|7798187760260|1|ZAFRAN BARRA DE CEREAL MZNA/CHIA 28G|1.00|unidad| |1900.00|1900.00|1|unidad||||
3|1|1291|7791813434412|1|7UP FREE PET X 1.5L|1.00|unidad| |4700.00|4700.00|1|unidad||||
3|1|1291|0000000023897|0|AFEITADORA BIC COMFORT  3|1.00|unidad| |820.00|820.00|1|unidad||||
3|1|1291|7790580109882|1|AGUILA EXTRAFINO 60% CACAO X 150 GR|1.00|unidad| |15200.00|15200.00|1|unidad||||
3|1|1291|7790040133594|1|AGUILA MINITORTA BROWNIE X 72G|1.00|unidad| |2800.00|2800.00|1|unidad||||
3|1|1291|7790040298705|1|AGUILA MINITORTA DDLECHE/MOUSSE SAB.VAINILLA X 72G|1.00|unidad| |2800.00|2800.00|1|unidad||||
3|1|1291|0000000023956|0|ALFAJOR CHOCOLATE|1.00|unidad| |2100.00|2100.00|1|unidad||||
3|1|1291|0000000023280|0|ALFAJORES DE MAICENA|1.00|unidad| |2100.00|2100.00|1|unidad||||
3|1|1291|7790580607418|1|ARCOR CHOCOLATE BLANCO TABLETA X 25 GR|1.00|unidad| |2200.00|2200.00|1|unidad||||
3|1|1291|7790580607210|1|ARCOR CHOCOLATE CON LECHE TABLETA X 25GR|1.00|unidad| |2200.00|2200.00|1|unidad||||
3|1|1291|0000000001339|0|ARCOR OBLEA RELLENA C/PASTA DE TURRON Y MANI X 25G|1.00|unidad| |700.00|700.00|1|unidad||||
3|1|1291|7793360294600|1|BC JUGO MANZANA TETRA X 200CC|1.00|unidad| |1100.00|1100.00|1|unidad||||
3|1|1291|7793360246609|1|BC JUGO NARANJA TETRA X 200CC.|1.00|unidad| |1100.00|1100.00|1|unidad||||
3|1|1291|7790580154264|1|BEB MULTIFRUTA BC 24X200ML|1.00|unidad| |1100.00|1100.00|1|unidad||||
3|1|1291|7792730020559|1|BIZNIKKE NEVADO CHOCOLATE TABLETA X 120 GR.|1.00|unidad| |8900.00|8900.00|1|unidad||||
3|1|1291|7790580722708|1|BOMBON TOFI LECHE X 15G|1.00|unidad| |1800.00|1800.00|1|unidad||||
3|1|1291|7790040613607|1|Bon O Bon Alfajor Chocolate Blanco x40 gr|1.00|unidad| |1800.00|1800.00|1|unidad||||
3|1|1291|7790040613706|1|BON O BON ALFAJOR CHOCOLATE NEGRO/LECHE X 40G|1.00|unidad| |1800.00|1800.00|1|unidad||||
3|1|1291|0000000021586|0|BON-O-BON BOMBON AGUILA X 15G|1.00|unidad| |1100.00|1100.00|1|unidad||||
3|1|1291|7790580119058|1|BON-O-BON BOMBON CHOCOLATE BLANCO X 15G|1.00|unidad| |1100.00|1100.00|1|unidad||||
3|1|1291|0000000021587|0|BON-O-BON BOMBON CHOCOLINA X 15G|1.00|unidad| |1100.00|1100.00|1|unidad||||
3|1|1291|7792360072409|1|BONAFIDE BOCADITO DDL X 16G|1.00|unidad| |1600.00|1600.00|1|unidad||||
3|1|1291|0000000021151|0|BROWNIE ARTESANAL|1.00|unidad| |5300.00|5300.00|1|unidad||||
3|1|1291|0000000023273|0|BUDIN BANANA Y DDL|1.00|unidad| |4800.00|4800.00|1|unidad||||
3|1|1291|0000000021701|0|BUDIN DE FRUTOS SECOS|1.00|unidad| |4800.00|4800.00|1|unidad||||
3|1|1291|0000000021700|0|BUDIN DE LIMON Y ARANDANOS|1.00|unidad| |4800.00|4800.00|1|unidad||||
3|1|1291|7790407022011|1|CABSHA BOCADITO X 10G|1.00|unidad| |1000.00|1000.00|1|unidad||||
3|1|1291|7798128000271|1|CACHAFAZ ALFAJOR MOUSSE X 50G|1.00|unidad| |3200.00|3200.00|1|unidad||||
3|1|1291|7622201818739|1|CADBURY CHOCOLATE C/LECHE TRES SUEÑOS X 82G|1.00|unidad| |7800.00|7800.00|1|unidad||||
3|1|1291|7622201818654|1|CADBURY CHOCOLATE RELLENO YOGHURT FRUTILLA X 29G|1.00|unidad| |3300.00|3300.00|1|unidad||||
3|1|1291|7622202271250|1|Caram. Halls 12u Strong Nvo|1.00|unidad| |1350.00|1350.00|1|unidad||||
3|1|1291|7622202247286|1|Caram. Halls Cherry Nvo 28 Grs|1.00|unidad| |1350.00|1350.00|1|unidad||||
3|1|1291|7790895649301|1|CEPITA 20% NARANJA 200ML|1.00|unidad| |2200.00|2200.00|1|unidad||||
3|1|1291|7790895009853|1|CEPITA JUGO MANZANA BOTELLA X 1L|1.00|unidad| |5800.00|5800.00|1|unidad||||
3|1|1291|7790895000720|1|CEPITA JUGO MANZANA TETRA X 200CC.|1.00|unidad| |2200.00|2200.00|1|unidad||||
3|1|1291|7790895647017|1|CEPITA JUGO MANZANA ZINC TETRA X 1 LT.|1.00|unidad| |4450.00|4450.00|1|unidad||||
3|1|1291|7790895000737|1|CEPITA JUGO MULTIFRUTA TETRA X 200CC|1.00|unidad| |2200.00|2200.00|1|unidad||||
3|1|1291|7790895647123|1|CEPITA JUGO MULTIFRUTA ZINC TETRA X 1 LT.|1.00|unidad| |4450.00|4450.00|1|unidad||||
3|1|1291|7790895648267|1|CEPITA NARANJA 20% 1L|1.00|unidad| |4450.00|4450.00|1|unidad||||
3|1|1291|7790895009815|1|CEPITA NARANJA 995CC|1.00|unidad| |5800.00|5800.00|1|unidad||||
3|1|1291|0000000022630|0|CEREAL MIX BARRA DE CEREAL C/FRUTILLA&YOGHURT X26G|1.00|unidad| |1700.00|1700.00|1|unidad||||
3|1|1291|0000000001341|0|CEREAL MIX BARRA DE CEREAL X 23G|1.00|unidad| |1700.00|1700.00|1|unidad||||
3|1|1291|0000000022631|0|CEREAL MIX BARRA DE CEREAL YOGH/FRUTIL.L.X26g|1.00|unidad| |1700.00|1700.00|1|unidad||||
3|1|1291|7790580123345|1|CH. TL7 MENTHOL 20X16X14G|1.00|unidad| |1900.00|1900.00|1|unidad||||
3|1|1291|0000000019822|0|CH. TL7 VIBR. STRAW. 20X16X14G|1.00|unidad| |1900.00|1900.00|1|unidad||||
3|1|1291|7790580104252|1|CH. TL7 VIOL. CHERRY 20X16X14G|1.00|unidad| |1900.00|1900.00|1|unidad||||
3|1|1291|7790580317607|1|CH. TL7 XPLOS. MINT 20X16X14G|1.00|unidad| |1900.00|1900.00|1|unidad||||
3|1|1291|8445290701961|1|Choc Bananita Dolca 30 grs|1.00|unidad| |2400.00|2400.00|1|unidad||||
3|1|1291|8445290701596|1|Choc. Bananita Dolca 14grs|1.00|unidad| |1200.00|1200.00|1|unidad||||
3|1|1291|7622202328947|1|Choc. Milka 55g Leche NVO|1.00|unidad| |6100.00|6100.00|1|unidad||||
3|1|1291|7790070418296|1|Chocoarroz Blanco est. 22g|1.00|unidad| |1800.00|1800.00|1|unidad||||
3|1|1291|7790070418203|1|Chocoarroz DL 22 gr|1.00|unidad| |1800.00|1800.00|1|unidad||||
3|1|1291|7790580103521|1|CHOCOLATE LECHE CON CONFITES COFLER X 55 G|1.00|unidad| |5800.00|5800.00|1|unidad||||
3|1|1291|7798304840851|1|CHOMPAlmedC/SsaDDL6x180g|1.00|unidad| |10200.00|10200.00|1|unidad||||
3|1|1291|7798130953640|1|CHUPETIN COCO POP X 17 G|1.00|unidad| |3500.00|3500.00|1|unidad||||
3|1|1291|7798130954777|1|CHUPETIN EMOTI POP 11GR|1.00|unidad| |3500.00|3500.00|1|unidad||||
3|1|1291|0000000023604|0|CIRCULAR MEMBRILLO X UN|1.00|unidad| |1700.00|1700.00|1|unidad||||
3|1|1291|7798085680516|1|CITRIC JUGO NARANJA MANGO TETRA X 500CC|1.00|unidad| |3850.00|3850.00|1|unidad||||
3|1|1291|7798085681834|1|CITRIC JUGO NARANJA TETRA X 1L|1.00|unidad| |5750.00|5750.00|1|unidad||||
3|1|1291|7798085681445|1|CITRIC JUGO NARANJA TETRA X 250CC|1.00|unidad| |2200.00|2200.00|1|unidad||||
3|1|1291|7798085681452|1|CITRIC JUGO NARANJA TETRA X 500CC|1.00|unidad| |3850.00|3850.00|1|unidad||||
3|1|1291|7798085680295|1|CITRIC JUGO NARANJA/ DURAZNO TETRA X 500CC|1.00|unidad| |3850.00|3850.00|1|unidad||||
3|1|1291|7790895000997|1|COCA-COLA X 2.25L|1.00|unidad| |8950.00|8950.00|1|unidad||||
3|1|1291|7790040659605|1|COFLER BLOCK ALFAJOR CHOCOLATE X 60 G|1.00|unidad| |2800.00|2800.00|1|unidad||||
3|1|1291|0000000018365|0|COFLER BLOCK CHOCOLATE C/LECHE Y MANI TAB.X 110GR|1.00|unidad| |7800.00|7800.00|1|unidad||||
3|1|1291|0000000015301|0|COFLER BLOCK CHOCOLATE C/LECHE Y MANI TAB.X 38GR|1.00|unidad| |3100.00|3100.00|1|unidad||||
3|1|1291|7790580105013|1|COFLER BLOCK CHOCOLATE X 170G|1.00|unidad| |13200.00|13200.00|1|unidad||||
3|1|1291|7790580115579|1|COFLER BLOCK CHOCOLATE X 1KG|1.00|unidad| |62900.00|62900.00|1|unidad||||
3|1|1291|7790580103385|1|COFLER CHOCOLATE AIREADO BCO/LECHE X 27 GR.|1.00|unidad| |3300.00|3300.00|1|unidad||||
3|1|1291|7790580103378|1|COFLER CHOCOLATE AIREADO BLANCO X 27 GR.|1.00|unidad| |3300.00|3300.00|1|unidad||||
3|1|1291|7790580115869|1|COFLER CHOCOLATE AIREADO BON O BON X 67G|1.00|unidad| |6500.00|6500.00|1|unidad||||
3|1|1291|7790580103361|1|COFLER CHOCOLATE AIREADO LECHE X 27 GR.|1.00|unidad| |3300.00|3300.00|1|unidad||||
3|1|1291|7790580043407|1|COFLER CHOCOLATE AIREADO LECHE X 55G|1.00|unidad| |6600.00|6600.00|1|unidad||||
3|1|1291|7790580003531|1|COFLER CHOCOLATE BCO&COOK X 55G|1.00|unidad| |5800.00|5800.00|1|unidad||||
3|1|1291|7790580043506|1|COFLER CHOCOLATE LECHE CON ALMENDRAS X 55G|1.00|unidad| |5800.00|5800.00|1|unidad||||
3|1|1291|0000000024109|0|CRIOLLITO X UN|1.00|unidad| |1700.00|1700.00|1|unidad||||
3|1|1291|0000000023957|0|CROISSANT J Y Q|1.00|unidad| |5800.00|5800.00|1|unidad||||
3|1|1291|7798024760798|1|CROQUE MONSIEUR J Y Q BLANCO X UN|1.00|unidad| |9100.00|9100.00|1|unidad||||
3|1|1291|7798024760804|1|CROQUE MONSIEUR J Y Q NEGRO X UN|1.00|unidad| |9100.00|9100.00|1|unidad||||
3|1|1291|0000000020568|0|CUADRADO DE PASTA FROLA|1.00|unidad| |4800.00|4800.00|1|unidad||||
3|1|1291|0000000023543|0|DELIVERY MEDIALUNAS X 6 UNIDADES|1.00|unidad| |205.00|205.00|1|unidad||||
3|1|1291|7795735000106|1|DON SATUR TALITAS X 140GR|1.00|unidad| |2800.00|2800.00|1|unidad||||
3|1|1291|7790206007509|1|DOS CORAZONES BOCADITO CHOC.C/LECHE RELL. X 26GR|1.00|unidad| |2100.00|2100.00|1|unidad||||
3|1|1291|7792799000035|1|ECO DE LOS ANDES AGUA CON GAS PET X 500CC.|1.00|unidad| |3000.00|3000.00|1|unidad||||
3|1|1291|7798128000486|1|EL CACHAFAZ ALFAJOR BLANCO FLOWPACK X 60 GR|1.00|unidad| |3100.00|3100.00|1|unidad||||
3|1|1291|7798128000462|1|EL CACHAFAZ ALFAJOR CHOCOLATE FLOWPACK X 60 GR|1.00|unidad| |3000.00|3000.00|1|unidad||||
3|1|1291|7798128001940|1|EL CACHAFAZ ALFAJOR DE MAICENA X 76G|1.00|unidad| |3100.00|3100.00|1|unidad||||
3|1|1291|7798128001797|1|EL CACHAFAZ CONITO DULCE DE LECHE X 38G|1.00|unidad| |2600.00|2600.00|1|unidad||||
3|1|1291|7798024760569|1|ENSALADA CESAR  PREMIUM X UN|1.00|unidad| |13000.00|13000.00|1|unidad||||
3|1|1291|7798024760392|1|ENSALADA CHEF PREMIUM X UN|1.00|unidad| |13000.00|13000.00|1|unidad||||
3|1|1291|7798024766417|1|ENSALADA MIX VEG.C/PECHUGUITAS AL SESAMO X UN|1.00|unidad| |13000.00|13000.00|1|unidad||||
3|1|1291|7613035242524|1|EPA DDL MAX 88GR|1.00|unidad| |6500.00|6500.00|1|unidad||||
3|1|1291|7613035242500|1|EPA ROCKER X 88G|1.00|unidad| |6500.00|6500.00|1|unidad||||
3|1|1291|7898024390121|1|FERRERO ROCHER BOMBON CHOC.RELL.PAQ.3 UNID X 37.5G|1.00|unidad| |5400.00|5400.00|1|unidad||||
3|1|1291|7798024760255|1|FIGAZZITAS DE SALAME Y QUESO X 2 UN|1.00|unidad| |8200.00|8200.00|1|unidad||||
3|1|1291|7798147780062|1|Franui sabor Black 150gr|1.00|unidad| |8500.00|8500.00|1|unidad||||
3|1|1291|7798147783223|1|Franui sabor Leche 150gr|1.00|unidad| |8500.00|8500.00|1|unidad||||
3|1|1291|7790070431936|1|Gallo YoguBar 20gr|1.00|unidad| |1700.00|1700.00|1|unidad||||
3|1|1291|0067061111111|1|GATORADE COOL BLUE PET X 500CC|1.00|unidad| |3900.00|3900.00|1|unidad||||
3|1|1291|0071971211111|1|GATORADE FRUTOS TROPICALES PET X 750CC|1.00|unidad| |4700.00|4700.00|1|unidad||||
3|1|1291|0066011111111|1|GATORADE MANZANA PET X 500CC|1.00|unidad| |3900.00|3900.00|1|unidad||||
3|1|1291|0042831111111|1|GATORADE MANZANA PET X 750CC|1.00|unidad| |4600.00|4600.00|1|unidad||||
3|1|1291|0006602111111|1|GATORADE NARANJA PET X 500CC|1.00|unidad| |3900.00|3900.00|1|unidad||||
3|1|1291|7798024766103|1|GRANDWICH PANINI GRIGLIATTI JAM/QUE/TOM/HUE X 210G|1.00|unidad| |7350.00|7350.00|1|unidad||||
3|1|1291|0000000023445|0|HALLS FREE MENTA X 28 G|1.00|unidad| |1500.00|1500.00|1|unidad||||
3|1|1291|7791249450277|1|HALLS MENTA LYPTUS CARAMELOS DUROS PAQ.X 28G|1.00|unidad| |1250.00|1250.00|1|unidad||||
3|1|1291|0000000023603|0|ICEDREAM CIRCULAR PASTELERA X UN|1.00|unidad| |1700.00|1700.00|1|unidad||||
3|1|1291|0028411111111|1|JORGITO ALFAJOR BLANCO X 50G|1.00|unidad| |1600.00|1600.00|1|unidad||||
3|1|1291|0011111112842|1|JORGITO ALFAJOR CHOCOLATE X 55G|1.00|unidad| |1600.00|1600.00|1|unidad||||
3|1|1291|7790957000545|1|JORGITO MINI ALFAJOR CHOCOLATE PAQ.X 6 UNID.|1.00|unidad| |4600.00|4600.00|1|unidad||||
3|1|1291|7790957000538|1|JORGITO MINI ALFAJOR GLACEADO PAQ.X 6 UNID.X 155GR|1.00|unidad| |4600.00|4600.00|1|unidad||||
3|1|1291|0000080052760|1|KINDER BUENO OBLEA CHOCOLATE CON LECHE X 43G|1.00|unidad| |4800.00|4800.00|1|unidad||||
3|1|1291|0000077949677|1|KINDER CHOCOLATE X 50G|1.00|unidad| |5500.00|5500.00|1|unidad||||
3|1|1291|7891000379073|1|KIT KAT DARK OBLEA BAÑADA CHOCOLATE X 41.5G|1.00|unidad| |2800.00|2800.00|1|unidad||||
3|1|1291|7891000379028|1|KIT KAT OBLEA BAÑADA CHOCOLATE BLANCO X 41.5G|1.00|unidad| |2800.00|2800.00|1|unidad||||
3|1|1291|7791337007260|1|Leche chocolatada Cindor 200ml|1.00|unidad| |3800.00|3800.00|1|unidad||||
3|1|1291|7791337007253|1|Leche chocolatada Cindor x 1L|1.00|unidad| |11500.00|11500.00|1|unidad||||
3|1|1291|7798368470391|1|LUCCIANO´S CHANTILLY X 100GR (02)|1.00|unidad| |7400.00|7400.00|1|unidad||||
3|1|1291|7798368470384|1|LUCCIANO´S CHOCOLATE C/CROCANTE X 100GR (01)|1.00|unidad| |7400.00|7400.00|1|unidad||||
3|1|1291|7798368470421|1|LUCCIANO´S CHOCOLATE X 90GR (05)|1.00|unidad| |7400.00|7400.00|1|unidad||||
3|1|1291|7798368470438|1|LUCCIANO´S DDL C/ CROCANTE X 90GR (06)|1.00|unidad| |7400.00|7400.00|1|unidad||||
3|1|1291|0000000024240|0|LUCCIANO´S DDL X 90GR (03)|1.00|unidad| |6000.00|6000.00|1|unidad||||
3|1|1291|7798368470476|1|LUCCIANO´S MINION ICE POP X 100GR (10)|1.00|unidad| |7900.00|7900.00|1|unidad||||
3|1|1291|7798368470469|1|LUCCIANO´S OLI KING X 90GR (09)|1.00|unidad| |7800.00|7800.00|1|unidad||||
3|1|1291|7798368470735|1|LUCCIANO´S PISTACCHIO X 95GR (08)|1.00|unidad| |7800.00|7800.00|1|unidad||||
3|1|1291|7798368470414|1|LUCCIANO´S SORBETE PATAGONIA X 90GR (04)|1.00|unidad| |7400.00|7400.00|1|unidad||||
3|1|1291|7613034797469|1|LUXOR BOMBON HELADO 53G|1.00|unidad| |3000.00|3000.00|1|unidad||||
3|1|1291|7797453001441|1|M&M Chocolate 48 Grs|1.00|unidad| |4800.00|4800.00|1|unidad||||
3|1|1291|7797453001458|1|M&M MANI PAQ. X 49 GR|1.00|unidad| |4800.00|4800.00|1|unidad||||
3|1|1291|7790387015324|1|MAÑANITA YERBA 4FLEX X 500 GR|1.00|unidad| |4400.00|4400.00|1|unidad||||
3|1|1291|7790206006106|1|MARROC BOCADITO X 14 GR.|1.00|unidad| |1200.00|1200.00|1|unidad||||
3|1|1291|7798024760125|1|MAX PREMIUM JyQ-TOM-HUE- PAN NGO X UN|1.00|unidad| |9600.00|9600.00|1|unidad||||
3|1|1291|7798024766172|1|MAX PREMIUM POLLO-RU-PAR-PAN NGO X UN|1.00|unidad| |9600.00|9600.00|1|unidad||||
3|1|1291|7798024760552|1|MAX TRIANGULO LIGHT POLLO-LEC-PAN NGO X UN|1.00|unidad| |9600.00|9600.00|1|unidad||||
3|1|1291|0000000023602|0|MEDIALUNA DE GRASA X UN|1.00|unidad| |1700.00|1700.00|1|unidad||||
3|1|1291|0000000023601|0|MEDIALUNA DE MANTECA X UN|1.00|unidad| |1700.00|1700.00|1|unidad||||
3|1|1291|7891000120057|1|MEGA AMERICANA CON ALMENDRAS X 74g|1.00|unidad| |7400.00|7400.00|1|unidad||||
3|1|1291|0000000020546|0|MENTHO-PLUS ACIDOS CEREZA X 27.2G|1.00|unidad| |1600.00|1600.00|1|unidad||||
3|1|1291|0000000020540|0|MENTHO-PLUS ACIDOS NARANJA X 27.2G|1.00|unidad| |1600.00|1600.00|1|unidad||||
3|1|1291|0000000021660|0|MENTHO-PLUS CARAMELOS INHALANTES DE CEREZA X 29.4G|1.00|unidad| |1000.00|1000.00|1|unidad||||
3|1|1291|0000000021663|0|MENTHO-PLUS CARAMELOS INHALANTES MIEL X 29.4G|1.00|unidad| |1000.00|1000.00|1|unidad||||
3|1|1291|0000000021661|0|MENTHO-PLUS CARAMELOS INHALANTES STRONG X 29.4G|1.00|unidad| |1000.00|1000.00|1|unidad||||
3|1|1291|0000000017476|0|MENTHO-PLUS CARAMELOS SIN AZUCAR CHERRY X 27.3G|1.00|unidad| |1600.00|1600.00|1|unidad||||
3|1|1291|0000000017474|0|MENTHO-PLUS CARAMELOS SIN AZUCAR MENTOL X 27.3G|1.00|unidad| |1600.00|1600.00|1|unidad||||
3|1|1291|0000000021664|0|MENTHOPLUS MENTA X 29.4G|1.00|unidad| |1000.00|1000.00|1|unidad||||
3|1|1291|0000000021662|0|MENTHOPLUS MENTOL X 29.4G|1.00|unidad| |1000.00|1000.00|1|unidad||||
3|1|1291|0000000021044|0|MENTHOPLUS ZERO CARAMELOS DURAZNO X 26.6G|1.00|unidad| |1600.00|1600.00|1|unidad||||
3|1|1291|0000000021047|0|MENTHOPLUS ZERO CARAMELOS STRONG X 26.6G|1.00|unidad| |1600.00|1600.00|1|unidad||||
3|1|1291|7895144699851|1|MENTOS CARAMELOS MASTICABLES SAB.FRUTA X 29.7GR|1.00|unidad| |1200.00|1200.00|1|unidad||||
3|1|1291|7895144699844|1|MENTOS CARAMELOS MASTICABLES SAB.MENTA X 29.7GR|1.00|unidad| |1200.00|1200.00|1|unidad||||
3|1|1291|0000000021770|0|MERMELADAS X UNIDAD|1.00|unidad| |50.00|50.00|1|unidad||||
3|1|1291|0000077903785|1|MILKA ALFAJOR MOUSSE TRIPLE X 55 GR.|1.00|unidad| |2800.00|2800.00|1|unidad||||
3|1|1291|7622300457303|1|MILKA ALFAJOR TRIPLE BLANCO X 55G|1.00|unidad| |2800.00|2800.00|1|unidad||||
3|1|1291|7622300844967|1|MILKA CHOCOLATE BLANCO CON DULCE DE LECHE X 67.5G|1.00|unidad| |7100.00|7100.00|1|unidad||||
3|1|1291|7622300844943|1|MILKA CHOCOLATE C DULCE DE LECHE X 67.5G|1.00|unidad| |7100.00|7100.00|1|unidad||||
3|1|1291|0000000021565|0|MILKA CHOCOLATE C/LECHE ALMENDRAS|1.00|unidad| |3290.00|3290.00|1|unidad||||
3|1|1291|7622300990114|1|MILKA CHOCOLATE CON LECHE X 150G|1.00|unidad| |13800.00|13800.00|1|unidad||||
3|1|1291|7622201818937|1|MILKA LEGER CHOCOLATE LECHE TABLETA X 50G|1.00|unidad| |5800.00|5800.00|1|unidad||||
3|1|1291|7790580116958|1|MOGUL CARAMELO DE GOMA DINOS X 30G|1.00|unidad| |800.00|800.00|1|unidad||||
3|1|1291|7790580129507|1|MOGUL CARAMELOS DE GOMA ACIDOS BOLSA X 60G|1.00|unidad| |1350.00|1350.00|1|unidad||||
3|1|1291|7790580169312|1|MOGUL CARAMELOS DE GOMA CEREBRITOS X 30G|1.00|unidad| |1200.00|1200.00|1|unidad||||
3|1|1291|7790580116460|1|MOGUL CARAMELOS DE GOMA EXTREME ACIDO ROLLO X 35G|1.00|unidad| |1200.00|1200.00|1|unidad||||
3|1|1291|7790580603809|1|MOGUL CARAMELOS DE GOMA FRUTALES ROLLO X 35G|1.00|unidad| |1200.00|1200.00|1|unidad||||
3|1|1291|7790580199913|1|MOGUL CARAMELOS DE GOMA OSITOS X 30 GR|1.00|unidad| |1200.00|1200.00|1|unidad||||
3|1|1291|7790580200114|1|MOGUL CARAMELOS DE GOMA TIBURON X 30G|1.00|unidad| |1200.00|1200.00|1|unidad||||
3|1|1291|7798422620014|1|MONSTER ENERGY GREEN X 473CC|1.00|unidad| |5200.00|5200.00|1|unidad||||
3|1|1291|7798422620045|1|MONSTER MANGO LOCO 473|1.00|unidad| |5200.00|5200.00|1|unidad||||
3|1|1291|7798422620021|1|MONSTER ULTRA x 473 CC|1.00|unidad| |5200.00|5200.00|1|unidad||||
3|1|1291|1111111111142|1|MUFFIN CHIPS CHOC X UN|1.00|unidad| |4300.00|4300.00|1|unidad||||
3|1|1291|1111111111145|1|MUFFIN VAINILLA C/DDL X UN|1.00|unidad| |4300.00|4300.00|1|unidad||||
3|1|1291|7798304841261|1|NESQUIK NUTRIACTIV B HEL.CHOCOLATE CON CALCIN-N|1.00|unidad| |1900.00|1900.00|1|unidad||||
3|1|1291|7622210723468|1|OREO GALLETITAS BAÑADAS CHOCOLATE x17gr|1.00|unidad| |200.00|200.00|1|unidad||||
3|1|1291|7899975800523|1|Oreo Palito AR 20 x 65g|1.00|unidad| |6500.00|6500.00|1|unidad||||
3|1|1291|7899975800509|1|OREO SANDWICH AR 81GR|1.00|unidad| |6500.00|6500.00|1|unidad||||
3|1|1291|7798304841124|1|OREO TACITA X 95G|1.00|unidad| |6500.00|6500.00|1|unidad||||
3|1|1291|0000000024088|0|PAN DE CHOCOLATE X UN|1.00|unidad| |4300.00|4300.00|1|unidad||||
3|1|1291|7798024766110|1|PANINI GRIGLIATTI DE PECETO X 210G|1.00|unidad| |6650.00|6650.00|1|unidad||||
3|1|1291|7791007000764|1|PAÑUELOS DESCARTABLES CAJA X 75 UNID|1.00|unidad| |3600.00|3600.00|1|unidad||||
3|1|1291|7791070003482|1|PAÑUELOS DESCARTABLES X UNID|1.00|unidad| |700.00|700.00|1|unidad||||
3|1|1291|7798024760781|1|PEBETE PECHUGA CRISPY X UN|1.00|unidad| |9200.00|9200.00|1|unidad||||
3|1|1291|7798024760361|1|PECHUGA GRILLE C/VEGETAL DEL HUERTO X UN|1.00|unidad| |11500.00|11500.00|1|unidad||||
3|1|1291|0000077915481|1|PEPITOS ALFAJOR TRIPLE DE CHOCOLATE X 57GR|1.00|unidad| |2800.00|2800.00|1|unidad||||
3|1|1291|7791813828365|1|PEPSI BLACK PET X 500CC|1.00|unidad| |3100.00|3100.00|1|unidad||||
3|1|1291|1111111111200|1|PICO DULCE CHUPETIN X 14 GR.|1.00|unidad| |500.00|500.00|1|unidad||||
3|1|1291|7790895641183|1|POWERADE FRUTAS TROPICALES PET X 500CC|1.00|unidad| |3300.00|3300.00|1|unidad||||
3|1|1291|7790895640018|1|POWERADE MANZANA PET X 500CC|1.00|unidad| |3300.00|3300.00|1|unidad||||
3|1|1291|7790895640025|1|POWERADE MOUNTAIN BLAST PET X 500CC|1.00|unidad| |3300.00|3300.00|1|unidad||||
3|1|1291|7791519200021|1|PRIME PRESERVATIVO ANATOMICO CAJA X 3 UNID.|1.00|unidad| |6300.00|6300.00|1|unidad||||
3|1|1291|7791519200076|1|PRIME PRESERVATIVO ESPERMICIDA CAJA X 3 UNID.|1.00|unidad| |6300.00|6300.00|1|unidad||||
3|1|1291|7791519000676|1|PRIME PRESERVATIVO EXTRA LUBRICADO CAJA X 3 UNID.|1.00|unidad| |6300.00|6300.00|1|unidad||||
3|1|1291|7791519200045|1|PRIME PRESERVATIVO SUPERFINO CAJA X 3 UNID.|1.00|unidad| |6000.00|6000.00|1|unidad||||
3|1|1291|7791519200090|1|PRIME PRESERVATIVO TACHAS CAJA X 3 UNID.|1.00|unidad| |6000.00|6000.00|1|unidad||||
3|1|1291|7791519200069|1|PRIME PRESERVATIVO TEXTURADO CAJA X 3 UNID.|1.00|unidad| |6000.00|6000.00|1|unidad||||
3|1|1291|7790742167101|1|Queso Finlandia Chef Cheddar 150gr PAQUETE INSUMO|1.00|unidad| |685.00|685.00|1|unidad||||
3|1|1291|0045011111111|1|RED BULL ENERGY DRINK LATA X 250 CC|1.00|unidad| |5000.00|5000.00|1|unidad||||
3|1|1291|0000090435225|1|RED BULL ENERGY DRINK LATA X 355 CC|1.00|unidad| |6200.00|6200.00|1|unidad||||
3|1|1291|9002490232054|1|RED BULL ENERGY DRINK SUGAR FREE LATA X 250CC|1.00|unidad| |5000.00|5000.00|1|unidad||||
3|1|1291|7790580327415|1|ROCKLETS CONFITES DE CHOCOLATE PAQ. X 40 GR|1.00|unidad| |2800.00|2800.00|1|unidad||||
3|1|1291|7790580327613|1|ROCKLETS NARANJA MANI C/CHOCOLATE CONFITADO X 40G|1.00|unidad| |2800.00|2800.00|1|unidad||||
3|1|1291|7798024760507|1|ROLL CHICKEN CAESAR X 210GR|1.00|unidad| |9600.00|9600.00|1|unidad||||
3|1|1291|0000000023605|0|SACRAMENTO MEMBRILLO X UN|1.00|unidad| |1700.00|1700.00|1|unidad||||
3|1|1291|7790580716806|1|SALADIX GALLETITAS SAB. CALABRESA CAJA X 100G|1.00|unidad| |2900.00|2900.00|1|unidad||||
3|1|1291|7790580716707|1|SALADIX GALLETITAS SAB. JAMON CAJA X 100G|1.00|unidad| |2900.00|2900.00|1|unidad||||
3|1|1291|7790580697303|1|SALADIX GALLETITAS SAB. PIZZA CAJA X 100G|1.00|unidad| |2900.00|2900.00|1|unidad||||
3|1|1291|7790040374607|1|SALADIX GALLETITAS SAB.DUO CAJA X 80G|1.00|unidad| |2900.00|2900.00|1|unidad||||
3|1|1291|7790040123434|1|SALADIX GALLETITAS SAB.KESITOS X80G|1.00|unidad| |2500.00|2500.00|1|unidad||||
3|1|1291|0000077956699|1|SHOT ALFAJOR TRISHOT TRIPLE X 60G|1.00|unidad| |2800.00|2800.00|1|unidad||||
3|1|1291|7622300424084|1|SHOT CHOCOLATE CON LECHE Y MANI TABLETA X 170 GR|1.00|unidad| |11900.00|11900.00|1|unidad||||
3|1|1291|0000077914217|1|SHOT CHOCOLATE LECHE CON MANI TABLETA X 35G|1.00|unidad| |2900.00|2900.00|1|unidad||||
3|1|1291|7798304841803|1|SIN PARAR CHOCOLATE DULCE DE LECHE X 90G|1.00|unidad| |3000.00|3000.00|1|unidad||||
3|1|1291|7798304841797|1|SIN PARAR DULCE DE LECHE Y AMERICANA X 90G|1.00|unidad| |3000.00|3000.00|1|unidad||||
3|1|1291|7798304841780|1|SIN PARAR FRUTILLA CREMA X 90G|1.00|unidad| |3000.00|3000.00|1|unidad||||
3|1|1291|0022000018465|1|SKITTLES CONFITES ORIGINAL FRUIT PAQ.X 61.5GR|1.00|unidad| |4500.00|4500.00|1|unidad||||
3|1|1291|0022000018489|1|SKITTLES CONFITES WILDBERRY PAQ.X 61.5GR|1.00|unidad| |4500.00|4500.00|1|unidad||||
3|1|1291|7790895646027|1|SMART WATER C/G 591 ML|1.00|unidad| |3500.00|3500.00|1|unidad||||
3|1|1291|7790895645778|1|SMART WATER S/G 591 ML|1.00|unidad| |3500.00|3500.00|1|unidad||||
3|1|1291|7506174512248|1|SNICKERS BARRA RELL.MANI CUB.C/CHOCOLATE X 48 GR|1.00|unidad| |4500.00|4500.00|1|unidad||||
3|1|1291|0522111111111|1|SPEED UNLIMITED LATA X 250CC|1.00|unidad| |3800.00|3800.00|1|unidad||||
3|1|1291|0040000000518|1|STARBURST CARAMELO MASTICABLE SURTIDO PAQ.X 58.7G|1.00|unidad| |4900.00|4900.00|1|unidad||||
3|1|1291|7790580060206|1|SUGUS CARAMELO MASTICABLE SUELTO X 3.3 GR|1.00|unidad| |50.00|50.00|1|unidad||||
3|1|1291|7790580056001|1|SUGUS CONFITADOS CONFITES DE CARAMELO SURT.X 50 G|1.00|unidad| |2000.00|2000.00|1|unidad||||
3|1|1291|7790387000849|1|TARAGUI MATE COCIDO X 25 UNID S ENS|1.00|unidad| |130.00|130.00|1|unidad||||
3|1|1291|0029601111111|1|TARAGUI MATE LISTO X 35 GR.|1.00|unidad| |3900.00|3900.00|1|unidad||||
3|1|1291|0029621111111|1|TARAGUI TERMO MATE-LISTO CAPACIDAD 500 CC.|1.00|unidad| |5800.00|5800.00|1|unidad||||
3|1|1291|7790387013627|1|TARAGUI YERBA 4FLEX X 500 GR.|1.00|unidad| |4400.00|4400.00|1|unidad||||
3|1|1291|0000077939234|1|TERRABUSI ALFAJOR CHOCOLATE X 50 GR|1.00|unidad| |1900.00|1900.00|1|unidad||||
3|1|1291|0000077903792|1|TERRABUSI ALFAJOR TRIPLE CHOCOLATE X 70G.|1.00|unidad| |2800.00|2800.00|1|unidad||||
3|1|1291|0000077903860|1|TERRABUSI ALFAJOR TRIPLE TIPO TORTA CHOCOLAT.X 70G|1.00|unidad| |2800.00|2800.00|1|unidad||||
3|1|1291|7622300335052|1|TERRABUSI SNACKY X 60GR|1.00|unidad| |4400.00|4400.00|1|unidad||||
3|1|1291|7861002910314|1|TIC TAC PASTILLAS SABOR MENTA CAJA X 16 GR.|1.00|unidad| |1500.00|1500.00|1|unidad||||
3|1|1291|7861002910321|1|TIC TAC PASTILLAS SABOR NARANJA CAJA X 16 GR.|1.00|unidad| |1500.00|1500.00|1|unidad||||
3|1|1291|7790580746612|1|TOFI CHOCOLATE C/LECHE RELLENO D.LECHE X 55G|1.00|unidad| |400.00|400.00|1|unidad||||
3|1|1291|7798024760354|1|TOP PBT DE JAMON COCIDO Y QUESO X UN|1.00|unidad| |8200.00|8200.00|1|unidad||||
3|1|1291|0000000019823|0|TOPLINE 7 CHICLE S/AZUCAR ATM STRONG X 14G|1.00|unidad| |1900.00|1900.00|1|unidad||||
3|1|1291|0000000018843|0|TOPLINE 7 CHICLE S/AZUCAR MANDARINA  CAJA X 14G|1.00|unidad| |1900.00|1900.00|1|unidad||||
3|1|1291|7790580120573|1|TOPLINE 7 ULTRA CLEAN X 24G|1.00|unidad| |3300.00|3300.00|1|unidad||||
3|1|1291|7790580120702|1|TOPLINE 7 ULTRA GREEN MINT X 24G|1.00|unidad| |3300.00|3300.00|1|unidad||||
3|1|1291|7790580121013|1|TOPLINE 7 ULTRA RED BERRY X 24G|1.00|unidad| |3300.00|3300.00|1|unidad||||
3|1|1291|7798304841421|1|TORPEDO FRUTILLA|1.00|unidad| |2000.00|2000.00|1|unidad||||
3|1|1291|7798304841414|1|TORPEDO LIMON|1.00|unidad| |2000.00|2000.00|1|unidad||||
3|1|1291|7798024760460|1|TRIPLE MIGA BLANCO J.COCIDO Y QUESO X 3 UN|1.00|unidad| |8700.00|8700.00|1|unidad||||
3|1|1291|7798024760477|1|TRIPLE MIGA NEGRO J.COCIDO Y QUESO X 3 UN|1.00|unidad| |8700.00|8700.00|1|unidad||||
3|1|1291|7622202839962|1|VARIEDAD GALLETITAS DULCES SURTIDAS X 390GR.|1.00|unidad|VARIEDAD|5500.00|5500.00|1|unidad||||
3|1|1291|0016871111111|1|VASO REUTILIZABLE|1.00|unidad| |4500.00|4500.00|1|unidad||||
3|1|1291|0000000004361|0|VAUQUITA TABLETA DE DULCE DE LECHE X 25 GR.|1.00|unidad| |180.00|180.00|1|unidad||||
3|1|1291|7790315100184|1|VDS LEVITE CERO AGUA S/G MANZANA PET X 500cc|1.00|unidad| |3450.00|3450.00|1|unidad||||
3|1|1291|0021352111111|1|VDS LEVITE CERO AGUA S/G NARANJA PET X 500cc|1.00|unidad| |3450.00|3450.00|1|unidad||||
3|1|1291|0021347111111|1|VILLA DEL SUR LEVITE S/G MANZANA PET X 500cc|1.00|unidad| |3450.00|3450.00|1|unidad||||
3|1|1291|7798062548655|1|VILLA DEL SUR LEVITE S/G NARANJA PET X 500cc|1.00|unidad| |3450.00|3450.00|1|unidad||||
3|1|1291|0021349111111|1|VILLA DEL SUR LEVITE S/G PERA PET X 500cc|1.00|unidad| |3450.00|3450.00|1|unidad||||
3|1|1291|7799155000982|1|VILLA DEL SUR LEVITE S/G POMELO PET X 500cc|1.00|unidad| |3450.00|3450.00|1|unidad||||
3|1|1291|7799155000210|1|VILLAVICENCIO AGUA FINAMENTE GASIFICADA PET X 1.5L|1.00|unidad| |5300.00|5300.00|1|unidad||||
3|1|1291|7799155000203|1|VILLAVICENCIO AGUA FINAMENTE GASIFICADA PET X 500C|1.00|unidad| |3650.00|3650.00|1|unidad||||
3|1|1291|0022000293220|1|Wrigleys Doubl 12.5g|1.00|unidad| |2500.00|2500.00|1|unidad||||
3|1|1291|0022000293305|1|Wrigleys Spear 12.5g|1.00|unidad| |2500.00|2500.00|1|unidad||||
3|1|1291|7791337010826|1|Yogurisimo Botellita Frutilla x 190g|1.00|unidad| |5500.00|5500.00|1|unidad||||
3|1|1291|7798187760246|1|ZAFRAN BARRA DE CEREAL ALM/COCO X 28G|1.00|unidad| |1900.00|1900.00|1|unidad||||
3|1|1291|7798187760277|1|ZAFRAN BARRA DE CEREAL CAJU/ZAPALLO 28G|1.00|unidad| |1900.00|1900.00|1|unidad||||
3|1|1291|7798187760253|1|ZAFRAN BARRA DE CEREAL MANI/CACAO 28G|1.00|unidad| |1900.00|1900.00|1|unidad||||
3|1|1291|7798187760260|1|ZAFRAN BARRA DE CEREAL MZNA/CHIA 28G|1.00|unidad| |1900.00|1900.00|1|unidad||||
3|1|1344|7791813434412|1|7UP FREE PET X 1.5L|1.00|unidad| |4700.00|4700.00|1|unidad||||
3|1|1344|0000000023897|0|AFEITADORA BIC COMFORT  3|1.00|unidad| |820.00|820.00|1|unidad||||
3|1|1344|7790580109882|1|AGUILA EXTRAFINO 60% CACAO X 150 GR|1.00|unidad| |15200.00|15200.00|1|unidad||||
3|1|1344|7790040133594|1|AGUILA MINITORTA BROWNIE X 72G|1.00|unidad| |2800.00|2800.00|1|unidad||||
3|1|1344|7790040298705|1|AGUILA MINITORTA DDLECHE/MOUSSE SAB.VAINILLA X 72G|1.00|unidad| |2800.00|2800.00|1|unidad||||
3|1|1344|0000000023956|0|ALFAJOR CHOCOLATE|1.00|unidad| |2100.00|2100.00|1|unidad||||
3|1|1344|0000000023280|0|ALFAJORES DE MAICENA|1.00|unidad| |2100.00|2100.00|1|unidad||||
3|1|1344|7790580607418|1|ARCOR CHOCOLATE BLANCO TABLETA X 25 GR|1.00|unidad| |2200.00|2200.00|1|unidad||||
3|1|1344|7790580607210|1|ARCOR CHOCOLATE CON LECHE TABLETA X 25GR|1.00|unidad| |2200.00|2200.00|1|unidad||||
3|1|1344|0000000001339|0|ARCOR OBLEA RELLENA C/PASTA DE TURRON Y MANI X 25G|1.00|unidad| |700.00|700.00|1|unidad||||
3|1|1344|7793360294600|1|BC JUGO MANZANA TETRA X 200CC|1.00|unidad| |1100.00|1100.00|1|unidad||||
3|1|1344|7793360246609|1|BC JUGO NARANJA TETRA X 200CC.|1.00|unidad| |1100.00|1100.00|1|unidad||||
3|1|1344|7790580154264|1|BEB MULTIFRUTA BC 24X200ML|1.00|unidad| |1100.00|1100.00|1|unidad||||
3|1|1344|7792730020559|1|BIZNIKKE NEVADO CHOCOLATE TABLETA X 120 GR.|1.00|unidad| |8900.00|8900.00|1|unidad||||
3|1|1344|7790580722708|1|BOMBON TOFI LECHE X 15G|1.00|unidad| |1800.00|1800.00|1|unidad||||
3|1|1344|7790040613607|1|Bon O Bon Alfajor Chocolate Blanco x40 gr|1.00|unidad| |1800.00|1800.00|1|unidad||||
3|1|1344|7790040613706|1|BON O BON ALFAJOR CHOCOLATE NEGRO/LECHE X 40G|1.00|unidad| |1800.00|1800.00|1|unidad||||
3|1|1344|0000000021586|0|BON-O-BON BOMBON AGUILA X 15G|1.00|unidad| |1100.00|1100.00|1|unidad||||
3|1|1344|7790580119058|1|BON-O-BON BOMBON CHOCOLATE BLANCO X 15G|1.00|unidad| |1100.00|1100.00|1|unidad||||
3|1|1344|0000000021587|0|BON-O-BON BOMBON CHOCOLINA X 15G|1.00|unidad| |1100.00|1100.00|1|unidad||||
3|1|1344|7792360072409|1|BONAFIDE BOCADITO DDL X 16G|1.00|unidad| |1600.00|1600.00|1|unidad||||
3|1|1344|0000000021151|0|BROWNIE ARTESANAL|1.00|unidad| |5300.00|5300.00|1|unidad||||
3|1|1344|0000000023273|0|BUDIN BANANA Y DDL|1.00|unidad| |4800.00|4800.00|1|unidad||||
3|1|1344|0000000021701|0|BUDIN DE FRUTOS SECOS|1.00|unidad| |4800.00|4800.00|1|unidad||||
3|1|1344|0000000021700|0|BUDIN DE LIMON Y ARANDANOS|1.00|unidad| |4800.00|4800.00|1|unidad||||
3|1|1344|7790407022011|1|CABSHA BOCADITO X 10G|1.00|unidad| |1000.00|1000.00|1|unidad||||
3|1|1344|7798128000271|1|CACHAFAZ ALFAJOR MOUSSE X 50G|1.00|unidad| |3200.00|3200.00|1|unidad||||
3|1|1344|7622201818739|1|CADBURY CHOCOLATE C/LECHE TRES SUEÑOS X 82G|1.00|unidad| |7800.00|7800.00|1|unidad||||
3|1|1344|7622201818654|1|CADBURY CHOCOLATE RELLENO YOGHURT FRUTILLA X 29G|1.00|unidad| |3300.00|3300.00|1|unidad||||
3|1|1344|7622202271250|1|Caram. Halls 12u Strong Nvo|1.00|unidad| |1300.00|1300.00|1|unidad||||
3|1|1344|7622202247286|1|Caram. Halls Cherry Nvo 28 Grs|1.00|unidad| |1300.00|1300.00|1|unidad||||
3|1|1344|7790895649301|1|CEPITA 20% NARANJA 200ML|1.00|unidad| |2100.00|2100.00|1|unidad||||
3|1|1344|7790895009853|1|CEPITA JUGO MANZANA BOTELLA X 1L|1.00|unidad| |5800.00|5800.00|1|unidad||||
3|1|1344|7790895000720|1|CEPITA JUGO MANZANA TETRA X 200CC.|1.00|unidad| |2100.00|2100.00|1|unidad||||
3|1|1344|7790895647017|1|CEPITA JUGO MANZANA ZINC TETRA X 1 LT.|1.00|unidad| |4200.00|4200.00|1|unidad||||
3|1|1344|7790895000737|1|CEPITA JUGO MULTIFRUTA TETRA X 200CC|1.00|unidad| |2100.00|2100.00|1|unidad||||
3|1|1344|7790895647123|1|CEPITA JUGO MULTIFRUTA ZINC TETRA X 1 LT.|1.00|unidad| |4200.00|4200.00|1|unidad||||
3|1|1344|7790895648267|1|CEPITA NARANJA 20% 1L|1.00|unidad| |4200.00|4200.00|1|unidad||||
3|1|1344|7790895009815|1|CEPITA NARANJA 995CC|1.00|unidad| |5800.00|5800.00|1|unidad||||
3|1|1344|0000000022630|0|CEREAL MIX BARRA DE CEREAL C/FRUTILLA&YOGHURT X26G|1.00|unidad| |1700.00|1700.00|1|unidad||||
3|1|1344|0000000001341|0|CEREAL MIX BARRA DE CEREAL X 23G|1.00|unidad| |1700.00|1700.00|1|unidad||||
3|1|1344|0000000022631|0|CEREAL MIX BARRA DE CEREAL YOGH/FRUTIL.L.X26g|1.00|unidad| |1700.00|1700.00|1|unidad||||
3|1|1344|7790580123345|1|CH. TL7 MENTHOL 20X16X14G|1.00|unidad| |1900.00|1900.00|1|unidad||||
3|1|1344|0000000019822|0|CH. TL7 VIBR. STRAW. 20X16X14G|1.00|unidad| |1900.00|1900.00|1|unidad||||
3|1|1344|7790580104252|1|CH. TL7 VIOL. CHERRY 20X16X14G|1.00|unidad| |1900.00|1900.00|1|unidad||||
3|1|1344|7790580317607|1|CH. TL7 XPLOS. MINT 20X16X14G|1.00|unidad| |1900.00|1900.00|1|unidad||||
3|1|1344|8445290701961|1|Choc Bananita Dolca 30 grs|1.00|unidad| |2200.00|2200.00|1|unidad||||
3|1|1344|8445290701596|1|Choc. Bananita Dolca 14grs|1.00|unidad| |1200.00|1200.00|1|unidad||||
3|1|1344|7622202328947|1|Choc. Milka 55g Leche NVO|1.00|unidad| |6100.00|6100.00|1|unidad||||
3|1|1344|7790070418296|1|Chocoarroz Blanco est. 22g|1.00|unidad| |1800.00|1800.00|1|unidad||||
3|1|1344|7790070418203|1|Chocoarroz DL 22 gr|1.00|unidad| |1800.00|1800.00|1|unidad||||
3|1|1344|7790580103521|1|CHOCOLATE LECHE CON CONFITES COFLER X 55 G|1.00|unidad| |5800.00|5800.00|1|unidad||||
3|1|1344|7798304840851|1|CHOMPAlmedC/SsaDDL6x180g|1.00|unidad| |10200.00|10200.00|1|unidad||||
3|1|1344|7798130953640|1|CHUPETIN COCO POP X 17 G|1.00|unidad| |3500.00|3500.00|1|unidad||||
3|1|1344|7798130954777|1|CHUPETIN EMOTI POP 11GR|1.00|unidad| |3500.00|3500.00|1|unidad||||
3|1|1344|0000000023604|0|CIRCULAR MEMBRILLO X UN|1.00|unidad| |1500.00|1500.00|1|unidad||||
3|1|1344|7798085680516|1|CITRIC JUGO NARANJA MANGO TETRA X 500CC|1.00|unidad| |3700.00|3700.00|1|unidad||||
3|1|1344|7798085681834|1|CITRIC JUGO NARANJA TETRA X 1L|1.00|unidad| |5500.00|5500.00|1|unidad||||
3|1|1344|7798085681445|1|CITRIC JUGO NARANJA TETRA X 250CC|1.00|unidad| |2100.00|2100.00|1|unidad||||
3|1|1344|7798085681452|1|CITRIC JUGO NARANJA TETRA X 500CC|1.00|unidad| |3700.00|3700.00|1|unidad||||
3|1|1344|7798085680295|1|CITRIC JUGO NARANJA/ DURAZNO TETRA X 500CC|1.00|unidad| |3700.00|3700.00|1|unidad||||
3|1|1344|7790895000997|1|COCA-COLA X 2.25L|1.00|unidad| |8500.00|8500.00|1|unidad||||
3|1|1344|7790040659605|1|COFLER BLOCK ALFAJOR CHOCOLATE X 60 G|1.00|unidad| |2800.00|2800.00|1|unidad||||
3|1|1344|0000000018365|0|COFLER BLOCK CHOCOLATE C/LECHE Y MANI TAB.X 110GR|1.00|unidad| |7800.00|7800.00|1|unidad||||
3|1|1344|0000000015301|0|COFLER BLOCK CHOCOLATE C/LECHE Y MANI TAB.X 38GR|1.00|unidad| |3100.00|3100.00|1|unidad||||
3|1|1344|7790580105013|1|COFLER BLOCK CHOCOLATE X 170G|1.00|unidad| |13200.00|13200.00|1|unidad||||
3|1|1344|7790580115579|1|COFLER BLOCK CHOCOLATE X 1KG|1.00|unidad| |62900.00|62900.00|1|unidad||||
3|1|1344|7790580103385|1|COFLER CHOCOLATE AIREADO BCO/LECHE X 27 GR.|1.00|unidad| |3300.00|3300.00|1|unidad||||
3|1|1344|7790580103378|1|COFLER CHOCOLATE AIREADO BLANCO X 27 GR.|1.00|unidad| |3300.00|3300.00|1|unidad||||
3|1|1344|7790580115869|1|COFLER CHOCOLATE AIREADO BON O BON X 67G|1.00|unidad| |6500.00|6500.00|1|unidad||||
3|1|1344|7790580103361|1|COFLER CHOCOLATE AIREADO LECHE X 27 GR.|1.00|unidad| |3300.00|3300.00|1|unidad||||
3|1|1344|7790580043407|1|COFLER CHOCOLATE AIREADO LECHE X 55G|1.00|unidad| |6600.00|6600.00|1|unidad||||
3|1|1344|7790580003531|1|COFLER CHOCOLATE BCO&COOK X 55G|1.00|unidad| |5800.00|5800.00|1|unidad||||
3|1|1344|7790580043506|1|COFLER CHOCOLATE LECHE CON ALMENDRAS X 55G|1.00|unidad| |5800.00|5800.00|1|unidad||||
3|1|1344|0000000024109|0|CRIOLLITO X UN|1.00|unidad| |1500.00|1500.00|1|unidad||||
3|1|1344|0000000023957|0|CROISSANT J Y Q|1.00|unidad| |5800.00|5800.00|1|unidad||||
3|1|1344|7798024760798|1|CROQUE MONSIEUR J Y Q BLANCO X UN|1.00|unidad| |9100.00|9100.00|1|unidad||||
3|1|1344|7798024760804|1|CROQUE MONSIEUR J Y Q NEGRO X UN|1.00|unidad| |9100.00|9100.00|1|unidad||||
3|1|1344|0000000020568|0|CUADRADO DE PASTA FROLA|1.00|unidad| |4800.00|4800.00|1|unidad||||
3|1|1344|0000000023543|0|DELIVERY MEDIALUNAS X 6 UNIDADES|1.00|unidad| |205.00|205.00|1|unidad||||
3|1|1344|7795735000106|1|DON SATUR TALITAS X 140GR|1.00|unidad| |2200.00|2200.00|1|unidad||||
3|1|1344|7790206007509|1|DOS CORAZONES BOCADITO CHOC.C/LECHE RELL. X 26GR|1.00|unidad| |2100.00|2100.00|1|unidad||||
3|1|1344|7792799000035|1|ECO DE LOS ANDES AGUA CON GAS PET X 500CC.|1.00|unidad| |3000.00|3000.00|1|unidad||||
3|1|1344|7798128000486|1|EL CACHAFAZ ALFAJOR BLANCO FLOWPACK X 60 GR|1.00|unidad| |3100.00|3100.00|1|unidad||||
3|1|1344|7798128000462|1|EL CACHAFAZ ALFAJOR CHOCOLATE FLOWPACK X 60 GR|1.00|unidad| |3000.00|3000.00|1|unidad||||
3|1|1344|7798128001940|1|EL CACHAFAZ ALFAJOR DE MAICENA X 76G|1.00|unidad| |3100.00|3100.00|1|unidad||||
3|1|1344|7798128001797|1|EL CACHAFAZ CONITO DULCE DE LECHE X 38G|1.00|unidad| |2600.00|2600.00|1|unidad||||
3|1|1344|7798024760569|1|ENSALADA CESAR  PREMIUM X UN|1.00|unidad| |13000.00|13000.00|1|unidad||||
3|1|1344|7798024760392|1|ENSALADA CHEF PREMIUM X UN|1.00|unidad| |13000.00|13000.00|1|unidad||||
3|1|1344|7798024766417|1|ENSALADA MIX VEG.C/PECHUGUITAS AL SESAMO X UN|1.00|unidad| |13000.00|13000.00|1|unidad||||
3|1|1344|7613035242524|1|EPA DDL MAX 88GR|1.00|unidad| |6500.00|6500.00|1|unidad||||
3|1|1344|7613035242500|1|EPA ROCKER X 88G|1.00|unidad| |6500.00|6500.00|1|unidad||||
3|1|1344|7898024390121|1|FERRERO ROCHER BOMBON CHOC.RELL.PAQ.3 UNID X 37.5G|1.00|unidad| |5400.00|5400.00|1|unidad||||
3|1|1344|7798024760255|1|FIGAZZITAS DE SALAME Y QUESO X 2 UN|1.00|unidad| |8200.00|8200.00|1|unidad||||
3|1|1344|7798147780062|1|Franui sabor Black 150gr|1.00|unidad| |8500.00|8500.00|1|unidad||||
3|1|1344|7798147783223|1|Franui sabor Leche 150gr|1.00|unidad| |8500.00|8500.00|1|unidad||||
3|1|1344|7790070431936|1|Gallo YoguBar 20gr|1.00|unidad| |1700.00|1700.00|1|unidad||||
3|1|1344|0067061111111|1|GATORADE COOL BLUE PET X 500CC|1.00|unidad| |3900.00|3900.00|1|unidad||||
3|1|1344|0071971211111|1|GATORADE FRUTOS TROPICALES PET X 750CC|1.00|unidad| |4700.00|4700.00|1|unidad||||
3|1|1344|0066011111111|1|GATORADE MANZANA PET X 500CC|1.00|unidad| |3900.00|3900.00|1|unidad||||
3|1|1344|0042831111111|1|GATORADE MANZANA PET X 750CC|1.00|unidad| |4600.00|4600.00|1|unidad||||
3|1|1344|0006602111111|1|GATORADE NARANJA PET X 500CC|1.00|unidad| |3900.00|3900.00|1|unidad||||
3|1|1344|7798024766103|1|GRANDWICH PANINI GRIGLIATTI JAM/QUE/TOM/HUE X 210G|1.00|unidad| |6650.00|6650.00|1|unidad||||
3|1|1344|0000000023445|0|HALLS FREE MENTA X 28 G|1.00|unidad| |1450.00|1450.00|1|unidad||||
3|1|1344|7791249450277|1|HALLS MENTA LYPTUS CARAMELOS DUROS PAQ.X 28G|1.00|unidad| |1250.00|1250.00|1|unidad||||
3|1|1344|0000000023603|0|ICEDREAM CIRCULAR PASTELERA X UN|1.00|unidad| |1500.00|1500.00|1|unidad||||
3|1|1344|0028411111111|1|JORGITO ALFAJOR BLANCO X 50G|1.00|unidad| |1600.00|1600.00|1|unidad||||
3|1|1344|0011111112842|1|JORGITO ALFAJOR CHOCOLATE X 55G|1.00|unidad| |1600.00|1600.00|1|unidad||||
3|1|1344|7790957000545|1|JORGITO MINI ALFAJOR CHOCOLATE PAQ.X 6 UNID.|1.00|unidad| |4600.00|4600.00|1|unidad||||
3|1|1344|7790957000538|1|JORGITO MINI ALFAJOR GLACEADO PAQ.X 6 UNID.X 155GR|1.00|unidad| |4600.00|4600.00|1|unidad||||
3|1|1344|0000080052760|1|KINDER BUENO OBLEA CHOCOLATE CON LECHE X 43G|1.00|unidad| |4800.00|4800.00|1|unidad||||
3|1|1344|0000077949677|1|KINDER CHOCOLATE X 50G|1.00|unidad| |5500.00|5500.00|1|unidad||||
3|1|1344|7891000379073|1|KIT KAT DARK OBLEA BAÑADA CHOCOLATE X 41.5G|1.00|unidad| |2800.00|2800.00|1|unidad||||
3|1|1344|7891000379028|1|KIT KAT OBLEA BAÑADA CHOCOLATE BLANCO X 41.5G|1.00|unidad| |2800.00|2800.00|1|unidad||||
3|1|1344|7791337007260|1|Leche chocolatada Cindor 200ml|1.00|unidad| |3800.00|3800.00|1|unidad||||
3|1|1344|7791337007253|1|Leche chocolatada Cindor x 1L|1.00|unidad| |11500.00|11500.00|1|unidad||||
3|1|1344|7798368470391|1|LUCCIANO´S CHANTILLY X 100GR (02)|1.00|unidad| |7400.00|7400.00|1|unidad||||
3|1|1344|7798368470384|1|LUCCIANO´S CHOCOLATE C/CROCANTE X 100GR (01)|1.00|unidad| |7400.00|7400.00|1|unidad||||
3|1|1344|7798368470421|1|LUCCIANO´S CHOCOLATE X 90GR (05)|1.00|unidad| |7400.00|7400.00|1|unidad||||
3|1|1344|7798368470438|1|LUCCIANO´S DDL C/ CROCANTE X 90GR (06)|1.00|unidad| |7400.00|7400.00|1|unidad||||
3|1|1344|0000000024240|0|LUCCIANO´S DDL X 90GR (03)|1.00|unidad| |6000.00|6000.00|1|unidad||||
3|1|1344|7798368470476|1|LUCCIANO´S MINION ICE POP X 100GR (10)|1.00|unidad| |7900.00|7900.00|1|unidad||||
3|1|1344|7798368470469|1|LUCCIANO´S OLI KING X 90GR (09)|1.00|unidad| |7800.00|7800.00|1|unidad||||
3|1|1344|7798368470735|1|LUCCIANO´S PISTACCHIO X 95GR (08)|1.00|unidad| |7800.00|7800.00|1|unidad||||
3|1|1344|7798368470414|1|LUCCIANO´S SORBETE PATAGONIA X 90GR (04)|1.00|unidad| |7400.00|7400.00|1|unidad||||
3|1|1344|7613034797469|1|LUXOR BOMBON HELADO 53G|1.00|unidad| |3000.00|3000.00|1|unidad||||
3|1|1344|7797453001441|1|M&M Chocolate 48 Grs|1.00|unidad| |4800.00|4800.00|1|unidad||||
3|1|1344|7797453001458|1|M&M MANI PAQ. X 49 GR|1.00|unidad| |4800.00|4800.00|1|unidad||||
3|1|1344|7790387015324|1|MAÑANITA YERBA 4FLEX X 500 GR|1.00|unidad| |4400.00|4400.00|1|unidad||||
3|1|1344|7790206006106|1|MARROC BOCADITO X 14 GR.|1.00|unidad| |1200.00|1200.00|1|unidad||||
3|1|1344|7798024760125|1|MAX PREMIUM JyQ-TOM-HUE- PAN NGO X UN|1.00|unidad| |9600.00|9600.00|1|unidad||||
3|1|1344|7798024766172|1|MAX PREMIUM POLLO-RU-PAR-PAN NGO X UN|1.00|unidad| |9600.00|9600.00|1|unidad||||
3|1|1344|7798024760552|1|MAX TRIANGULO LIGHT POLLO-LEC-PAN NGO X UN|1.00|unidad| |9600.00|9600.00|1|unidad||||
3|1|1344|0000000023602|0|MEDIALUNA DE GRASA X UN|1.00|unidad| |1500.00|1500.00|1|unidad||||
3|1|1344|0000000023601|0|MEDIALUNA DE MANTECA X UN|1.00|unidad| |1500.00|1500.00|1|unidad||||
3|1|1344|7891000120057|1|MEGA AMERICANA CON ALMENDRAS X 74g|1.00|unidad| |7400.00|7400.00|1|unidad||||
3|1|1344|0000000020546|0|MENTHO-PLUS ACIDOS CEREZA X 27.2G|1.00|unidad| |1600.00|1600.00|1|unidad||||
3|1|1344|0000000020540|0|MENTHO-PLUS ACIDOS NARANJA X 27.2G|1.00|unidad| |1600.00|1600.00|1|unidad||||
3|1|1344|0000000021660|0|MENTHO-PLUS CARAMELOS INHALANTES DE CEREZA X 29.4G|1.00|unidad| |1000.00|1000.00|1|unidad||||
3|1|1344|0000000021663|0|MENTHO-PLUS CARAMELOS INHALANTES MIEL X 29.4G|1.00|unidad| |1000.00|1000.00|1|unidad||||
3|1|1344|0000000021661|0|MENTHO-PLUS CARAMELOS INHALANTES STRONG X 29.4G|1.00|unidad| |1000.00|1000.00|1|unidad||||
3|1|1344|0000000017476|0|MENTHO-PLUS CARAMELOS SIN AZUCAR CHERRY X 27.3G|1.00|unidad| |1600.00|1600.00|1|unidad||||
3|1|1344|0000000017474|0|MENTHO-PLUS CARAMELOS SIN AZUCAR MENTOL X 27.3G|1.00|unidad| |1600.00|1600.00|1|unidad||||
3|1|1344|0000000021664|0|MENTHOPLUS MENTA X 29.4G|1.00|unidad| |1000.00|1000.00|1|unidad||||
3|1|1344|0000000021662|0|MENTHOPLUS MENTOL X 29.4G|1.00|unidad| |1000.00|1000.00|1|unidad||||
3|1|1344|0000000021044|0|MENTHOPLUS ZERO CARAMELOS DURAZNO X 26.6G|1.00|unidad| |1600.00|1600.00|1|unidad||||
3|1|1344|0000000021047|0|MENTHOPLUS ZERO CARAMELOS STRONG X 26.6G|1.00|unidad| |1600.00|1600.00|1|unidad||||
3|1|1344|7895144699851|1|MENTOS CARAMELOS MASTICABLES SAB.FRUTA X 29.7GR|1.00|unidad| |1200.00|1200.00|1|unidad||||
3|1|1344|7895144699844|1|MENTOS CARAMELOS MASTICABLES SAB.MENTA X 29.7GR|1.00|unidad| |1200.00|1200.00|1|unidad||||
3|1|1344|0000000021770|0|MERMELADAS X UNIDAD|1.00|unidad| |50.00|50.00|1|unidad||||
3|1|1344|0000077903785|1|MILKA ALFAJOR MOUSSE TRIPLE X 55 GR.|1.00|unidad| |2800.00|2800.00|1|unidad||||
3|1|1344|7622300457303|1|MILKA ALFAJOR TRIPLE BLANCO X 55G|1.00|unidad| |2800.00|2800.00|1|unidad||||
3|1|1344|7622300844967|1|MILKA CHOCOLATE BLANCO CON DULCE DE LECHE X 67.5G|1.00|unidad| |7100.00|7100.00|1|unidad||||
3|1|1344|7622300844943|1|MILKA CHOCOLATE C DULCE DE LECHE X 67.5G|1.00|unidad| |7100.00|7100.00|1|unidad||||
3|1|1344|0000000021565|0|MILKA CHOCOLATE C/LECHE ALMENDRAS|1.00|unidad| |3290.00|3290.00|1|unidad||||
3|1|1344|7622300990114|1|MILKA CHOCOLATE CON LECHE X 150G|1.00|unidad| |13800.00|13800.00|1|unidad||||
3|1|1344|7622201818937|1|MILKA LEGER CHOCOLATE LECHE TABLETA X 50G|1.00|unidad| |5800.00|5800.00|1|unidad||||
3|1|1344|7790580116958|1|MOGUL CARAMELO DE GOMA DINOS X 30G|1.00|unidad| |800.00|800.00|1|unidad||||
3|1|1344|7790580129507|1|MOGUL CARAMELOS DE GOMA ACIDOS BOLSA X 60G|1.00|unidad| |1350.00|1350.00|1|unidad||||
3|1|1344|7790580169312|1|MOGUL CARAMELOS DE GOMA CEREBRITOS X 30G|1.00|unidad| |1200.00|1200.00|1|unidad||||
3|1|1344|7790580116460|1|MOGUL CARAMELOS DE GOMA EXTREME ACIDO ROLLO X 35G|1.00|unidad| |1200.00|1200.00|1|unidad||||
3|1|1344|7790580603809|1|MOGUL CARAMELOS DE GOMA FRUTALES ROLLO X 35G|1.00|unidad| |1200.00|1200.00|1|unidad||||
3|1|1344|7790580199913|1|MOGUL CARAMELOS DE GOMA OSITOS X 30 GR|1.00|unidad| |1200.00|1200.00|1|unidad||||
3|1|1344|7790580200114|1|MOGUL CARAMELOS DE GOMA TIBURON X 30G|1.00|unidad| |1200.00|1200.00|1|unidad||||
3|1|1344|7798422620014|1|MONSTER ENERGY GREEN X 473CC|1.00|unidad| |5200.00|5200.00|1|unidad||||
3|1|1344|7798422620045|1|MONSTER MANGO LOCO 473|1.00|unidad| |5200.00|5200.00|1|unidad||||
3|1|1344|7798422620021|1|MONSTER ULTRA x 473 CC|1.00|unidad| |5200.00|5200.00|1|unidad||||
3|1|1344|1111111111142|1|MUFFIN CHIPS CHOC X UN|1.00|unidad| |3900.00|3900.00|1|unidad||||
3|1|1344|1111111111145|1|MUFFIN VAINILLA C/DDL X UN|1.00|unidad| |3900.00|3900.00|1|unidad||||
3|1|1344|7798304841261|1|NESQUIK NUTRIACTIV B HEL.CHOCOLATE CON CALCIN-N|1.00|unidad| |1800.00|1800.00|1|unidad||||
3|1|1344|7622210723468|1|OREO GALLETITAS BAÑADAS CHOCOLATE x17gr|1.00|unidad| |200.00|200.00|1|unidad||||
3|1|1344|7899975800523|1|Oreo Palito AR 20 x 65g|1.00|unidad| |6500.00|6500.00|1|unidad||||
3|1|1344|7899975800509|1|OREO SANDWICH AR 81GR|1.00|unidad| |6500.00|6500.00|1|unidad||||
3|1|1344|7798304841124|1|OREO TACITA X 95G|1.00|unidad| |6500.00|6500.00|1|unidad||||
3|1|1344|0000000024088|0|PAN DE CHOCOLATE X UN|1.00|unidad| |3900.00|3900.00|1|unidad||||
3|1|1344|7798024766110|1|PANINI GRIGLIATTI DE PECETO X 210G|1.00|unidad| |6650.00|6650.00|1|unidad||||
3|1|1344|7791007000764|1|PAÑUELOS DESCARTABLES CAJA X 75 UNID|1.00|unidad| |3600.00|3600.00|1|unidad||||
3|1|1344|7791070003482|1|PAÑUELOS DESCARTABLES X UNID|1.00|unidad| |700.00|700.00|1|unidad||||
3|1|1344|7798024760781|1|PEBETE PECHUGA CRISPY X UN|1.00|unidad| |9200.00|9200.00|1|unidad||||
3|1|1344|7798024760361|1|PECHUGA GRILLE C/VEGETAL DEL HUERTO X UN|1.00|unidad| |11500.00|11500.00|1|unidad||||
3|1|1344|0000077915481|1|PEPITOS ALFAJOR TRIPLE DE CHOCOLATE X 57GR|1.00|unidad| |2800.00|2800.00|1|unidad||||
3|1|1344|7791813828365|1|PEPSI BLACK PET X 500CC|1.00|unidad| |3100.00|3100.00|1|unidad||||
3|1|1344|1111111111200|1|PICO DULCE CHUPETIN X 14 GR.|1.00|unidad| |500.00|500.00|1|unidad||||
3|1|1344|7790895641183|1|POWERADE FRUTAS TROPICALES PET X 500CC|1.00|unidad| |3300.00|3300.00|1|unidad||||
3|1|1344|7790895640018|1|POWERADE MANZANA PET X 500CC|1.00|unidad| |3300.00|3300.00|1|unidad||||
3|1|1344|7790895640025|1|POWERADE MOUNTAIN BLAST PET X 500CC|1.00|unidad| |3300.00|3300.00|1|unidad||||
3|1|1344|7791519200021|1|PRIME PRESERVATIVO ANATOMICO CAJA X 3 UNID.|1.00|unidad| |6000.00|6000.00|1|unidad||||
3|1|1344|7791519200076|1|PRIME PRESERVATIVO ESPERMICIDA CAJA X 3 UNID.|1.00|unidad| |6000.00|6000.00|1|unidad||||
3|1|1344|7791519000676|1|PRIME PRESERVATIVO EXTRA LUBRICADO CAJA X 3 UNID.|1.00|unidad| |6000.00|6000.00|1|unidad||||
3|1|1344|7791519200045|1|PRIME PRESERVATIVO SUPERFINO CAJA X 3 UNID.|1.00|unidad| |6000.00|6000.00|1|unidad||||
3|1|1344|7791519200090|1|PRIME PRESERVATIVO TACHAS CAJA X 3 UNID.|1.00|unidad| |6000.00|6000.00|1|unidad||||
3|1|1344|7791519200069|1|PRIME PRESERVATIVO TEXTURADO CAJA X 3 UNID.|1.00|unidad| |6000.00|6000.00|1|unidad||||
3|1|1344|7790742167101|1|Queso Finlandia Chef Cheddar 150gr PAQUETE INSUMO|1.00|unidad| |0.01|0.01|1|unidad||||
3|1|1344|0045011111111|1|RED BULL ENERGY DRINK LATA X 250 CC|1.00|unidad| |5000.00|5000.00|1|unidad||||
3|1|1344|0000090435225|1|RED BULL ENERGY DRINK LATA X 355 CC|1.00|unidad| |6200.00|6200.00|1|unidad||||
3|1|1344|9002490232054|1|RED BULL ENERGY DRINK SUGAR FREE LATA X 250CC|1.00|unidad| |5000.00|5000.00|1|unidad||||
3|1|1344|7790580327415|1|ROCKLETS CONFITES DE CHOCOLATE PAQ. X 40 GR|1.00|unidad| |2800.00|2800.00|1|unidad||||
3|1|1344|7790580327613|1|ROCKLETS NARANJA MANI C/CHOCOLATE CONFITADO X 40G|1.00|unidad| |2800.00|2800.00|1|unidad||||
3|1|1344|7798024760507|1|ROLL CHICKEN CAESAR X 210GR|1.00|unidad| |9600.00|9600.00|1|unidad||||
3|1|1344|0000000023605|0|SACRAMENTO MEMBRILLO X UN|1.00|unidad| |1500.00|1500.00|1|unidad||||
3|1|1344|7790580716806|1|SALADIX GALLETITAS SAB. CALABRESA CAJA X 100G|1.00|unidad| |2900.00|2900.00|1|unidad||||
3|1|1344|7790580716707|1|SALADIX GALLETITAS SAB. JAMON CAJA X 100G|1.00|unidad| |2900.00|2900.00|1|unidad||||
3|1|1344|7790580697303|1|SALADIX GALLETITAS SAB. PIZZA CAJA X 100G|1.00|unidad| |2900.00|2900.00|1|unidad||||
3|1|1344|7790040374607|1|SALADIX GALLETITAS SAB.DUO CAJA X 80G|1.00|unidad| |2900.00|2900.00|1|unidad||||
3|1|1344|7790040123434|1|SALADIX GALLETITAS SAB.KESITOS X80G|1.00|unidad| |2500.00|2500.00|1|unidad||||
3|1|1344|0000077956699|1|SHOT ALFAJOR TRISHOT TRIPLE X 60G|1.00|unidad| |2800.00|2800.00|1|unidad||||
3|1|1344|7622300424084|1|SHOT CHOCOLATE CON LECHE Y MANI TABLETA X 170 GR|1.00|unidad| |11900.00|11900.00|1|unidad||||
3|1|1344|0000077914217|1|SHOT CHOCOLATE LECHE CON MANI TABLETA X 35G|1.00|unidad| |2900.00|2900.00|1|unidad||||
3|1|1344|7798304841803|1|SIN PARAR CHOCOLATE DULCE DE LECHE X 90G|1.00|unidad| |2900.00|2900.00|1|unidad||||
3|1|1344|7798304841797|1|SIN PARAR DULCE DE LECHE Y AMERICANA X 90G|1.00|unidad| |2900.00|2900.00|1|unidad||||
3|1|1344|7798304841780|1|SIN PARAR FRUTILLA CREMA X 90G|1.00|unidad| |2900.00|2900.00|1|unidad||||
3|1|1344|0022000018465|1|SKITTLES CONFITES ORIGINAL FRUIT PAQ.X 61.5GR|1.00|unidad| |4500.00|4500.00|1|unidad||||
3|1|1344|0022000018489|1|SKITTLES CONFITES WILDBERRY PAQ.X 61.5GR|1.00|unidad| |4500.00|4500.00|1|unidad||||
3|1|1344|7790895646027|1|SMART WATER C/G 591 ML|1.00|unidad| |3300.00|3300.00|1|unidad||||
3|1|1344|7790895645778|1|SMART WATER S/G 591 ML|1.00|unidad| |3300.00|3300.00|1|unidad||||
3|1|1344|7506174512248|1|SNICKERS BARRA RELL.MANI CUB.C/CHOCOLATE X 48 GR|1.00|unidad| |4500.00|4500.00|1|unidad||||
3|1|1344|0522111111111|1|SPEED UNLIMITED LATA X 250CC|1.00|unidad| |3800.00|3800.00|1|unidad||||
3|1|1344|0040000000518|1|STARBURST CARAMELO MASTICABLE SURTIDO PAQ.X 58.7G|1.00|unidad| |4900.00|4900.00|1|unidad||||
3|1|1344|7790580060206|1|SUGUS CARAMELO MASTICABLE SUELTO X 3.3 GR|1.00|unidad| |50.00|50.00|1|unidad||||
3|1|1344|7790580056001|1|SUGUS CONFITADOS CONFITES DE CARAMELO SURT.X 50 G|1.00|unidad| |2000.00|2000.00|1|unidad||||
3|1|1344|7790387000849|1|TARAGUI MATE COCIDO X 25 UNID S ENS|1.00|unidad| |130.00|130.00|1|unidad||||
3|1|1344|0029601111111|1|TARAGUI MATE LISTO X 35 GR.|1.00|unidad| |3900.00|3900.00|1|unidad||||
3|1|1344|0029621111111|1|TARAGUI TERMO MATE-LISTO CAPACIDAD 500 CC.|1.00|unidad| |5800.00|5800.00|1|unidad||||
3|1|1344|7790387013627|1|TARAGUI YERBA 4FLEX X 500 GR.|1.00|unidad| |4400.00|4400.00|1|unidad||||
3|1|1344|0000077939234|1|TERRABUSI ALFAJOR CHOCOLATE X 50 GR|1.00|unidad| |1900.00|1900.00|1|unidad||||
3|1|1344|0000077903792|1|TERRABUSI ALFAJOR TRIPLE CHOCOLATE X 70G.|1.00|unidad| |2800.00|2800.00|1|unidad||||
3|1|1344|0000077903860|1|TERRABUSI ALFAJOR TRIPLE TIPO TORTA CHOCOLAT.X 70G|1.00|unidad| |2800.00|2800.00|1|unidad||||
3|1|1344|7622300335052|1|TERRABUSI SNACKY X 60GR|1.00|unidad| |4400.00|4400.00|1|unidad||||
3|1|1344|7861002910314|1|TIC TAC PASTILLAS SABOR MENTA CAJA X 16 GR.|1.00|unidad| |1500.00|1500.00|1|unidad||||
3|1|1344|7861002910321|1|TIC TAC PASTILLAS SABOR NARANJA CAJA X 16 GR.|1.00|unidad| |1500.00|1500.00|1|unidad||||
3|1|1344|7790580746612|1|TOFI CHOCOLATE C/LECHE RELLENO D.LECHE X 55G|1.00|unidad| |400.00|400.00|1|unidad||||
3|1|1344|7798024760354|1|TOP PBT DE JAMON COCIDO Y QUESO X UN|1.00|unidad| |8200.00|8200.00|1|unidad||||
3|1|1344|0000000019823|0|TOPLINE 7 CHICLE S/AZUCAR ATM STRONG X 14G|1.00|unidad| |1900.00|1900.00|1|unidad||||
3|1|1344|0000000018843|0|TOPLINE 7 CHICLE S/AZUCAR MANDARINA  CAJA X 14G|1.00|unidad| |1900.00|1900.00|1|unidad||||
3|1|1344|7790580120573|1|TOPLINE 7 ULTRA CLEAN X 24G|1.00|unidad| |3300.00|3300.00|1|unidad||||
3|1|1344|7790580120702|1|TOPLINE 7 ULTRA GREEN MINT X 24G|1.00|unidad| |3300.00|3300.00|1|unidad||||
3|1|1344|7790580121013|1|TOPLINE 7 ULTRA RED BERRY X 24G|1.00|unidad| |3300.00|3300.00|1|unidad||||
3|1|1344|7798304841421|1|TORPEDO FRUTILLA|1.00|unidad| |2000.00|2000.00|1|unidad||||
3|1|1344|7798304841414|1|TORPEDO LIMON|1.00|unidad| |2000.00|2000.00|1|unidad||||
3|1|1344|7798024760460|1|TRIPLE MIGA BLANCO J.COCIDO Y QUESO X 3 UN|1.00|unidad| |8700.00|8700.00|1|unidad||||
3|1|1344|7798024760477|1|TRIPLE MIGA NEGRO J.COCIDO Y QUESO X 3 UN|1.00|unidad| |8700.00|8700.00|1|unidad||||
3|1|1344|7622202839962|1|VARIEDAD GALLETITAS DULCES SURTIDAS X 390GR.|1.00|unidad|VARIEDAD|5500.00|5500.00|1|unidad||||
3|1|1344|0016871111111|1|VASO REUTILIZABLE|1.00|unidad| |4000.00|4000.00|1|unidad||||
3|1|1344|0000000004361|0|VAUQUITA TABLETA DE DULCE DE LECHE X 25 GR.|1.00|unidad| |180.00|180.00|1|unidad||||
3|1|1344|7790315100184|1|VDS LEVITE CERO AGUA S/G MANZANA PET X 500cc|1.00|unidad| |3100.00|3100.00|1|unidad||||
3|1|1344|0021352111111|1|VDS LEVITE CERO AGUA S/G NARANJA PET X 500cc|1.00|unidad| |3100.00|3100.00|1|unidad||||
3|1|1344|0021347111111|1|VILLA DEL SUR LEVITE S/G MANZANA PET X 500cc|1.00|unidad| |3100.00|3100.00|1|unidad||||
3|1|1344|7798062548655|1|VILLA DEL SUR LEVITE S/G NARANJA PET X 500cc|1.00|unidad| |3100.00|3100.00|1|unidad||||
3|1|1344|0021349111111|1|VILLA DEL SUR LEVITE S/G PERA PET X 500cc|1.00|unidad| |3100.00|3100.00|1|unidad||||
3|1|1344|7799155000982|1|VILLA DEL SUR LEVITE S/G POMELO PET X 500cc|1.00|unidad| |3100.00|3100.00|1|unidad||||
3|1|1344|7799155000210|1|VILLAVICENCIO AGUA FINAMENTE GASIFICADA PET X 1.5L|1.00|unidad| |4800.00|4800.00|1|unidad||||
3|1|1344|7799155000203|1|VILLAVICENCIO AGUA FINAMENTE GASIFICADA PET X 500C|1.00|unidad| |3300.00|3300.00|1|unidad||||
3|1|1344|0022000293220|1|Wrigleys Doubl 12.5g|1.00|unidad| |2500.00|2500.00|1|unidad||||
3|1|1344|0022000293305|1|Wrigleys Spear 12.5g|1.00|unidad| |2500.00|2500.00|1|unidad||||
3|1|1344|7791337010826|1|Yogurisimo Botellita Frutilla x 190g|1.00|unidad| |5500.00|5500.00|1|unidad||||
3|1|1344|7798187760246|1|ZAFRAN BARRA DE CEREAL ALM/COCO X 28G|1.00|unidad| |1800.00|1800.00|1|unidad||||
3|1|1344|7798187760277|1|ZAFRAN BARRA DE CEREAL CAJU/ZAPALLO 28G|1.00|unidad| |1800.00|1800.00|1|unidad||||
3|1|1344|7798187760253|1|ZAFRAN BARRA DE CEREAL MANI/CACAO 28G|1.00|unidad| |1800.00|1800.00|1|unidad||||
3|1|1344|7798187760260|1|ZAFRAN BARRA DE CEREAL MZNA/CHIA 28G|1.00|unidad| |1800.00|1800.00|1|unidad||||
3|1|1389|7791813434412|1|7UP FREE PET X 1.5L|1.00|unidad| |5200.00|5200.00|1|unidad||||
3|1|1389|0000000023897|0|AFEITADORA BIC COMFORT  3|1.00|unidad| |820.00|820.00|1|unidad||||
3|1|1389|7790580109882|1|AGUILA EXTRAFINO 60% CACAO X 150 GR|1.00|unidad| |16100.00|16100.00|1|unidad||||
3|1|1389|7790040133594|1|AGUILA MINITORTA BROWNIE X 72G|1.00|unidad| |3100.00|3100.00|1|unidad||||
3|1|1389|7790040298705|1|AGUILA MINITORTA DDLECHE/MOUSSE SAB.VAINILLA X 72G|1.00|unidad| |3100.00|3100.00|1|unidad||||
3|1|1389|0000000023956|0|ALFAJOR CHOCOLATE|1.00|unidad| |2350.00|2350.00|1|unidad||||
3|1|1389|0000000023280|0|ALFAJORES DE MAICENA|1.00|unidad| |2350.00|2350.00|1|unidad||||
3|1|1389|7790580607418|1|ARCOR CHOCOLATE BLANCO TABLETA X 25 GR|1.00|unidad| |2500.00|2500.00|1|unidad||||
3|1|1389|7790580607210|1|ARCOR CHOCOLATE CON LECHE TABLETA X 25GR|1.00|unidad| |2500.00|2500.00|1|unidad||||
3|1|1389|0000000001339|0|ARCOR OBLEA RELLENA C/PASTA DE TURRON Y MANI X 25G|1.00|unidad| |700.00|700.00|1|unidad||||
3|1|1389|7793360294600|1|BC JUGO MANZANA TETRA X 200CC|1.00|unidad| |1300.00|1300.00|1|unidad||||
3|1|1389|7793360246609|1|BC JUGO NARANJA TETRA X 200CC.|1.00|unidad| |1300.00|1300.00|1|unidad||||
3|1|1389|7790580154264|1|BEB MULTIFRUTA BC 24X200ML|1.00|unidad| |1300.00|1300.00|1|unidad||||
3|1|1389|7792730020559|1|BIZNIKKE NEVADO CHOCOLATE TABLETA X 120 GR.|1.00|unidad| |9200.00|9200.00|1|unidad||||
3|1|1389|7790580722708|1|BOMBON TOFI LECHE X 15G|1.00|unidad| |2100.00|2100.00|1|unidad||||
3|1|1389|7790040613607|1|Bon O Bon Alfajor Chocolate Blanco x40 gr|1.00|unidad| |2100.00|2100.00|1|unidad||||
3|1|1389|7790040613706|1|BON O BON ALFAJOR CHOCOLATE NEGRO/LECHE X 40G|1.00|unidad| |2100.00|2100.00|1|unidad||||
3|1|1389|0000000021586|0|BON-O-BON BOMBON AGUILA X 15G|1.00|unidad| |1100.00|1100.00|1|unidad||||
3|1|1389|7790580119058|1|BON-O-BON BOMBON CHOCOLATE BLANCO X 15G|1.00|unidad| |1100.00|1100.00|1|unidad||||
3|1|1389|0000000021587|0|BON-O-BON BOMBON CHOCOLINA X 15G|1.00|unidad| |1100.00|1100.00|1|unidad||||
3|1|1389|7792360072409|1|BONAFIDE BOCADITO DDL X 16G|1.00|unidad| |1800.00|1800.00|1|unidad||||
3|1|1389|0000000021151|0|BROWNIE ARTESANAL|1.00|unidad| |5850.00|5850.00|1|unidad||||
3|1|1389|0000000023273|0|BUDIN BANANA Y DDL|1.00|unidad| |5300.00|5300.00|1|unidad||||
3|1|1389|0000000021701|0|BUDIN DE FRUTOS SECOS|1.00|unidad| |5300.00|5300.00|1|unidad||||
3|1|1389|0000000021700|0|BUDIN DE LIMON Y ARANDANOS|1.00|unidad| |5300.00|5300.00|1|unidad||||
3|1|1389|7790407022011|1|CABSHA BOCADITO X 10G|1.00|unidad| |1000.00|1000.00|1|unidad||||
3|1|1389|7798128000271|1|CACHAFAZ ALFAJOR MOUSSE X 50G|1.00|unidad| |3400.00|3400.00|1|unidad||||
3|1|1389|7622201818739|1|CADBURY CHOCOLATE C/LECHE TRES SUEÑOS X 82G|1.00|unidad| |8200.00|8200.00|1|unidad||||
3|1|1389|7622201818654|1|CADBURY CHOCOLATE RELLENO YOGHURT FRUTILLA X 29G|1.00|unidad| |3500.00|3500.00|1|unidad||||
3|1|1389|7622202271250|1|Caram. Halls 12u Strong Nvo|1.00|unidad| |1350.00|1350.00|1|unidad||||
3|1|1389|7622202247286|1|Caram. Halls Cherry Nvo 28 Grs|1.00|unidad| |1350.00|1350.00|1|unidad||||
3|1|1389|7790895649301|1|CEPITA 20% NARANJA 200ML|1.00|unidad| |2200.00|2200.00|1|unidad||||
3|1|1389|7790895009853|1|CEPITA JUGO MANZANA BOTELLA X 1L|1.00|unidad| |6100.00|6100.00|1|unidad||||
3|1|1389|7790895000720|1|CEPITA JUGO MANZANA TETRA X 200CC.|1.00|unidad| |2200.00|2200.00|1|unidad||||
3|1|1389|7790895647017|1|CEPITA JUGO MANZANA ZINC TETRA X 1 LT.|1.00|unidad| |4450.00|4450.00|1|unidad||||
3|1|1389|7790895000737|1|CEPITA JUGO MULTIFRUTA TETRA X 200CC|1.00|unidad| |2200.00|2200.00|1|unidad||||
3|1|1389|7790895647123|1|CEPITA JUGO MULTIFRUTA ZINC TETRA X 1 LT.|1.00|unidad| |4450.00|4450.00|1|unidad||||
3|1|1389|7790895648267|1|CEPITA NARANJA 20% 1L|1.00|unidad| |4450.00|4450.00|1|unidad||||
3|1|1389|7790895009815|1|CEPITA NARANJA 995CC|1.00|unidad| |6100.00|6100.00|1|unidad||||
3|1|1389|0000000022630|0|CEREAL MIX BARRA DE CEREAL C/FRUTILLA&YOGHURT X26G|1.00|unidad| |2000.00|2000.00|1|unidad||||
3|1|1389|0000000001341|0|CEREAL MIX BARRA DE CEREAL X 23G|1.00|unidad| |2000.00|2000.00|1|unidad||||
3|1|1389|0000000022631|0|CEREAL MIX BARRA DE CEREAL YOGH/FRUTIL.L.X26g|1.00|unidad| |2000.00|2000.00|1|unidad||||
3|1|1389|7790580123345|1|CH. TL7 MENTHOL 20X16X14G|1.00|unidad| |2300.00|2300.00|1|unidad||||
3|1|1389|0000000019822|0|CH. TL7 VIBR. STRAW. 20X16X14G|1.00|unidad| |2300.00|2300.00|1|unidad||||
3|1|1389|7790580104252|1|CH. TL7 VIOL. CHERRY 20X16X14G|1.00|unidad| |2300.00|2300.00|1|unidad||||
3|1|1389|7790580317607|1|CH. TL7 XPLOS. MINT 20X16X14G|1.00|unidad| |2300.00|2300.00|1|unidad||||
3|1|1389|8445290701961|1|Choc Bananita Dolca 30 grs|1.00|unidad| |2400.00|2400.00|1|unidad||||
3|1|1389|8445290701596|1|Choc. Bananita Dolca 14grs|1.00|unidad| |1400.00|1400.00|1|unidad||||
3|1|1389|7622202328947|1|Choc. Milka 55g Leche NVO|1.00|unidad| |6400.00|6400.00|1|unidad||||
3|1|1389|7790070418296|1|Chocoarroz Blanco est. 22g|1.00|unidad| |2000.00|2000.00|1|unidad||||
3|1|1389|7790070418203|1|Chocoarroz DL 22 gr|1.00|unidad| |2000.00|2000.00|1|unidad||||
3|1|1389|7790580103521|1|CHOCOLATE LECHE CON CONFITES COFLER X 55 G|1.00|unidad| |6200.00|6200.00|1|unidad||||
3|1|1389|7798304840851|1|CHOMPAlmedC/SsaDDL6x180g|1.00|unidad| |10700.00|10700.00|1|unidad||||
3|1|1389|7798130953640|1|CHUPETIN COCO POP X 17 G|1.00|unidad| |3600.00|3600.00|1|unidad||||
3|1|1389|7798130954777|1|CHUPETIN EMOTI POP 11GR|1.00|unidad| |3600.00|3600.00|1|unidad||||
3|1|1389|0000000023604|0|CIRCULAR MEMBRILLO X UN|1.00|unidad| |1700.00|1700.00|1|unidad||||
3|1|1389|7798085680516|1|CITRIC JUGO NARANJA MANGO TETRA X 500CC|1.00|unidad| |3850.00|3850.00|1|unidad||||
3|1|1389|7798085681834|1|CITRIC JUGO NARANJA TETRA X 1L|1.00|unidad| |5750.00|5750.00|1|unidad||||
3|1|1389|7798085681445|1|CITRIC JUGO NARANJA TETRA X 250CC|1.00|unidad| |2200.00|2200.00|1|unidad||||
3|1|1389|7798085681452|1|CITRIC JUGO NARANJA TETRA X 500CC|1.00|unidad| |3850.00|3850.00|1|unidad||||
3|1|1389|7798085680295|1|CITRIC JUGO NARANJA/ DURAZNO TETRA X 500CC|1.00|unidad| |3850.00|3850.00|1|unidad||||
3|1|1389|7790895000997|1|COCA-COLA X 2.25L|1.00|unidad| |8950.00|8950.00|1|unidad||||
3|1|1389|7790040659605|1|COFLER BLOCK ALFAJOR CHOCOLATE X 60 G|1.00|unidad| |3100.00|3100.00|1|unidad||||
3|1|1389|0000000018365|0|COFLER BLOCK CHOCOLATE C/LECHE Y MANI TAB.X 110GR|1.00|unidad| |8300.00|8300.00|1|unidad||||
3|1|1389|0000000015301|0|COFLER BLOCK CHOCOLATE C/LECHE Y MANI TAB.X 38GR|1.00|unidad| |3400.00|3400.00|1|unidad||||
3|1|1389|7790580105013|1|COFLER BLOCK CHOCOLATE X 170G|1.00|unidad| |14000.00|14000.00|1|unidad||||
3|1|1389|7790580115579|1|COFLER BLOCK CHOCOLATE X 1KG|1.00|unidad| |66200.00|66200.00|1|unidad||||
3|1|1389|7790580103385|1|COFLER CHOCOLATE AIREADO BCO/LECHE X 27 GR.|1.00|unidad| |3600.00|3600.00|1|unidad||||
3|1|1389|7790580103378|1|COFLER CHOCOLATE AIREADO BLANCO X 27 GR.|1.00|unidad| |3600.00|3600.00|1|unidad||||
3|1|1389|7790580115869|1|COFLER CHOCOLATE AIREADO BON O BON X 67G|1.00|unidad| |7000.00|7000.00|1|unidad||||
3|1|1389|7790580103361|1|COFLER CHOCOLATE AIREADO LECHE X 27 GR.|1.00|unidad| |3600.00|3600.00|1|unidad||||
3|1|1389|7790580043407|1|COFLER CHOCOLATE AIREADO LECHE X 55G|1.00|unidad| |7100.00|7100.00|1|unidad||||
3|1|1389|7790580003531|1|COFLER CHOCOLATE BCO&COOK X 55G|1.00|unidad| |6200.00|6200.00|1|unidad||||
3|1|1389|7790580043506|1|COFLER CHOCOLATE LECHE CON ALMENDRAS X 55G|1.00|unidad| |6200.00|6200.00|1|unidad||||
3|1|1389|0000000024109|0|CRIOLLITO X UN|1.00|unidad| |1700.00|1700.00|1|unidad||||
3|1|1389|0000000023957|0|CROISSANT J Y Q|1.00|unidad| |6400.00|6400.00|1|unidad||||
3|1|1389|7798024760798|1|CROQUE MONSIEUR J Y Q BLANCO X UN|1.00|unidad| |10100.00|10100.00|1|unidad||||
3|1|1389|7798024760804|1|CROQUE MONSIEUR J Y Q NEGRO X UN|1.00|unidad| |10100.00|10100.00|1|unidad||||
3|1|1389|0000000020568|0|CUADRADO DE PASTA FROLA|1.00|unidad| |5300.00|5300.00|1|unidad||||
3|1|1389|7795735000106|1|DON SATUR TALITAS X 140GR|1.00|unidad| |2800.00|2800.00|1|unidad||||
3|1|1389|7790206007509|1|DOS CORAZONES BOCADITO CHOC.C/LECHE RELL. X 26GR|1.00|unidad| |2200.00|2200.00|1|unidad||||
3|1|1389|7792799000035|1|ECO DE LOS ANDES AGUA CON GAS PET X 500CC.|1.00|unidad| |3300.00|3300.00|1|unidad||||
3|1|1389|7798128000486|1|EL CACHAFAZ ALFAJOR BLANCO FLOWPACK X 60 GR|1.00|unidad| |3300.00|3300.00|1|unidad||||
3|1|1389|7798128000462|1|EL CACHAFAZ ALFAJOR CHOCOLATE FLOWPACK X 60 GR|1.00|unidad| |3200.00|3200.00|1|unidad||||
3|1|1389|7798128001940|1|EL CACHAFAZ ALFAJOR DE MAICENA X 76G|1.00|unidad| |3300.00|3300.00|1|unidad||||
3|1|1389|7798128001797|1|EL CACHAFAZ CONITO DULCE DE LECHE X 38G|1.00|unidad| |2700.00|2700.00|1|unidad||||
3|1|1389|7798024760569|1|ENSALADA CESAR  PREMIUM X UN|1.00|unidad| |14300.00|14300.00|1|unidad||||
3|1|1389|7798024760392|1|ENSALADA CHEF PREMIUM X UN|1.00|unidad| |14300.00|14300.00|1|unidad||||
3|1|1389|7798024766417|1|ENSALADA MIX VEG.C/PECHUGUITAS AL SESAMO X UN|1.00|unidad| |14300.00|14300.00|1|unidad||||
3|1|1389|7613035242524|1|EPA DDL MAX 88GR|1.00|unidad| |6800.00|6800.00|1|unidad||||
3|1|1389|7613035242500|1|EPA ROCKER X 88G|1.00|unidad| |6800.00|6800.00|1|unidad||||
3|1|1389|7898024390121|1|FERRERO ROCHER BOMBON CHOC.RELL.PAQ.3 UNID X 37.5G|1.00|unidad| |5600.00|5600.00|1|unidad||||
3|1|1389|7798024760255|1|FIGAZZITAS DE SALAME Y QUESO X 2 UN|1.00|unidad| |9100.00|9100.00|1|unidad||||
3|1|1389|7798147780062|1|Franui sabor Black 150gr|1.00|unidad| |8500.00|8500.00|1|unidad||||
3|1|1389|7798147783223|1|Franui sabor Leche 150gr|1.00|unidad| |8500.00|8500.00|1|unidad||||
3|1|1389|7790070431936|1|Gallo YoguBar 20gr|1.00|unidad| |1800.00|1800.00|1|unidad||||
3|1|1389|0067061111111|1|GATORADE COOL BLUE PET X 500CC|1.00|unidad| |4300.00|4300.00|1|unidad||||
3|1|1389|0071971211111|1|GATORADE FRUTOS TROPICALES PET X 750CC|1.00|unidad| |5200.00|5200.00|1|unidad||||
3|1|1389|0066011111111|1|GATORADE MANZANA PET X 500CC|1.00|unidad| |4300.00|4300.00|1|unidad||||
3|1|1389|0042831111111|1|GATORADE MANZANA PET X 750CC|1.00|unidad| |5100.00|5100.00|1|unidad||||
3|1|1389|0006602111111|1|GATORADE NARANJA PET X 500CC|1.00|unidad| |4300.00|4300.00|1|unidad||||
3|1|1389|7798024766103|1|GRANDWICH PANINI GRIGLIATTI JAM/QUE/TOM/HUE X 210G|1.00|unidad| |7350.00|7350.00|1|unidad||||
3|1|1389|0000000023445|0|HALLS FREE MENTA X 28 G|1.00|unidad| |1500.00|1500.00|1|unidad||||
3|1|1389|7791249450277|1|HALLS MENTA LYPTUS CARAMELOS DUROS PAQ.X 28G|1.00|unidad| |1300.00|1300.00|1|unidad||||
3|1|1389|0000000023603|0|ICEDREAM CIRCULAR PASTELERA X UN|1.00|unidad| |1700.00|1700.00|1|unidad||||
3|1|1389|0028411111111|1|JORGITO ALFAJOR BLANCO X 50G|1.00|unidad| |1800.00|1800.00|1|unidad||||
3|1|1389|0011111112842|1|JORGITO ALFAJOR CHOCOLATE X 55G|1.00|unidad| |1800.00|1800.00|1|unidad||||
3|1|1389|7790957000545|1|JORGITO MINI ALFAJOR CHOCOLATE PAQ.X 6 UNID.|1.00|unidad| |4900.00|4900.00|1|unidad||||
3|1|1389|7790957000538|1|JORGITO MINI ALFAJOR GLACEADO PAQ.X 6 UNID.X 155GR|1.00|unidad| |4900.00|4900.00|1|unidad||||
3|1|1389|0000080052760|1|KINDER BUENO OBLEA CHOCOLATE CON LECHE X 43G|1.00|unidad| |4900.00|4900.00|1|unidad||||
3|1|1389|0000077949677|1|KINDER CHOCOLATE X 50G|1.00|unidad| |5700.00|5700.00|1|unidad||||
3|1|1389|7891000379073|1|KIT KAT DARK OBLEA BAÑADA CHOCOLATE X 41.5G|1.00|unidad| |3000.00|3000.00|1|unidad||||
3|1|1389|7891000379028|1|KIT KAT OBLEA BAÑADA CHOCOLATE BLANCO X 41.5G|1.00|unidad| |3000.00|3000.00|1|unidad||||
3|1|1389|7791337007260|1|Leche chocolatada Cindor 200ml|1.00|unidad| |3800.00|3800.00|1|unidad||||
3|1|1389|7791337007253|1|Leche chocolatada Cindor x 1L|1.00|unidad| |11500.00|11500.00|1|unidad||||
3|1|1389|7798368470391|1|LUCCIANO´S CHANTILLY X 100GR (02)|1.00|unidad| |7400.00|7400.00|1|unidad||||
3|1|1389|7798368470384|1|LUCCIANO´S CHOCOLATE C/CROCANTE X 100GR (01)|1.00|unidad| |7400.00|7400.00|1|unidad||||
3|1|1389|7798368470421|1|LUCCIANO´S CHOCOLATE X 90GR (05)|1.00|unidad| |7400.00|7400.00|1|unidad||||
3|1|1389|7798368470438|1|LUCCIANO´S DDL C/ CROCANTE X 90GR (06)|1.00|unidad| |7400.00|7400.00|1|unidad||||
3|1|1389|0000000024240|0|LUCCIANO´S DDL X 90GR (03)|1.00|unidad| |6000.00|6000.00|1|unidad||||
3|1|1389|7798368470476|1|LUCCIANO´S MINION ICE POP X 100GR (10)|1.00|unidad| |7900.00|7900.00|1|unidad||||
3|1|1389|7798368470469|1|LUCCIANO´S OLI KING X 90GR (09)|1.00|unidad| |7800.00|7800.00|1|unidad||||
3|1|1389|7798368470735|1|LUCCIANO´S PISTACCHIO X 95GR (08)|1.00|unidad| |7800.00|7800.00|1|unidad||||
3|1|1389|7798368470414|1|LUCCIANO´S SORBETE PATAGONIA X 90GR (04)|1.00|unidad| |7400.00|7400.00|1|unidad||||
3|1|1389|7613034797469|1|LUXOR BOMBON HELADO 53G|1.00|unidad| |3100.00|3100.00|1|unidad||||
3|1|1389|7797453001441|1|M&M Chocolate 48 Grs|1.00|unidad| |5000.00|5000.00|1|unidad||||
3|1|1389|7797453001458|1|M&M MANI PAQ. X 49 GR|1.00|unidad| |5000.00|5000.00|1|unidad||||
3|1|1389|7790387015324|1|MAÑANITA YERBA 4FLEX X 500 GR|1.00|unidad| |4600.00|4600.00|1|unidad||||
3|1|1389|7790206006106|1|MARROC BOCADITO X 14 GR.|1.00|unidad| |1250.00|1250.00|1|unidad||||
3|1|1389|7798024760125|1|MAX PREMIUM JyQ-TOM-HUE- PAN NGO X UN|1.00|unidad| |10600.00|10600.00|1|unidad||||
3|1|1389|7798024766172|1|MAX PREMIUM POLLO-RU-PAR-PAN NGO X UN|1.00|unidad| |10600.00|10600.00|1|unidad||||
3|1|1389|7798024760552|1|MAX TRIANGULO LIGHT POLLO-LEC-PAN NGO X UN|1.00|unidad| |10600.00|10600.00|1|unidad||||
3|1|1389|0000000023602|0|MEDIALUNA DE GRASA X UN|1.00|unidad| |1700.00|1700.00|1|unidad||||
3|1|1389|0000000023601|0|MEDIALUNA DE MANTECA X UN|1.00|unidad| |1700.00|1700.00|1|unidad||||
3|1|1389|7891000120057|1|MEGA AMERICANA CON ALMENDRAS X 74g|1.00|unidad| |7600.00|7600.00|1|unidad||||
3|1|1389|0000000020546|0|MENTHO-PLUS ACIDOS CEREZA X 27.2G|1.00|unidad| |1900.00|1900.00|1|unidad||||
3|1|1389|0000000020540|0|MENTHO-PLUS ACIDOS NARANJA X 27.2G|1.00|unidad| |1900.00|1900.00|1|unidad||||
3|1|1389|0000000021660|0|MENTHO-PLUS CARAMELOS INHALANTES DE CEREZA X 29.4G|1.00|unidad| |1000.00|1000.00|1|unidad||||
3|1|1389|0000000021663|0|MENTHO-PLUS CARAMELOS INHALANTES MIEL X 29.4G|1.00|unidad| |1000.00|1000.00|1|unidad||||
3|1|1389|0000000021661|0|MENTHO-PLUS CARAMELOS INHALANTES STRONG X 29.4G|1.00|unidad| |1000.00|1000.00|1|unidad||||
3|1|1389|0000000017476|0|MENTHO-PLUS CARAMELOS SIN AZUCAR CHERRY X 27.3G|1.00|unidad| |1900.00|1900.00|1|unidad||||
3|1|1389|0000000017474|0|MENTHO-PLUS CARAMELOS SIN AZUCAR MENTOL X 27.3G|1.00|unidad| |1900.00|1900.00|1|unidad||||
3|1|1389|0000000021664|0|MENTHOPLUS MENTA X 29.4G|1.00|unidad| |1000.00|1000.00|1|unidad||||
3|1|1389|0000000021662|0|MENTHOPLUS MENTOL X 29.4G|1.00|unidad| |1000.00|1000.00|1|unidad||||
3|1|1389|0000000021044|0|MENTHOPLUS ZERO CARAMELOS DURAZNO X 26.6G|1.00|unidad| |1900.00|1900.00|1|unidad||||
3|1|1389|0000000021047|0|MENTHOPLUS ZERO CARAMELOS STRONG X 26.6G|1.00|unidad| |1900.00|1900.00|1|unidad||||
3|1|1389|7895144699851|1|MENTOS CARAMELOS MASTICABLES SAB.FRUTA X 29.7GR|1.00|unidad| |1300.00|1300.00|1|unidad||||
3|1|1389|7895144699844|1|MENTOS CARAMELOS MASTICABLES SAB.MENTA X 29.7GR|1.00|unidad| |1300.00|1300.00|1|unidad||||
3|1|1389|0000000021770|0|MERMELADAS X UNIDAD|1.00|unidad| |60.00|60.00|1|unidad||||
3|1|1389|0000077903785|1|MILKA ALFAJOR MOUSSE TRIPLE X 55 GR.|1.00|unidad| |3000.00|3000.00|1|unidad||||
3|1|1389|7622300457303|1|MILKA ALFAJOR TRIPLE BLANCO X 55G|1.00|unidad| |3000.00|3000.00|1|unidad||||
3|1|1389|7622300844967|1|MILKA CHOCOLATE BLANCO CON DULCE DE LECHE X 67.5G|1.00|unidad| |7200.00|7200.00|1|unidad||||
3|1|1389|7622300844943|1|MILKA CHOCOLATE C DULCE DE LECHE X 67.5G|1.00|unidad| |7400.00|7400.00|1|unidad||||
3|1|1389|0000000021565|0|MILKA CHOCOLATE C/LECHE ALMENDRAS|1.00|unidad| |3510.00|3510.00|1|unidad||||
3|1|1389|7622300990114|1|MILKA CHOCOLATE CON LECHE X 150G|1.00|unidad| |14100.00|14100.00|1|unidad||||
3|1|1389|7622201818937|1|MILKA LEGER CHOCOLATE LECHE TABLETA X 50G|1.00|unidad| |6100.00|6100.00|1|unidad||||
3|1|1389|7790580116958|1|MOGUL CARAMELO DE GOMA DINOS X 30G|1.00|unidad| |850.00|850.00|1|unidad||||
3|1|1389|7790580129507|1|MOGUL CARAMELOS DE GOMA ACIDOS BOLSA X 60G|1.00|unidad| |1400.00|1400.00|1|unidad||||
3|1|1389|7790580169312|1|MOGUL CARAMELOS DE GOMA CEREBRITOS X 30G|1.00|unidad| |1200.00|1200.00|1|unidad||||
3|1|1389|7790580116460|1|MOGUL CARAMELOS DE GOMA EXTREME ACIDO ROLLO X 35G|1.00|unidad| |1200.00|1200.00|1|unidad||||
3|1|1389|7790580603809|1|MOGUL CARAMELOS DE GOMA FRUTALES ROLLO X 35G|1.00|unidad| |1200.00|1200.00|1|unidad||||
3|1|1389|7790580199913|1|MOGUL CARAMELOS DE GOMA OSITOS X 30 GR|1.00|unidad| |1200.00|1200.00|1|unidad||||
3|1|1389|7790580200114|1|MOGUL CARAMELOS DE GOMA TIBURON X 30G|1.00|unidad| |1200.00|1200.00|1|unidad||||
3|1|1389|7798422620014|1|MONSTER ENERGY GREEN X 473CC|1.00|unidad| |5500.00|5500.00|1|unidad||||
3|1|1389|7798422620045|1|MONSTER MANGO LOCO 473|1.00|unidad| |5500.00|5500.00|1|unidad||||
3|1|1389|7798422620021|1|MONSTER ULTRA x 473 CC|1.00|unidad| |5500.00|5500.00|1|unidad||||
3|1|1389|1111111111142|1|MUFFIN CHIPS CHOC X UN|1.00|unidad| |4300.00|4300.00|1|unidad||||
3|1|1389|1111111111145|1|MUFFIN VAINILLA C/DDL X UN|1.00|unidad| |4300.00|4300.00|1|unidad||||
3|1|1389|7798304841261|1|NESQUIK NUTRIACTIV B HEL.CHOCOLATE CON CALCIN-N|1.00|unidad| |1900.00|1900.00|1|unidad||||
3|1|1389|7622210723468|1|OREO GALLETITAS BAÑADAS CHOCOLATE x17gr|1.00|unidad| |210.00|210.00|1|unidad||||
3|1|1389|7899975800523|1|Oreo Palito AR 20 x 65g|1.00|unidad| |6800.00|6800.00|1|unidad||||
3|1|1389|7899975800509|1|OREO SANDWICH AR 81GR|1.00|unidad| |6800.00|6800.00|1|unidad||||
3|1|1389|7798304841124|1|OREO TACITA X 95G|1.00|unidad| |6800.00|6800.00|1|unidad||||
3|1|1389|0000000024088|0|PAN DE CHOCOLATE X UN|1.00|unidad| |4300.00|4300.00|1|unidad||||
3|1|1389|7798024766110|1|PANINI GRIGLIATTI DE PECETO X 210G|1.00|unidad| |7350.00|7350.00|1|unidad||||
3|1|1389|7791007000764|1|PAÑUELOS DESCARTABLES CAJA X 75 UNID|1.00|unidad| |3600.00|3600.00|1|unidad||||
3|1|1389|7791070003482|1|PAÑUELOS DESCARTABLES X UNID|1.00|unidad| |700.00|700.00|1|unidad||||
3|1|1389|7798024760781|1|PEBETE PECHUGA CRISPY X UN|1.00|unidad| |10200.00|10200.00|1|unidad||||
3|1|1389|7798024760361|1|PECHUGA GRILLE C/VEGETAL DEL HUERTO X UN|1.00|unidad| |12700.00|12700.00|1|unidad||||
3|1|1389|0000077915481|1|PEPITOS ALFAJOR TRIPLE DE CHOCOLATE X 57GR|1.00|unidad| |3000.00|3000.00|1|unidad||||
3|1|1389|7791813828365|1|PEPSI BLACK PET X 500CC|1.00|unidad| |3450.00|3450.00|1|unidad||||
3|1|1389|1111111111200|1|PICO DULCE CHUPETIN X 14 GR.|1.00|unidad| |500.00|500.00|1|unidad||||
3|1|1389|7790895641183|1|POWERADE FRUTAS TROPICALES PET X 500CC|1.00|unidad| |3500.00|3500.00|1|unidad||||
3|1|1389|7790895640018|1|POWERADE MANZANA PET X 500CC|1.00|unidad| |3500.00|3500.00|1|unidad||||
3|1|1389|7790895640025|1|POWERADE MOUNTAIN BLAST PET X 500CC|1.00|unidad| |3500.00|3500.00|1|unidad||||
3|1|1389|7791519200021|1|PRIME PRESERVATIVO ANATOMICO CAJA X 3 UNID.|1.00|unidad| |6300.00|6300.00|1|unidad||||
3|1|1389|7791519200076|1|PRIME PRESERVATIVO ESPERMICIDA CAJA X 3 UNID.|1.00|unidad| |6300.00|6300.00|1|unidad||||
3|1|1389|7791519000676|1|PRIME PRESERVATIVO EXTRA LUBRICADO CAJA X 3 UNID.|1.00|unidad| |6300.00|6300.00|1|unidad||||
3|1|1389|7791519200045|1|PRIME PRESERVATIVO SUPERFINO CAJA X 3 UNID.|1.00|unidad| |6300.00|6300.00|1|unidad||||
3|1|1389|7791519200090|1|PRIME PRESERVATIVO TACHAS CAJA X 3 UNID.|1.00|unidad| |6300.00|6300.00|1|unidad||||
3|1|1389|7791519200069|1|PRIME PRESERVATIVO TEXTURADO CAJA X 3 UNID.|1.00|unidad| |6300.00|6300.00|1|unidad||||
3|1|1389|7790742167101|1|Queso Finlandia Chef Cheddar 150gr PAQUETE INSUMO|1.00|unidad| |685.00|685.00|1|unidad||||
3|1|1389|0045011111111|1|RED BULL ENERGY DRINK LATA X 250 CC|1.00|unidad| |5500.00|5500.00|1|unidad||||
3|1|1389|0000090435225|1|RED BULL ENERGY DRINK LATA X 355 CC|1.00|unidad| |6900.00|6900.00|1|unidad||||
3|1|1389|9002490232054|1|RED BULL ENERGY DRINK SUGAR FREE LATA X 250CC|1.00|unidad| |5500.00|5500.00|1|unidad||||
3|1|1389|7790580327415|1|ROCKLETS CONFITES DE CHOCOLATE PAQ. X 40 GR|1.00|unidad| |3100.00|3100.00|1|unidad||||
3|1|1389|7790580327613|1|ROCKLETS NARANJA MANI C/CHOCOLATE CONFITADO X 40G|1.00|unidad| |3100.00|3100.00|1|unidad||||
3|1|1389|7798024760507|1|ROLL CHICKEN CAESAR X 210GR|1.00|unidad| |10600.00|10600.00|1|unidad||||
3|1|1389|0000000023605|0|SACRAMENTO MEMBRILLO X UN|1.00|unidad| |1700.00|1700.00|1|unidad||||
3|1|1389|7790580716806|1|SALADIX GALLETITAS SAB. CALABRESA CAJA X 100G|1.00|unidad| |3200.00|3200.00|1|unidad||||
3|1|1389|7790580716707|1|SALADIX GALLETITAS SAB. JAMON CAJA X 100G|1.00|unidad| |3200.00|3200.00|1|unidad||||
3|1|1389|7790580697303|1|SALADIX GALLETITAS SAB. PIZZA CAJA X 100G|1.00|unidad| |3200.00|3200.00|1|unidad||||
3|1|1389|7790040374607|1|SALADIX GALLETITAS SAB.DUO CAJA X 80G|1.00|unidad| |3200.00|3200.00|1|unidad||||
3|1|1389|7790040123434|1|SALADIX GALLETITAS SAB.KESITOS X80G|1.00|unidad| |2700.00|2700.00|1|unidad||||
3|1|1389|0000077956699|1|SHOT ALFAJOR TRISHOT TRIPLE X 60G|1.00|unidad| |3000.00|3000.00|1|unidad||||
3|1|1389|7622300424084|1|SHOT CHOCOLATE CON LECHE Y MANI TABLETA X 170 GR|1.00|unidad| |12500.00|12500.00|1|unidad||||
3|1|1389|0000077914217|1|SHOT CHOCOLATE LECHE CON MANI TABLETA X 35G|1.00|unidad| |3000.00|3000.00|1|unidad||||
3|1|1389|7798304841803|1|SIN PARAR CHOCOLATE DULCE DE LECHE X 90G|1.00|unidad| |3000.00|3000.00|1|unidad||||
3|1|1389|7798304841797|1|SIN PARAR DULCE DE LECHE Y AMERICANA X 90G|1.00|unidad| |3000.00|3000.00|1|unidad||||
3|1|1389|7798304841780|1|SIN PARAR FRUTILLA CREMA X 90G|1.00|unidad| |3000.00|3000.00|1|unidad||||
3|1|1389|0022000018465|1|SKITTLES CONFITES ORIGINAL FRUIT PAQ.X 61.5GR|1.00|unidad| |4700.00|4700.00|1|unidad||||
3|1|1389|0022000018489|1|SKITTLES CONFITES WILDBERRY PAQ.X 61.5GR|1.00|unidad| |4700.00|4700.00|1|unidad||||
3|1|1389|7790895646027|1|SMART WATER C/G 591 ML|1.00|unidad| |3500.00|3500.00|1|unidad||||
3|1|1389|7790895645778|1|SMART WATER S/G 591 ML|1.00|unidad| |3500.00|3500.00|1|unidad||||
3|1|1389|7506174512248|1|SNICKERS BARRA RELL.MANI CUB.C/CHOCOLATE X 48 GR|1.00|unidad| |4700.00|4700.00|1|unidad||||
3|1|1389|0522111111111|1|SPEED UNLIMITED LATA X 250CC|1.00|unidad| |4200.00|4200.00|1|unidad||||
3|1|1389|0040000000518|1|STARBURST CARAMELO MASTICABLE SURTIDO PAQ.X 58.7G|1.00|unidad| |5100.00|5100.00|1|unidad||||
3|1|1389|7790580060206|1|SUGUS CARAMELO MASTICABLE SUELTO X 3.3 GR|1.00|unidad| |50.00|50.00|1|unidad||||
3|1|1389|7790580056001|1|SUGUS CONFITADOS CONFITES DE CARAMELO SURT.X 50 G|1.00|unidad| |2000.00|2000.00|1|unidad||||
3|1|1389|7790387000849|1|TARAGUI MATE COCIDO X 25 UNID S ENS|1.00|unidad| |135.00|135.00|1|unidad||||
3|1|1389|0029601111111|1|TARAGUI MATE LISTO X 35 GR.|1.00|unidad| |4000.00|4000.00|1|unidad||||
3|1|1389|0029621111111|1|TARAGUI TERMO MATE-LISTO CAPACIDAD 500 CC.|1.00|unidad| |5900.00|5900.00|1|unidad||||
3|1|1389|7790387013627|1|TARAGUI YERBA 4FLEX X 500 GR.|1.00|unidad| |4600.00|4600.00|1|unidad||||
3|1|1389|0000077939234|1|TERRABUSI ALFAJOR CHOCOLATE X 50 GR|1.00|unidad| |2000.00|2000.00|1|unidad||||
3|1|1389|0000077903792|1|TERRABUSI ALFAJOR TRIPLE CHOCOLATE X 70G.|1.00|unidad| |3000.00|3000.00|1|unidad||||
3|1|1389|0000077903860|1|TERRABUSI ALFAJOR TRIPLE TIPO TORTA CHOCOLAT.X 70G|1.00|unidad| |3000.00|3000.00|1|unidad||||
3|1|1389|7622300335052|1|TERRABUSI SNACKY X 60GR|1.00|unidad| |4600.00|4600.00|1|unidad||||
3|1|1389|7861002910314|1|TIC TAC PASTILLAS SABOR MENTA CAJA X 16 GR.|1.00|unidad| |1600.00|1600.00|1|unidad||||
3|1|1389|7861002910321|1|TIC TAC PASTILLAS SABOR NARANJA CAJA X 16 GR.|1.00|unidad| |1600.00|1600.00|1|unidad||||
3|1|1389|7790580746612|1|TOFI CHOCOLATE C/LECHE RELLENO D.LECHE X 55G|1.00|unidad| |420.00|420.00|1|unidad||||
3|1|1389|7798024760354|1|TOP PBT DE JAMON COCIDO Y QUESO X UN|1.00|unidad| |9100.00|9100.00|1|unidad||||
3|1|1389|0000000019823|0|TOPLINE 7 CHICLE S/AZUCAR ATM STRONG X 14G|1.00|unidad| |2300.00|2300.00|1|unidad||||
3|1|1389|0000000018843|0|TOPLINE 7 CHICLE S/AZUCAR MANDARINA  CAJA X 14G|1.00|unidad| |2300.00|2300.00|1|unidad||||
3|1|1389|7790580120573|1|TOPLINE 7 ULTRA CLEAN X 24G|1.00|unidad| |3600.00|3600.00|1|unidad||||
3|1|1389|7790580120702|1|TOPLINE 7 ULTRA GREEN MINT X 24G|1.00|unidad| |3600.00|3600.00|1|unidad||||
3|1|1389|7790580121013|1|TOPLINE 7 ULTRA RED BERRY X 24G|1.00|unidad| |3600.00|3600.00|1|unidad||||
3|1|1389|7798304841421|1|TORPEDO FRUTILLA|1.00|unidad| |2100.00|2100.00|1|unidad||||
3|1|1389|7798304841414|1|TORPEDO LIMON|1.00|unidad| |2100.00|2100.00|1|unidad||||
3|1|1389|7798024760460|1|TRIPLE MIGA BLANCO J.COCIDO Y QUESO X 3 UN|1.00|unidad| |9600.00|9600.00|1|unidad||||
3|1|1389|7798024760477|1|TRIPLE MIGA NEGRO J.COCIDO Y QUESO X 3 UN|1.00|unidad| |9600.00|9600.00|1|unidad||||
3|1|1389|7622202839962|1|VARIEDAD GALLETITAS DULCES SURTIDAS X 390GR.|1.00|unidad|VARIEDAD|5800.00|5800.00|1|unidad||||
3|1|1389|0016871111111|1|VASO REUTILIZABLE|1.00|unidad| |4500.00|4500.00|1|unidad||||
3|1|1389|0000000004361|0|VAUQUITA TABLETA DE DULCE DE LECHE X 25 GR.|1.00|unidad| |190.00|190.00|1|unidad||||
3|1|1389|7790315100184|1|VDS LEVITE CERO AGUA S/G MANZANA PET X 500cc|1.00|unidad| |3450.00|3450.00|1|unidad||||
3|1|1389|0021352111111|1|VDS LEVITE CERO AGUA S/G NARANJA PET X 500cc|1.00|unidad| |3450.00|3450.00|1|unidad||||
3|1|1389|0021347111111|1|VILLA DEL SUR LEVITE S/G MANZANA PET X 500cc|1.00|unidad| |3450.00|3450.00|1|unidad||||
3|1|1389|7798062548655|1|VILLA DEL SUR LEVITE S/G NARANJA PET X 500cc|1.00|unidad| |3450.00|3450.00|1|unidad||||
3|1|1389|0021349111111|1|VILLA DEL SUR LEVITE S/G PERA PET X 500cc|1.00|unidad| |3450.00|3450.00|1|unidad||||
3|1|1389|7799155000982|1|VILLA DEL SUR LEVITE S/G POMELO PET X 500cc|1.00|unidad| |3450.00|3450.00|1|unidad||||
3|1|1389|7799155000210|1|VILLAVICENCIO AGUA FINAMENTE GASIFICADA PET X 1.5L|1.00|unidad| |5300.00|5300.00|1|unidad||||
3|1|1389|7799155000203|1|VILLAVICENCIO AGUA FINAMENTE GASIFICADA PET X 500C|1.00|unidad| |3650.00|3650.00|1|unidad||||
3|1|1389|0022000293220|1|Wrigleys Doubl 12.5g|1.00|unidad| |2600.00|2600.00|1|unidad||||
3|1|1389|0022000293305|1|Wrigleys Spear 12.5g|1.00|unidad| |2600.00|2600.00|1|unidad||||
3|1|1389|7791337010826|1|Yogurisimo Botellita Frutilla x 190g|1.00|unidad| |5500.00|5500.00|1|unidad||||
3|1|1389|7798187760246|1|ZAFRAN BARRA DE CEREAL ALM/COCO X 28G|1.00|unidad| |1900.00|1900.00|1|unidad||||
3|1|1389|7798187760277|1|ZAFRAN BARRA DE CEREAL CAJU/ZAPALLO 28G|1.00|unidad| |1900.00|1900.00|1|unidad||||
3|1|1389|7798187760253|1|ZAFRAN BARRA DE CEREAL MANI/CACAO 28G|1.00|unidad| |1900.00|1900.00|1|unidad||||
3|1|1389|7798187760260|1|ZAFRAN BARRA DE CEREAL MZNA/CHIA 28G|1.00|unidad| |1900.00|1900.00|1|unidad||||
3|1|1401|7791813434412|1|7UP FREE PET X 1.5L|1.00|unidad| |4700.00|4700.00|1|unidad||||
3|1|1401|0000000023897|0|AFEITADORA BIC COMFORT  3|1.00|unidad| |820.00|820.00|1|unidad||||
3|1|1401|7790580109882|1|AGUILA EXTRAFINO 60% CACAO X 150 GR|1.00|unidad| |15200.00|15200.00|1|unidad||||
3|1|1401|7790040133594|1|AGUILA MINITORTA BROWNIE X 72G|1.00|unidad| |2800.00|2800.00|1|unidad||||
3|1|1401|7790040298705|1|AGUILA MINITORTA DDLECHE/MOUSSE SAB.VAINILLA X 72G|1.00|unidad| |2800.00|2800.00|1|unidad||||
3|1|1401|0000000023956|0|ALFAJOR CHOCOLATE|1.00|unidad| |2100.00|2100.00|1|unidad||||
3|1|1401|0000000023280|0|ALFAJORES DE MAICENA|1.00|unidad| |2100.00|2100.00|1|unidad||||
3|1|1401|7790580607418|1|ARCOR CHOCOLATE BLANCO TABLETA X 25 GR|1.00|unidad| |2200.00|2200.00|1|unidad||||
3|1|1401|7790580607210|1|ARCOR CHOCOLATE CON LECHE TABLETA X 25GR|1.00|unidad| |2200.00|2200.00|1|unidad||||
3|1|1401|0000000001339|0|ARCOR OBLEA RELLENA C/PASTA DE TURRON Y MANI X 25G|1.00|unidad| |700.00|700.00|1|unidad||||
3|1|1401|7793360294600|1|BC JUGO MANZANA TETRA X 200CC|1.00|unidad| |1100.00|1100.00|1|unidad||||
3|1|1401|7793360246609|1|BC JUGO NARANJA TETRA X 200CC.|1.00|unidad| |1100.00|1100.00|1|unidad||||
3|1|1401|7790580154264|1|BEB MULTIFRUTA BC 24X200ML|1.00|unidad| |1100.00|1100.00|1|unidad||||
3|1|1401|7792730020559|1|BIZNIKKE NEVADO CHOCOLATE TABLETA X 120 GR.|1.00|unidad| |8900.00|8900.00|1|unidad||||
3|1|1401|7790580722708|1|BOMBON TOFI LECHE X 15G|1.00|unidad| |1800.00|1800.00|1|unidad||||
3|1|1401|7790040613607|1|Bon O Bon Alfajor Chocolate Blanco x40 gr|1.00|unidad| |1800.00|1800.00|1|unidad||||
3|1|1401|7790040613706|1|BON O BON ALFAJOR CHOCOLATE NEGRO/LECHE X 40G|1.00|unidad| |1800.00|1800.00|1|unidad||||
3|1|1401|0000000021586|0|BON-O-BON BOMBON AGUILA X 15G|1.00|unidad| |1100.00|1100.00|1|unidad||||
3|1|1401|7790580119058|1|BON-O-BON BOMBON CHOCOLATE BLANCO X 15G|1.00|unidad| |1100.00|1100.00|1|unidad||||
3|1|1401|0000000021587|0|BON-O-BON BOMBON CHOCOLINA X 15G|1.00|unidad| |1100.00|1100.00|1|unidad||||
3|1|1401|7792360072409|1|BONAFIDE BOCADITO DDL X 16G|1.00|unidad| |1600.00|1600.00|1|unidad||||
3|1|1401|0000000021151|0|BROWNIE ARTESANAL|1.00|unidad| |5300.00|5300.00|1|unidad||||
3|1|1401|0000000023273|0|BUDIN BANANA Y DDL|1.00|unidad| |4800.00|4800.00|1|unidad||||
3|1|1401|0000000021701|0|BUDIN DE FRUTOS SECOS|1.00|unidad| |4800.00|4800.00|1|unidad||||
3|1|1401|0000000021700|0|BUDIN DE LIMON Y ARANDANOS|1.00|unidad| |4800.00|4800.00|1|unidad||||
3|1|1401|7790407022011|1|CABSHA BOCADITO X 10G|1.00|unidad| |1000.00|1000.00|1|unidad||||
3|1|1401|7798128000271|1|CACHAFAZ ALFAJOR MOUSSE X 50G|1.00|unidad| |3200.00|3200.00|1|unidad||||
3|1|1401|7622201818739|1|CADBURY CHOCOLATE C/LECHE TRES SUEÑOS X 82G|1.00|unidad| |7800.00|7800.00|1|unidad||||
3|1|1401|7622201818654|1|CADBURY CHOCOLATE RELLENO YOGHURT FRUTILLA X 29G|1.00|unidad| |3300.00|3300.00|1|unidad||||
3|1|1401|7622202271250|1|Caram. Halls 12u Strong Nvo|1.00|unidad| |1300.00|1300.00|1|unidad||||
3|1|1401|7622202247286|1|Caram. Halls Cherry Nvo 28 Grs|1.00|unidad| |1300.00|1300.00|1|unidad||||
3|1|1401|7790895649301|1|CEPITA 20% NARANJA 200ML|1.00|unidad| |2100.00|2100.00|1|unidad||||
3|1|1401|7790895009853|1|CEPITA JUGO MANZANA BOTELLA X 1L|1.00|unidad| |5800.00|5800.00|1|unidad||||
3|1|1401|7790895000720|1|CEPITA JUGO MANZANA TETRA X 200CC.|1.00|unidad| |2100.00|2100.00|1|unidad||||
3|1|1401|7790895647017|1|CEPITA JUGO MANZANA ZINC TETRA X 1 LT.|1.00|unidad| |4200.00|4200.00|1|unidad||||
3|1|1401|7790895000737|1|CEPITA JUGO MULTIFRUTA TETRA X 200CC|1.00|unidad| |2100.00|2100.00|1|unidad||||
3|1|1401|7790895647123|1|CEPITA JUGO MULTIFRUTA ZINC TETRA X 1 LT.|1.00|unidad| |4200.00|4200.00|1|unidad||||
3|1|1401|7790895648267|1|CEPITA NARANJA 20% 1L|1.00|unidad| |4200.00|4200.00|1|unidad||||
3|1|1401|7790895009815|1|CEPITA NARANJA 995CC|1.00|unidad| |5800.00|5800.00|1|unidad||||
3|1|1401|0000000022630|0|CEREAL MIX BARRA DE CEREAL C/FRUTILLA&YOGHURT X26G|1.00|unidad| |1700.00|1700.00|1|unidad||||
3|1|1401|0000000001341|0|CEREAL MIX BARRA DE CEREAL X 23G|1.00|unidad| |1700.00|1700.00|1|unidad||||
3|1|1401|0000000022631|0|CEREAL MIX BARRA DE CEREAL YOGH/FRUTIL.L.X26g|1.00|unidad| |1700.00|1700.00|1|unidad||||
3|1|1401|7790580123345|1|CH. TL7 MENTHOL 20X16X14G|1.00|unidad| |1900.00|1900.00|1|unidad||||
3|1|1401|0000000019822|0|CH. TL7 VIBR. STRAW. 20X16X14G|1.00|unidad| |1900.00|1900.00|1|unidad||||
3|1|1401|7790580104252|1|CH. TL7 VIOL. CHERRY 20X16X14G|1.00|unidad| |1900.00|1900.00|1|unidad||||
3|1|1401|7790580317607|1|CH. TL7 XPLOS. MINT 20X16X14G|1.00|unidad| |1900.00|1900.00|1|unidad||||
3|1|1401|8445290701961|1|Choc Bananita Dolca 30 grs|1.00|unidad| |2200.00|2200.00|1|unidad||||
3|1|1401|8445290701596|1|Choc. Bananita Dolca 14grs|1.00|unidad| |1200.00|1200.00|1|unidad||||
3|1|1401|7622202328947|1|Choc. Milka 55g Leche NVO|1.00|unidad| |6100.00|6100.00|1|unidad||||
3|1|1401|7790070418296|1|Chocoarroz Blanco est. 22g|1.00|unidad| |1800.00|1800.00|1|unidad||||
3|1|1401|7790070418203|1|Chocoarroz DL 22 gr|1.00|unidad| |1800.00|1800.00|1|unidad||||
3|1|1401|7790580103521|1|CHOCOLATE LECHE CON CONFITES COFLER X 55 G|1.00|unidad| |5800.00|5800.00|1|unidad||||
3|1|1401|7798304840851|1|CHOMPAlmedC/SsaDDL6x180g|1.00|unidad| |10200.00|10200.00|1|unidad||||
3|1|1401|7798130953640|1|CHUPETIN COCO POP X 17 G|1.00|unidad| |3500.00|3500.00|1|unidad||||
3|1|1401|7798130954777|1|CHUPETIN EMOTI POP 11GR|1.00|unidad| |3500.00|3500.00|1|unidad||||
3|1|1401|0000000023604|0|CIRCULAR MEMBRILLO X UN|1.00|unidad| |1500.00|1500.00|1|unidad||||
3|1|1401|7798085680516|1|CITRIC JUGO NARANJA MANGO TETRA X 500CC|1.00|unidad| |3700.00|3700.00|1|unidad||||
3|1|1401|7798085681834|1|CITRIC JUGO NARANJA TETRA X 1L|1.00|unidad| |5500.00|5500.00|1|unidad||||
3|1|1401|7798085681445|1|CITRIC JUGO NARANJA TETRA X 250CC|1.00|unidad| |2100.00|2100.00|1|unidad||||
3|1|1401|7798085681452|1|CITRIC JUGO NARANJA TETRA X 500CC|1.00|unidad| |3700.00|3700.00|1|unidad||||
3|1|1401|7798085680295|1|CITRIC JUGO NARANJA/ DURAZNO TETRA X 500CC|1.00|unidad| |3700.00|3700.00|1|unidad||||
3|1|1401|7790895000997|1|COCA-COLA X 2.25L|1.00|unidad| |8500.00|8500.00|1|unidad||||
3|1|1401|7790040659605|1|COFLER BLOCK ALFAJOR CHOCOLATE X 60 G|1.00|unidad| |2800.00|2800.00|1|unidad||||
3|1|1401|0000000018365|0|COFLER BLOCK CHOCOLATE C/LECHE Y MANI TAB.X 110GR|1.00|unidad| |7800.00|7800.00|1|unidad||||
3|1|1401|0000000015301|0|COFLER BLOCK CHOCOLATE C/LECHE Y MANI TAB.X 38GR|1.00|unidad| |3100.00|3100.00|1|unidad||||
3|1|1401|7790580105013|1|COFLER BLOCK CHOCOLATE X 170G|1.00|unidad| |13200.00|13200.00|1|unidad||||
3|1|1401|7790580115579|1|COFLER BLOCK CHOCOLATE X 1KG|1.00|unidad| |62900.00|62900.00|1|unidad||||
3|1|1401|7790580103385|1|COFLER CHOCOLATE AIREADO BCO/LECHE X 27 GR.|1.00|unidad| |3300.00|3300.00|1|unidad||||
3|1|1401|7790580103378|1|COFLER CHOCOLATE AIREADO BLANCO X 27 GR.|1.00|unidad| |3300.00|3300.00|1|unidad||||
3|1|1401|7790580115869|1|COFLER CHOCOLATE AIREADO BON O BON X 67G|1.00|unidad| |6500.00|6500.00|1|unidad||||
3|1|1401|7790580103361|1|COFLER CHOCOLATE AIREADO LECHE X 27 GR.|1.00|unidad| |3300.00|3300.00|1|unidad||||
3|1|1401|7790580043407|1|COFLER CHOCOLATE AIREADO LECHE X 55G|1.00|unidad| |6600.00|6600.00|1|unidad||||
3|1|1401|7790580003531|1|COFLER CHOCOLATE BCO&COOK X 55G|1.00|unidad| |5800.00|5800.00|1|unidad||||
3|1|1401|7790580043506|1|COFLER CHOCOLATE LECHE CON ALMENDRAS X 55G|1.00|unidad| |5800.00|5800.00|1|unidad||||
3|1|1401|0000000024109|0|CRIOLLITO X UN|1.00|unidad| |1500.00|1500.00|1|unidad||||
3|1|1401|0000000023957|0|CROISSANT J Y Q|1.00|unidad| |5800.00|5800.00|1|unidad||||
3|1|1401|7798024760798|1|CROQUE MONSIEUR J Y Q BLANCO X UN|1.00|unidad| |9100.00|9100.00|1|unidad||||
3|1|1401|7798024760804|1|CROQUE MONSIEUR J Y Q NEGRO X UN|1.00|unidad| |9100.00|9100.00|1|unidad||||
3|1|1401|0000000020568|0|CUADRADO DE PASTA FROLA|1.00|unidad| |4800.00|4800.00|1|unidad||||
3|1|1401|0000000023543|0|DELIVERY MEDIALUNAS X 6 UNIDADES|1.00|unidad| |205.00|205.00|1|unidad||||
3|1|1401|7795735000106|1|DON SATUR TALITAS X 140GR|1.00|unidad| |2200.00|2200.00|1|unidad||||
3|1|1401|7790206007509|1|DOS CORAZONES BOCADITO CHOC.C/LECHE RELL. X 26GR|1.00|unidad| |2100.00|2100.00|1|unidad||||
3|1|1401|7792799000035|1|ECO DE LOS ANDES AGUA CON GAS PET X 500CC.|1.00|unidad| |3000.00|3000.00|1|unidad||||
3|1|1401|7798128000486|1|EL CACHAFAZ ALFAJOR BLANCO FLOWPACK X 60 GR|1.00|unidad| |3100.00|3100.00|1|unidad||||
3|1|1401|7798128000462|1|EL CACHAFAZ ALFAJOR CHOCOLATE FLOWPACK X 60 GR|1.00|unidad| |3000.00|3000.00|1|unidad||||
3|1|1401|7798128001940|1|EL CACHAFAZ ALFAJOR DE MAICENA X 76G|1.00|unidad| |3100.00|3100.00|1|unidad||||
3|1|1401|7798128001797|1|EL CACHAFAZ CONITO DULCE DE LECHE X 38G|1.00|unidad| |2600.00|2600.00|1|unidad||||
3|1|1401|7798024760569|1|ENSALADA CESAR  PREMIUM X UN|1.00|unidad| |13000.00|13000.00|1|unidad||||
3|1|1401|7798024760392|1|ENSALADA CHEF PREMIUM X UN|1.00|unidad| |13000.00|13000.00|1|unidad||||
3|1|1401|7798024766417|1|ENSALADA MIX VEG.C/PECHUGUITAS AL SESAMO X UN|1.00|unidad| |13000.00|13000.00|1|unidad||||
3|1|1401|7613035242524|1|EPA DDL MAX 88GR|1.00|unidad| |6500.00|6500.00|1|unidad||||
3|1|1401|7613035242500|1|EPA ROCKER X 88G|1.00|unidad| |6500.00|6500.00|1|unidad||||
3|1|1401|7898024390121|1|FERRERO ROCHER BOMBON CHOC.RELL.PAQ.3 UNID X 37.5G|1.00|unidad| |5400.00|5400.00|1|unidad||||
3|1|1401|7798024760255|1|FIGAZZITAS DE SALAME Y QUESO X 2 UN|1.00|unidad| |8200.00|8200.00|1|unidad||||
3|1|1401|7798147780062|1|Franui sabor Black 150gr|1.00|unidad| |8500.00|8500.00|1|unidad||||
3|1|1401|7798147783223|1|Franui sabor Leche 150gr|1.00|unidad| |8500.00|8500.00|1|unidad||||
3|1|1401|7790070431936|1|Gallo YoguBar 20gr|1.00|unidad| |1700.00|1700.00|1|unidad||||
3|1|1401|0067061111111|1|GATORADE COOL BLUE PET X 500CC|1.00|unidad| |3900.00|3900.00|1|unidad||||
3|1|1401|0071971211111|1|GATORADE FRUTOS TROPICALES PET X 750CC|1.00|unidad| |4700.00|4700.00|1|unidad||||
3|1|1401|0066011111111|1|GATORADE MANZANA PET X 500CC|1.00|unidad| |3900.00|3900.00|1|unidad||||
3|1|1401|0042831111111|1|GATORADE MANZANA PET X 750CC|1.00|unidad| |4600.00|4600.00|1|unidad||||
3|1|1401|0006602111111|1|GATORADE NARANJA PET X 500CC|1.00|unidad| |3900.00|3900.00|1|unidad||||
3|1|1401|7798024766103|1|GRANDWICH PANINI GRIGLIATTI JAM/QUE/TOM/HUE X 210G|1.00|unidad| |6650.00|6650.00|1|unidad||||
3|1|1401|0000000023445|0|HALLS FREE MENTA X 28 G|1.00|unidad| |1450.00|1450.00|1|unidad||||
3|1|1401|7791249450277|1|HALLS MENTA LYPTUS CARAMELOS DUROS PAQ.X 28G|1.00|unidad| |1250.00|1250.00|1|unidad||||
3|1|1401|0000000023603|0|ICEDREAM CIRCULAR PASTELERA X UN|1.00|unidad| |1500.00|1500.00|1|unidad||||
3|1|1401|0028411111111|1|JORGITO ALFAJOR BLANCO X 50G|1.00|unidad| |1600.00|1600.00|1|unidad||||
3|1|1401|0011111112842|1|JORGITO ALFAJOR CHOCOLATE X 55G|1.00|unidad| |1600.00|1600.00|1|unidad||||
3|1|1401|7790957000545|1|JORGITO MINI ALFAJOR CHOCOLATE PAQ.X 6 UNID.|1.00|unidad| |4600.00|4600.00|1|unidad||||
3|1|1401|7790957000538|1|JORGITO MINI ALFAJOR GLACEADO PAQ.X 6 UNID.X 155GR|1.00|unidad| |4600.00|4600.00|1|unidad||||
3|1|1401|0000080052760|1|KINDER BUENO OBLEA CHOCOLATE CON LECHE X 43G|1.00|unidad| |4800.00|4800.00|1|unidad||||
3|1|1401|0000077949677|1|KINDER CHOCOLATE X 50G|1.00|unidad| |5500.00|5500.00|1|unidad||||
3|1|1401|7891000379073|1|KIT KAT DARK OBLEA BAÑADA CHOCOLATE X 41.5G|1.00|unidad| |2800.00|2800.00|1|unidad||||
3|1|1401|7891000379028|1|KIT KAT OBLEA BAÑADA CHOCOLATE BLANCO X 41.5G|1.00|unidad| |2800.00|2800.00|1|unidad||||
3|1|1401|7791337007260|1|Leche chocolatada Cindor 200ml|1.00|unidad| |3800.00|3800.00|1|unidad||||
3|1|1401|7791337007253|1|Leche chocolatada Cindor x 1L|1.00|unidad| |11500.00|11500.00|1|unidad||||
3|1|1401|7798368470391|1|LUCCIANO´S CHANTILLY X 100GR (02)|1.00|unidad| |7400.00|7400.00|1|unidad||||
3|1|1401|7798368470384|1|LUCCIANO´S CHOCOLATE C/CROCANTE X 100GR (01)|1.00|unidad| |7400.00|7400.00|1|unidad||||
3|1|1401|7798368470421|1|LUCCIANO´S CHOCOLATE X 90GR (05)|1.00|unidad| |7400.00|7400.00|1|unidad||||
3|1|1401|7798368470438|1|LUCCIANO´S DDL C/ CROCANTE X 90GR (06)|1.00|unidad| |7400.00|7400.00|1|unidad||||
3|1|1401|0000000024240|0|LUCCIANO´S DDL X 90GR (03)|1.00|unidad| |6000.00|6000.00|1|unidad||||
3|1|1401|7798368470476|1|LUCCIANO´S MINION ICE POP X 100GR (10)|1.00|unidad| |7900.00|7900.00|1|unidad||||
3|1|1401|7798368470469|1|LUCCIANO´S OLI KING X 90GR (09)|1.00|unidad| |7800.00|7800.00|1|unidad||||
3|1|1401|7798368470735|1|LUCCIANO´S PISTACCHIO X 95GR (08)|1.00|unidad| |7800.00|7800.00|1|unidad||||
3|1|1401|7798368470414|1|LUCCIANO´S SORBETE PATAGONIA X 90GR (04)|1.00|unidad| |7400.00|7400.00|1|unidad||||
3|1|1401|7613034797469|1|LUXOR BOMBON HELADO 53G|1.00|unidad| |3000.00|3000.00|1|unidad||||
3|1|1401|7797453001441|1|M&M Chocolate 48 Grs|1.00|unidad| |4800.00|4800.00|1|unidad||||
3|1|1401|7797453001458|1|M&M MANI PAQ. X 49 GR|1.00|unidad| |4800.00|4800.00|1|unidad||||
3|1|1401|7790387015324|1|MAÑANITA YERBA 4FLEX X 500 GR|1.00|unidad| |4400.00|4400.00|1|unidad||||
3|1|1401|7790206006106|1|MARROC BOCADITO X 14 GR.|1.00|unidad| |1200.00|1200.00|1|unidad||||
3|1|1401|7798024760125|1|MAX PREMIUM JyQ-TOM-HUE- PAN NGO X UN|1.00|unidad| |9600.00|9600.00|1|unidad||||
3|1|1401|7798024766172|1|MAX PREMIUM POLLO-RU-PAR-PAN NGO X UN|1.00|unidad| |9600.00|9600.00|1|unidad||||
3|1|1401|7798024760552|1|MAX TRIANGULO LIGHT POLLO-LEC-PAN NGO X UN|1.00|unidad| |9600.00|9600.00|1|unidad||||
3|1|1401|0000000023602|0|MEDIALUNA DE GRASA X UN|1.00|unidad| |1500.00|1500.00|1|unidad||||
3|1|1401|0000000023601|0|MEDIALUNA DE MANTECA X UN|1.00|unidad| |1500.00|1500.00|1|unidad||||
3|1|1401|7891000120057|1|MEGA AMERICANA CON ALMENDRAS X 74g|1.00|unidad| |7400.00|7400.00|1|unidad||||
3|1|1401|0000000020546|0|MENTHO-PLUS ACIDOS CEREZA X 27.2G|1.00|unidad| |1600.00|1600.00|1|unidad||||
3|1|1401|0000000020540|0|MENTHO-PLUS ACIDOS NARANJA X 27.2G|1.00|unidad| |1600.00|1600.00|1|unidad||||
3|1|1401|0000000021660|0|MENTHO-PLUS CARAMELOS INHALANTES DE CEREZA X 29.4G|1.00|unidad| |1000.00|1000.00|1|unidad||||
3|1|1401|0000000021663|0|MENTHO-PLUS CARAMELOS INHALANTES MIEL X 29.4G|1.00|unidad| |1000.00|1000.00|1|unidad||||
3|1|1401|0000000021661|0|MENTHO-PLUS CARAMELOS INHALANTES STRONG X 29.4G|1.00|unidad| |1000.00|1000.00|1|unidad||||
3|1|1401|0000000017476|0|MENTHO-PLUS CARAMELOS SIN AZUCAR CHERRY X 27.3G|1.00|unidad| |1600.00|1600.00|1|unidad||||
3|1|1401|0000000017474|0|MENTHO-PLUS CARAMELOS SIN AZUCAR MENTOL X 27.3G|1.00|unidad| |1600.00|1600.00|1|unidad||||
3|1|1401|0000000021664|0|MENTHOPLUS MENTA X 29.4G|1.00|unidad| |1000.00|1000.00|1|unidad||||
3|1|1401|0000000021662|0|MENTHOPLUS MENTOL X 29.4G|1.00|unidad| |1000.00|1000.00|1|unidad||||
3|1|1401|0000000021044|0|MENTHOPLUS ZERO CARAMELOS DURAZNO X 26.6G|1.00|unidad| |1600.00|1600.00|1|unidad||||
3|1|1401|0000000021047|0|MENTHOPLUS ZERO CARAMELOS STRONG X 26.6G|1.00|unidad| |1600.00|1600.00|1|unidad||||
3|1|1401|7895144699851|1|MENTOS CARAMELOS MASTICABLES SAB.FRUTA X 29.7GR|1.00|unidad| |1200.00|1200.00|1|unidad||||
3|1|1401|7895144699844|1|MENTOS CARAMELOS MASTICABLES SAB.MENTA X 29.7GR|1.00|unidad| |1200.00|1200.00|1|unidad||||
3|1|1401|0000000021770|0|MERMELADAS X UNIDAD|1.00|unidad| |50.00|50.00|1|unidad||||
3|1|1401|0000077903785|1|MILKA ALFAJOR MOUSSE TRIPLE X 55 GR.|1.00|unidad| |2800.00|2800.00|1|unidad||||
3|1|1401|7622300457303|1|MILKA ALFAJOR TRIPLE BLANCO X 55G|1.00|unidad| |2800.00|2800.00|1|unidad||||
3|1|1401|7622300844967|1|MILKA CHOCOLATE BLANCO CON DULCE DE LECHE X 67.5G|1.00|unidad| |7100.00|7100.00|1|unidad||||
3|1|1401|7622300844943|1|MILKA CHOCOLATE C DULCE DE LECHE X 67.5G|1.00|unidad| |7100.00|7100.00|1|unidad||||
3|1|1401|0000000021565|0|MILKA CHOCOLATE C/LECHE ALMENDRAS|1.00|unidad| |3290.00|3290.00|1|unidad||||
3|1|1401|7622300990114|1|MILKA CHOCOLATE CON LECHE X 150G|1.00|unidad| |13800.00|13800.00|1|unidad||||
3|1|1401|7622201818937|1|MILKA LEGER CHOCOLATE LECHE TABLETA X 50G|1.00|unidad| |5800.00|5800.00|1|unidad||||
3|1|1401|7790580116958|1|MOGUL CARAMELO DE GOMA DINOS X 30G|1.00|unidad| |800.00|800.00|1|unidad||||
3|1|1401|7790580129507|1|MOGUL CARAMELOS DE GOMA ACIDOS BOLSA X 60G|1.00|unidad| |1350.00|1350.00|1|unidad||||
3|1|1401|7790580169312|1|MOGUL CARAMELOS DE GOMA CEREBRITOS X 30G|1.00|unidad| |1200.00|1200.00|1|unidad||||
3|1|1401|7790580116460|1|MOGUL CARAMELOS DE GOMA EXTREME ACIDO ROLLO X 35G|1.00|unidad| |1200.00|1200.00|1|unidad||||
3|1|1401|7790580603809|1|MOGUL CARAMELOS DE GOMA FRUTALES ROLLO X 35G|1.00|unidad| |1200.00|1200.00|1|unidad||||
3|1|1401|7790580199913|1|MOGUL CARAMELOS DE GOMA OSITOS X 30 GR|1.00|unidad| |1200.00|1200.00|1|unidad||||
3|1|1401|7790580200114|1|MOGUL CARAMELOS DE GOMA TIBURON X 30G|1.00|unidad| |1200.00|1200.00|1|unidad||||
3|1|1401|7798422620014|1|MONSTER ENERGY GREEN X 473CC|1.00|unidad| |5200.00|5200.00|1|unidad||||
3|1|1401|7798422620045|1|MONSTER MANGO LOCO 473|1.00|unidad| |5200.00|5200.00|1|unidad||||
3|1|1401|7798422620021|1|MONSTER ULTRA x 473 CC|1.00|unidad| |5200.00|5200.00|1|unidad||||
3|1|1401|1111111111142|1|MUFFIN CHIPS CHOC X UN|1.00|unidad| |3900.00|3900.00|1|unidad||||
3|1|1401|1111111111145|1|MUFFIN VAINILLA C/DDL X UN|1.00|unidad| |3900.00|3900.00|1|unidad||||
3|1|1401|7798304841261|1|NESQUIK NUTRIACTIV B HEL.CHOCOLATE CON CALCIN-N|1.00|unidad| |1800.00|1800.00|1|unidad||||
3|1|1401|7622210723468|1|OREO GALLETITAS BAÑADAS CHOCOLATE x17gr|1.00|unidad| |200.00|200.00|1|unidad||||
3|1|1401|7899975800523|1|Oreo Palito AR 20 x 65g|1.00|unidad| |6500.00|6500.00|1|unidad||||
3|1|1401|7899975800509|1|OREO SANDWICH AR 81GR|1.00|unidad| |6500.00|6500.00|1|unidad||||
3|1|1401|7798304841124|1|OREO TACITA X 95G|1.00|unidad| |6500.00|6500.00|1|unidad||||
3|1|1401|0000000024088|0|PAN DE CHOCOLATE X UN|1.00|unidad| |3900.00|3900.00|1|unidad||||
3|1|1401|7798024766110|1|PANINI GRIGLIATTI DE PECETO X 210G|1.00|unidad| |6650.00|6650.00|1|unidad||||
3|1|1401|7791007000764|1|PAÑUELOS DESCARTABLES CAJA X 75 UNID|1.00|unidad| |3600.00|3600.00|1|unidad||||
3|1|1401|7791070003482|1|PAÑUELOS DESCARTABLES X UNID|1.00|unidad| |700.00|700.00|1|unidad||||
3|1|1401|7798024760781|1|PEBETE PECHUGA CRISPY X UN|1.00|unidad| |9200.00|9200.00|1|unidad||||
3|1|1401|7798024760361|1|PECHUGA GRILLE C/VEGETAL DEL HUERTO X UN|1.00|unidad| |11500.00|11500.00|1|unidad||||
3|1|1401|0000077915481|1|PEPITOS ALFAJOR TRIPLE DE CHOCOLATE X 57GR|1.00|unidad| |2800.00|2800.00|1|unidad||||
3|1|1401|7791813828365|1|PEPSI BLACK PET X 500CC|1.00|unidad| |3100.00|3100.00|1|unidad||||
3|1|1401|1111111111200|1|PICO DULCE CHUPETIN X 14 GR.|1.00|unidad| |500.00|500.00|1|unidad||||
3|1|1401|7790895641183|1|POWERADE FRUTAS TROPICALES PET X 500CC|1.00|unidad| |3300.00|3300.00|1|unidad||||
3|1|1401|7790895640018|1|POWERADE MANZANA PET X 500CC|1.00|unidad| |3300.00|3300.00|1|unidad||||
3|1|1401|7790895640025|1|POWERADE MOUNTAIN BLAST PET X 500CC|1.00|unidad| |3300.00|3300.00|1|unidad||||
3|1|1401|7791519200021|1|PRIME PRESERVATIVO ANATOMICO CAJA X 3 UNID.|1.00|unidad| |6000.00|6000.00|1|unidad||||
3|1|1401|7791519200076|1|PRIME PRESERVATIVO ESPERMICIDA CAJA X 3 UNID.|1.00|unidad| |6000.00|6000.00|1|unidad||||
3|1|1401|7791519000676|1|PRIME PRESERVATIVO EXTRA LUBRICADO CAJA X 3 UNID.|1.00|unidad| |6000.00|6000.00|1|unidad||||
3|1|1401|7791519200045|1|PRIME PRESERVATIVO SUPERFINO CAJA X 3 UNID.|1.00|unidad| |6000.00|6000.00|1|unidad||||
3|1|1401|7791519200090|1|PRIME PRESERVATIVO TACHAS CAJA X 3 UNID.|1.00|unidad| |6000.00|6000.00|1|unidad||||
3|1|1401|7791519200069|1|PRIME PRESERVATIVO TEXTURADO CAJA X 3 UNID.|1.00|unidad| |6000.00|6000.00|1|unidad||||
3|1|1401|7790742167101|1|Queso Finlandia Chef Cheddar 150gr PAQUETE INSUMO|1.00|unidad| |0.01|0.01|1|unidad||||
3|1|1401|0045011111111|1|RED BULL ENERGY DRINK LATA X 250 CC|1.00|unidad| |5000.00|5000.00|1|unidad||||
3|1|1401|0000090435225|1|RED BULL ENERGY DRINK LATA X 355 CC|1.00|unidad| |6200.00|6200.00|1|unidad||||
3|1|1401|9002490232054|1|RED BULL ENERGY DRINK SUGAR FREE LATA X 250CC|1.00|unidad| |5000.00|5000.00|1|unidad||||
3|1|1401|7790580327415|1|ROCKLETS CONFITES DE CHOCOLATE PAQ. X 40 GR|1.00|unidad| |2800.00|2800.00|1|unidad||||
3|1|1401|7790580327613|1|ROCKLETS NARANJA MANI C/CHOCOLATE CONFITADO X 40G|1.00|unidad| |2800.00|2800.00|1|unidad||||
3|1|1401|7798024760507|1|ROLL CHICKEN CAESAR X 210GR|1.00|unidad| |9600.00|9600.00|1|unidad||||
3|1|1401|0000000023605|0|SACRAMENTO MEMBRILLO X UN|1.00|unidad| |1500.00|1500.00|1|unidad||||
3|1|1401|7790580716806|1|SALADIX GALLETITAS SAB. CALABRESA CAJA X 100G|1.00|unidad| |2900.00|2900.00|1|unidad||||
3|1|1401|7790580716707|1|SALADIX GALLETITAS SAB. JAMON CAJA X 100G|1.00|unidad| |2900.00|2900.00|1|unidad||||
3|1|1401|7790580697303|1|SALADIX GALLETITAS SAB. PIZZA CAJA X 100G|1.00|unidad| |2900.00|2900.00|1|unidad||||
3|1|1401|7790040374607|1|SALADIX GALLETITAS SAB.DUO CAJA X 80G|1.00|unidad| |2900.00|2900.00|1|unidad||||
3|1|1401|7790040123434|1|SALADIX GALLETITAS SAB.KESITOS X80G|1.00|unidad| |2500.00|2500.00|1|unidad||||
3|1|1401|0000077956699|1|SHOT ALFAJOR TRISHOT TRIPLE X 60G|1.00|unidad| |2800.00|2800.00|1|unidad||||
3|1|1401|7622300424084|1|SHOT CHOCOLATE CON LECHE Y MANI TABLETA X 170 GR|1.00|unidad| |11900.00|11900.00|1|unidad||||
3|1|1401|0000077914217|1|SHOT CHOCOLATE LECHE CON MANI TABLETA X 35G|1.00|unidad| |2900.00|2900.00|1|unidad||||
3|1|1401|7798304841803|1|SIN PARAR CHOCOLATE DULCE DE LECHE X 90G|1.00|unidad| |2900.00|2900.00|1|unidad||||
3|1|1401|7798304841797|1|SIN PARAR DULCE DE LECHE Y AMERICANA X 90G|1.00|unidad| |2900.00|2900.00|1|unidad||||
3|1|1401|7798304841780|1|SIN PARAR FRUTILLA CREMA X 90G|1.00|unidad| |2900.00|2900.00|1|unidad||||
3|1|1401|0022000018465|1|SKITTLES CONFITES ORIGINAL FRUIT PAQ.X 61.5GR|1.00|unidad| |4500.00|4500.00|1|unidad||||
3|1|1401|0022000018489|1|SKITTLES CONFITES WILDBERRY PAQ.X 61.5GR|1.00|unidad| |4500.00|4500.00|1|unidad||||
3|1|1401|7790895646027|1|SMART WATER C/G 591 ML|1.00|unidad| |3300.00|3300.00|1|unidad||||
3|1|1401|7790895645778|1|SMART WATER S/G 591 ML|1.00|unidad| |3300.00|3300.00|1|unidad||||
3|1|1401|7506174512248|1|SNICKERS BARRA RELL.MANI CUB.C/CHOCOLATE X 48 GR|1.00|unidad| |4500.00|4500.00|1|unidad||||
3|1|1401|0522111111111|1|SPEED UNLIMITED LATA X 250CC|1.00|unidad| |3800.00|3800.00|1|unidad||||
3|1|1401|0040000000518|1|STARBURST CARAMELO MASTICABLE SURTIDO PAQ.X 58.7G|1.00|unidad| |4900.00|4900.00|1|unidad||||
3|1|1401|7790580060206|1|SUGUS CARAMELO MASTICABLE SUELTO X 3.3 GR|1.00|unidad| |50.00|50.00|1|unidad||||
3|1|1401|7790580056001|1|SUGUS CONFITADOS CONFITES DE CARAMELO SURT.X 50 G|1.00|unidad| |2000.00|2000.00|1|unidad||||
3|1|1401|7790387000849|1|TARAGUI MATE COCIDO X 25 UNID S ENS|1.00|unidad| |130.00|130.00|1|unidad||||
3|1|1401|0029601111111|1|TARAGUI MATE LISTO X 35 GR.|1.00|unidad| |3900.00|3900.00|1|unidad||||
3|1|1401|0029621111111|1|TARAGUI TERMO MATE-LISTO CAPACIDAD 500 CC.|1.00|unidad| |5800.00|5800.00|1|unidad||||
3|1|1401|7790387013627|1|TARAGUI YERBA 4FLEX X 500 GR.|1.00|unidad| |4400.00|4400.00|1|unidad||||
3|1|1401|0000077939234|1|TERRABUSI ALFAJOR CHOCOLATE X 50 GR|1.00|unidad| |1900.00|1900.00|1|unidad||||
3|1|1401|0000077903792|1|TERRABUSI ALFAJOR TRIPLE CHOCOLATE X 70G.|1.00|unidad| |2800.00|2800.00|1|unidad||||
3|1|1401|0000077903860|1|TERRABUSI ALFAJOR TRIPLE TIPO TORTA CHOCOLAT.X 70G|1.00|unidad| |2800.00|2800.00|1|unidad||||
3|1|1401|7622300335052|1|TERRABUSI SNACKY X 60GR|1.00|unidad| |4400.00|4400.00|1|unidad||||
3|1|1401|7861002910314|1|TIC TAC PASTILLAS SABOR MENTA CAJA X 16 GR.|1.00|unidad| |1500.00|1500.00|1|unidad||||
3|1|1401|7861002910321|1|TIC TAC PASTILLAS SABOR NARANJA CAJA X 16 GR.|1.00|unidad| |1500.00|1500.00|1|unidad||||
3|1|1401|7790580746612|1|TOFI CHOCOLATE C/LECHE RELLENO D.LECHE X 55G|1.00|unidad| |400.00|400.00|1|unidad||||
3|1|1401|7798024760354|1|TOP PBT DE JAMON COCIDO Y QUESO X UN|1.00|unidad| |8200.00|8200.00|1|unidad||||
3|1|1401|0000000019823|0|TOPLINE 7 CHICLE S/AZUCAR ATM STRONG X 14G|1.00|unidad| |1900.00|1900.00|1|unidad||||
3|1|1401|0000000018843|0|TOPLINE 7 CHICLE S/AZUCAR MANDARINA  CAJA X 14G|1.00|unidad| |1900.00|1900.00|1|unidad||||
3|1|1401|7790580120573|1|TOPLINE 7 ULTRA CLEAN X 24G|1.00|unidad| |3300.00|3300.00|1|unidad||||
3|1|1401|7790580120702|1|TOPLINE 7 ULTRA GREEN MINT X 24G|1.00|unidad| |3300.00|3300.00|1|unidad||||
3|1|1401|7790580121013|1|TOPLINE 7 ULTRA RED BERRY X 24G|1.00|unidad| |3300.00|3300.00|1|unidad||||
3|1|1401|7798304841421|1|TORPEDO FRUTILLA|1.00|unidad| |2000.00|2000.00|1|unidad||||
3|1|1401|7798304841414|1|TORPEDO LIMON|1.00|unidad| |2000.00|2000.00|1|unidad||||
3|1|1401|7798024760460|1|TRIPLE MIGA BLANCO J.COCIDO Y QUESO X 3 UN|1.00|unidad| |8700.00|8700.00|1|unidad||||
3|1|1401|7798024760477|1|TRIPLE MIGA NEGRO J.COCIDO Y QUESO X 3 UN|1.00|unidad| |8700.00|8700.00|1|unidad||||
3|1|1401|7622202839962|1|VARIEDAD GALLETITAS DULCES SURTIDAS X 390GR.|1.00|unidad|VARIEDAD|5500.00|5500.00|1|unidad||||
3|1|1401|0016871111111|1|VASO REUTILIZABLE|1.00|unidad| |4000.00|4000.00|1|unidad||||
3|1|1401|0000000004361|0|VAUQUITA TABLETA DE DULCE DE LECHE X 25 GR.|1.00|unidad| |180.00|180.00|1|unidad||||
3|1|1401|7790315100184|1|VDS LEVITE CERO AGUA S/G MANZANA PET X 500cc|1.00|unidad| |3100.00|3100.00|1|unidad||||
3|1|1401|0021352111111|1|VDS LEVITE CERO AGUA S/G NARANJA PET X 500cc|1.00|unidad| |3100.00|3100.00|1|unidad||||
3|1|1401|0021347111111|1|VILLA DEL SUR LEVITE S/G MANZANA PET X 500cc|1.00|unidad| |3100.00|3100.00|1|unidad||||
3|1|1401|7798062548655|1|VILLA DEL SUR LEVITE S/G NARANJA PET X 500cc|1.00|unidad| |3100.00|3100.00|1|unidad||||
3|1|1401|0021349111111|1|VILLA DEL SUR LEVITE S/G PERA PET X 500cc|1.00|unidad| |3100.00|3100.00|1|unidad||||
3|1|1401|7799155000982|1|VILLA DEL SUR LEVITE S/G POMELO PET X 500cc|1.00|unidad| |3100.00|3100.00|1|unidad||||
3|1|1401|7799155000210|1|VILLAVICENCIO AGUA FINAMENTE GASIFICADA PET X 1.5L|1.00|unidad| |4800.00|4800.00|1|unidad||||
3|1|1401|7799155000203|1|VILLAVICENCIO AGUA FINAMENTE GASIFICADA PET X 500C|1.00|unidad| |3300.00|3300.00|1|unidad||||
3|1|1401|0022000293220|1|Wrigleys Doubl 12.5g|1.00|unidad| |2500.00|2500.00|1|unidad||||
3|1|1401|0022000293305|1|Wrigleys Spear 12.5g|1.00|unidad| |2500.00|2500.00|1|unidad||||
3|1|1401|7791337010826|1|Yogurisimo Botellita Frutilla x 190g|1.00|unidad| |5500.00|5500.00|1|unidad||||
3|1|1401|7798187760246|1|ZAFRAN BARRA DE CEREAL ALM/COCO X 28G|1.00|unidad| |1800.00|1800.00|1|unidad||||
3|1|1401|7798187760277|1|ZAFRAN BARRA DE CEREAL CAJU/ZAPALLO 28G|1.00|unidad| |1800.00|1800.00|1|unidad||||
3|1|1401|7798187760253|1|ZAFRAN BARRA DE CEREAL MANI/CACAO 28G|1.00|unidad| |1800.00|1800.00|1|unidad||||
3|1|1401|7798187760260|1|ZAFRAN BARRA DE CEREAL MZNA/CHIA 28G|1.00|unidad| |1800.00|1800.00|1|unidad||||
3|1|1425|7791813434412|1|7UP FREE PET X 1.5L|1.00|unidad| |5200.00|5200.00|1|unidad||||
3|1|1425|0000000023897|0|AFEITADORA BIC COMFORT  3|1.00|unidad| |820.00|820.00|1|unidad||||
3|1|1425|7790580109882|1|AGUILA EXTRAFINO 60% CACAO X 150 GR|1.00|unidad| |16100.00|16100.00|1|unidad||||
3|1|1425|7790040133594|1|AGUILA MINITORTA BROWNIE X 72G|1.00|unidad| |3100.00|3100.00|1|unidad||||
3|1|1425|7790040298705|1|AGUILA MINITORTA DDLECHE/MOUSSE SAB.VAINILLA X 72G|1.00|unidad| |3100.00|3100.00|1|unidad||||
3|1|1425|0000000023956|0|ALFAJOR CHOCOLATE|1.00|unidad| |2350.00|2350.00|1|unidad||||
3|1|1425|0000000023280|0|ALFAJORES DE MAICENA|1.00|unidad| |2350.00|2350.00|1|unidad||||
3|1|1425|7790580607418|1|ARCOR CHOCOLATE BLANCO TABLETA X 25 GR|1.00|unidad| |2500.00|2500.00|1|unidad||||
3|1|1425|7790580607210|1|ARCOR CHOCOLATE CON LECHE TABLETA X 25GR|1.00|unidad| |2500.00|2500.00|1|unidad||||
3|1|1425|0000000001339|0|ARCOR OBLEA RELLENA C/PASTA DE TURRON Y MANI X 25G|1.00|unidad| |700.00|700.00|1|unidad||||
3|1|1425|7793360294600|1|BC JUGO MANZANA TETRA X 200CC|1.00|unidad| |1300.00|1300.00|1|unidad||||
3|1|1425|7793360246609|1|BC JUGO NARANJA TETRA X 200CC.|1.00|unidad| |1300.00|1300.00|1|unidad||||
3|1|1425|7790580154264|1|BEB MULTIFRUTA BC 24X200ML|1.00|unidad| |1300.00|1300.00|1|unidad||||
3|1|1425|7792730020559|1|BIZNIKKE NEVADO CHOCOLATE TABLETA X 120 GR.|1.00|unidad| |9200.00|9200.00|1|unidad||||
3|1|1425|7790580722708|1|BOMBON TOFI LECHE X 15G|1.00|unidad| |2100.00|2100.00|1|unidad||||
3|1|1425|7790040613607|1|Bon O Bon Alfajor Chocolate Blanco x40 gr|1.00|unidad| |2100.00|2100.00|1|unidad||||
3|1|1425|7790040613706|1|BON O BON ALFAJOR CHOCOLATE NEGRO/LECHE X 40G|1.00|unidad| |2100.00|2100.00|1|unidad||||
3|1|1425|0000000021586|0|BON-O-BON BOMBON AGUILA X 15G|1.00|unidad| |1100.00|1100.00|1|unidad||||
3|1|1425|7790580119058|1|BON-O-BON BOMBON CHOCOLATE BLANCO X 15G|1.00|unidad| |1100.00|1100.00|1|unidad||||
3|1|1425|0000000021587|0|BON-O-BON BOMBON CHOCOLINA X 15G|1.00|unidad| |1100.00|1100.00|1|unidad||||
3|1|1425|7792360072409|1|BONAFIDE BOCADITO DDL X 16G|1.00|unidad| |1800.00|1800.00|1|unidad||||
3|1|1425|0000000021151|0|BROWNIE ARTESANAL|1.00|unidad| |5850.00|5850.00|1|unidad||||
3|1|1425|0000000023273|0|BUDIN BANANA Y DDL|1.00|unidad| |5300.00|5300.00|1|unidad||||
3|1|1425|0000000021701|0|BUDIN DE FRUTOS SECOS|1.00|unidad| |5300.00|5300.00|1|unidad||||
3|1|1425|0000000021700|0|BUDIN DE LIMON Y ARANDANOS|1.00|unidad| |5300.00|5300.00|1|unidad||||
3|1|1425|7790407022011|1|CABSHA BOCADITO X 10G|1.00|unidad| |1000.00|1000.00|1|unidad||||
3|1|1425|7798128000271|1|CACHAFAZ ALFAJOR MOUSSE X 50G|1.00|unidad| |3400.00|3400.00|1|unidad||||
3|1|1425|7622201818739|1|CADBURY CHOCOLATE C/LECHE TRES SUEÑOS X 82G|1.00|unidad| |8200.00|8200.00|1|unidad||||
3|1|1425|7622201818654|1|CADBURY CHOCOLATE RELLENO YOGHURT FRUTILLA X 29G|1.00|unidad| |3500.00|3500.00|1|unidad||||
3|1|1425|7622202271250|1|Caram. Halls 12u Strong Nvo|1.00|unidad| |1350.00|1350.00|1|unidad||||
3|1|1425|7622202247286|1|Caram. Halls Cherry Nvo 28 Grs|1.00|unidad| |1350.00|1350.00|1|unidad||||
3|1|1425|7790895649301|1|CEPITA 20% NARANJA 200ML|1.00|unidad| |2200.00|2200.00|1|unidad||||
3|1|1425|7790895009853|1|CEPITA JUGO MANZANA BOTELLA X 1L|1.00|unidad| |6100.00|6100.00|1|unidad||||
3|1|1425|7790895000720|1|CEPITA JUGO MANZANA TETRA X 200CC.|1.00|unidad| |2200.00|2200.00|1|unidad||||
3|1|1425|7790895647017|1|CEPITA JUGO MANZANA ZINC TETRA X 1 LT.|1.00|unidad| |4450.00|4450.00|1|unidad||||
3|1|1425|7790895000737|1|CEPITA JUGO MULTIFRUTA TETRA X 200CC|1.00|unidad| |2200.00|2200.00|1|unidad||||
3|1|1425|7790895647123|1|CEPITA JUGO MULTIFRUTA ZINC TETRA X 1 LT.|1.00|unidad| |4450.00|4450.00|1|unidad||||
3|1|1425|7790895648267|1|CEPITA NARANJA 20% 1L|1.00|unidad| |4450.00|4450.00|1|unidad||||
3|1|1425|7790895009815|1|CEPITA NARANJA 995CC|1.00|unidad| |6100.00|6100.00|1|unidad||||
3|1|1425|0000000022630|0|CEREAL MIX BARRA DE CEREAL C/FRUTILLA&YOGHURT X26G|1.00|unidad| |2000.00|2000.00|1|unidad||||
3|1|1425|0000000001341|0|CEREAL MIX BARRA DE CEREAL X 23G|1.00|unidad| |2000.00|2000.00|1|unidad||||
3|1|1425|0000000022631|0|CEREAL MIX BARRA DE CEREAL YOGH/FRUTIL.L.X26g|1.00|unidad| |2000.00|2000.00|1|unidad||||
3|1|1425|7790580123345|1|CH. TL7 MENTHOL 20X16X14G|1.00|unidad| |2300.00|2300.00|1|unidad||||
3|1|1425|0000000019822|0|CH. TL7 VIBR. STRAW. 20X16X14G|1.00|unidad| |2300.00|2300.00|1|unidad||||
3|1|1425|7790580104252|1|CH. TL7 VIOL. CHERRY 20X16X14G|1.00|unidad| |2300.00|2300.00|1|unidad||||
3|1|1425|7790580317607|1|CH. TL7 XPLOS. MINT 20X16X14G|1.00|unidad| |2300.00|2300.00|1|unidad||||
3|1|1425|8445290701961|1|Choc Bananita Dolca 30 grs|1.00|unidad| |2400.00|2400.00|1|unidad||||
3|1|1425|8445290701596|1|Choc. Bananita Dolca 14grs|1.00|unidad| |1400.00|1400.00|1|unidad||||
3|1|1425|7622202328947|1|Choc. Milka 55g Leche NVO|1.00|unidad| |6400.00|6400.00|1|unidad||||
3|1|1425|7790070418296|1|Chocoarroz Blanco est. 22g|1.00|unidad| |2000.00|2000.00|1|unidad||||
3|1|1425|7790070418203|1|Chocoarroz DL 22 gr|1.00|unidad| |2000.00|2000.00|1|unidad||||
3|1|1425|7790580103521|1|CHOCOLATE LECHE CON CONFITES COFLER X 55 G|1.00|unidad| |6200.00|6200.00|1|unidad||||
3|1|1425|7798304840851|1|CHOMPAlmedC/SsaDDL6x180g|1.00|unidad| |10700.00|10700.00|1|unidad||||
3|1|1425|7798130953640|1|CHUPETIN COCO POP X 17 G|1.00|unidad| |3600.00|3600.00|1|unidad||||
3|1|1425|7798130954777|1|CHUPETIN EMOTI POP 11GR|1.00|unidad| |3600.00|3600.00|1|unidad||||
3|1|1425|0000000023604|0|CIRCULAR MEMBRILLO X UN|1.00|unidad| |1700.00|1700.00|1|unidad||||
3|1|1425|7798085680516|1|CITRIC JUGO NARANJA MANGO TETRA X 500CC|1.00|unidad| |3850.00|3850.00|1|unidad||||
3|1|1425|7798085681834|1|CITRIC JUGO NARANJA TETRA X 1L|1.00|unidad| |5750.00|5750.00|1|unidad||||
3|1|1425|7798085681445|1|CITRIC JUGO NARANJA TETRA X 250CC|1.00|unidad| |2200.00|2200.00|1|unidad||||
3|1|1425|7798085681452|1|CITRIC JUGO NARANJA TETRA X 500CC|1.00|unidad| |3850.00|3850.00|1|unidad||||
3|1|1425|7798085680295|1|CITRIC JUGO NARANJA/ DURAZNO TETRA X 500CC|1.00|unidad| |3850.00|3850.00|1|unidad||||
3|1|1425|7790895000997|1|COCA-COLA X 2.25L|1.00|unidad| |8950.00|8950.00|1|unidad||||
3|1|1425|7790040659605|1|COFLER BLOCK ALFAJOR CHOCOLATE X 60 G|1.00|unidad| |3100.00|3100.00|1|unidad||||
3|1|1425|0000000018365|0|COFLER BLOCK CHOCOLATE C/LECHE Y MANI TAB.X 110GR|1.00|unidad| |8300.00|8300.00|1|unidad||||
3|1|1425|0000000015301|0|COFLER BLOCK CHOCOLATE C/LECHE Y MANI TAB.X 38GR|1.00|unidad| |3400.00|3400.00|1|unidad||||
3|1|1425|7790580105013|1|COFLER BLOCK CHOCOLATE X 170G|1.00|unidad| |14000.00|14000.00|1|unidad||||
3|1|1425|7790580115579|1|COFLER BLOCK CHOCOLATE X 1KG|1.00|unidad| |66200.00|66200.00|1|unidad||||
3|1|1425|7790580103385|1|COFLER CHOCOLATE AIREADO BCO/LECHE X 27 GR.|1.00|unidad| |3600.00|3600.00|1|unidad||||
3|1|1425|7790580103378|1|COFLER CHOCOLATE AIREADO BLANCO X 27 GR.|1.00|unidad| |3600.00|3600.00|1|unidad||||
3|1|1425|7790580115869|1|COFLER CHOCOLATE AIREADO BON O BON X 67G|1.00|unidad| |7000.00|7000.00|1|unidad||||
3|1|1425|7790580103361|1|COFLER CHOCOLATE AIREADO LECHE X 27 GR.|1.00|unidad| |3600.00|3600.00|1|unidad||||
3|1|1425|7790580043407|1|COFLER CHOCOLATE AIREADO LECHE X 55G|1.00|unidad| |7100.00|7100.00|1|unidad||||
3|1|1425|7790580003531|1|COFLER CHOCOLATE BCO&COOK X 55G|1.00|unidad| |6200.00|6200.00|1|unidad||||
3|1|1425|7790580043506|1|COFLER CHOCOLATE LECHE CON ALMENDRAS X 55G|1.00|unidad| |6200.00|6200.00|1|unidad||||
3|1|1425|0000000024109|0|CRIOLLITO X UN|1.00|unidad| |1700.00|1700.00|1|unidad||||
3|1|1425|0000000023957|0|CROISSANT J Y Q|1.00|unidad| |6400.00|6400.00|1|unidad||||
3|1|1425|7798024760798|1|CROQUE MONSIEUR J Y Q BLANCO X UN|1.00|unidad| |10100.00|10100.00|1|unidad||||
3|1|1425|7798024760804|1|CROQUE MONSIEUR J Y Q NEGRO X UN|1.00|unidad| |10100.00|10100.00|1|unidad||||
3|1|1425|0000000020568|0|CUADRADO DE PASTA FROLA|1.00|unidad| |5300.00|5300.00|1|unidad||||
3|1|1425|0000000023543|0|DELIVERY MEDIALUNAS X 6 UNIDADES|1.00|unidad| |205.00|205.00|1|unidad||||
3|1|1425|7795735000106|1|DON SATUR TALITAS X 140GR|1.00|unidad| |2800.00|2800.00|1|unidad||||
3|1|1425|7790206007509|1|DOS CORAZONES BOCADITO CHOC.C/LECHE RELL. X 26GR|1.00|unidad| |2200.00|2200.00|1|unidad||||
3|1|1425|7792799000035|1|ECO DE LOS ANDES AGUA CON GAS PET X 500CC.|1.00|unidad| |3300.00|3300.00|1|unidad||||
3|1|1425|7798128000486|1|EL CACHAFAZ ALFAJOR BLANCO FLOWPACK X 60 GR|1.00|unidad| |3300.00|3300.00|1|unidad||||
3|1|1425|7798128000462|1|EL CACHAFAZ ALFAJOR CHOCOLATE FLOWPACK X 60 GR|1.00|unidad| |3200.00|3200.00|1|unidad||||
3|1|1425|7798128001940|1|EL CACHAFAZ ALFAJOR DE MAICENA X 76G|1.00|unidad| |3300.00|3300.00|1|unidad||||
3|1|1425|7798128001797|1|EL CACHAFAZ CONITO DULCE DE LECHE X 38G|1.00|unidad| |2700.00|2700.00|1|unidad||||
3|1|1425|7798024760569|1|ENSALADA CESAR  PREMIUM X UN|1.00|unidad| |14300.00|14300.00|1|unidad||||
3|1|1425|7798024760392|1|ENSALADA CHEF PREMIUM X UN|1.00|unidad| |14300.00|14300.00|1|unidad||||
3|1|1425|7798024766417|1|ENSALADA MIX VEG.C/PECHUGUITAS AL SESAMO X UN|1.00|unidad| |14300.00|14300.00|1|unidad||||
3|1|1425|7613035242524|1|EPA DDL MAX 88GR|1.00|unidad| |6800.00|6800.00|1|unidad||||
3|1|1425|7613035242500|1|EPA ROCKER X 88G|1.00|unidad| |6800.00|6800.00|1|unidad||||
3|1|1425|7898024390121|1|FERRERO ROCHER BOMBON CHOC.RELL.PAQ.3 UNID X 37.5G|1.00|unidad| |5600.00|5600.00|1|unidad||||
3|1|1425|7798024760255|1|FIGAZZITAS DE SALAME Y QUESO X 2 UN|1.00|unidad| |9100.00|9100.00|1|unidad||||
3|1|1425|7798147780062|1|Franui sabor Black 150gr|1.00|unidad| |8500.00|8500.00|1|unidad||||
3|1|1425|7798147783223|1|Franui sabor Leche 150gr|1.00|unidad| |8500.00|8500.00|1|unidad||||
3|1|1425|7790070431936|1|Gallo YoguBar 20gr|1.00|unidad| |1800.00|1800.00|1|unidad||||
3|1|1425|0067061111111|1|GATORADE COOL BLUE PET X 500CC|1.00|unidad| |4300.00|4300.00|1|unidad||||
3|1|1425|0071971211111|1|GATORADE FRUTOS TROPICALES PET X 750CC|1.00|unidad| |5200.00|5200.00|1|unidad||||
3|1|1425|0066011111111|1|GATORADE MANZANA PET X 500CC|1.00|unidad| |4300.00|4300.00|1|unidad||||
3|1|1425|0042831111111|1|GATORADE MANZANA PET X 750CC|1.00|unidad| |5100.00|5100.00|1|unidad||||
3|1|1425|0006602111111|1|GATORADE NARANJA PET X 500CC|1.00|unidad| |4300.00|4300.00|1|unidad||||
3|1|1425|7798024766103|1|GRANDWICH PANINI GRIGLIATTI JAM/QUE/TOM/HUE X 210G|1.00|unidad| |7350.00|7350.00|1|unidad||||
3|1|1425|0000000023445|0|HALLS FREE MENTA X 28 G|1.00|unidad| |1500.00|1500.00|1|unidad||||
3|1|1425|7791249450277|1|HALLS MENTA LYPTUS CARAMELOS DUROS PAQ.X 28G|1.00|unidad| |1300.00|1300.00|1|unidad||||
3|1|1425|0000000023603|0|ICEDREAM CIRCULAR PASTELERA X UN|1.00|unidad| |1700.00|1700.00|1|unidad||||
3|1|1425|0028411111111|1|JORGITO ALFAJOR BLANCO X 50G|1.00|unidad| |1800.00|1800.00|1|unidad||||
3|1|1425|0011111112842|1|JORGITO ALFAJOR CHOCOLATE X 55G|1.00|unidad| |1800.00|1800.00|1|unidad||||
3|1|1425|7790957000545|1|JORGITO MINI ALFAJOR CHOCOLATE PAQ.X 6 UNID.|1.00|unidad| |4900.00|4900.00|1|unidad||||
3|1|1425|7790957000538|1|JORGITO MINI ALFAJOR GLACEADO PAQ.X 6 UNID.X 155GR|1.00|unidad| |4900.00|4900.00|1|unidad||||
3|1|1425|0000080052760|1|KINDER BUENO OBLEA CHOCOLATE CON LECHE X 43G|1.00|unidad| |4900.00|4900.00|1|unidad||||
3|1|1425|0000077949677|1|KINDER CHOCOLATE X 50G|1.00|unidad| |5700.00|5700.00|1|unidad||||
3|1|1425|7891000379073|1|KIT KAT DARK OBLEA BAÑADA CHOCOLATE X 41.5G|1.00|unidad| |3000.00|3000.00|1|unidad||||
3|1|1425|7891000379028|1|KIT KAT OBLEA BAÑADA CHOCOLATE BLANCO X 41.5G|1.00|unidad| |3000.00|3000.00|1|unidad||||
3|1|1425|7791337007260|1|Leche chocolatada Cindor 200ml|1.00|unidad| |3800.00|3800.00|1|unidad||||
3|1|1425|7791337007253|1|Leche chocolatada Cindor x 1L|1.00|unidad| |11500.00|11500.00|1|unidad||||
3|1|1425|7798368470391|1|LUCCIANO´S CHANTILLY X 100GR (02)|1.00|unidad| |7400.00|7400.00|1|unidad||||
3|1|1425|7798368470384|1|LUCCIANO´S CHOCOLATE C/CROCANTE X 100GR (01)|1.00|unidad| |7400.00|7400.00|1|unidad||||
3|1|1425|7798368470421|1|LUCCIANO´S CHOCOLATE X 90GR (05)|1.00|unidad| |7400.00|7400.00|1|unidad||||
3|1|1425|7798368470438|1|LUCCIANO´S DDL C/ CROCANTE X 90GR (06)|1.00|unidad| |7400.00|7400.00|1|unidad||||
3|1|1425|0000000024240|0|LUCCIANO´S DDL X 90GR (03)|1.00|unidad| |6000.00|6000.00|1|unidad||||
3|1|1425|7798368470476|1|LUCCIANO´S MINION ICE POP X 100GR (10)|1.00|unidad| |7900.00|7900.00|1|unidad||||
3|1|1425|7798368470469|1|LUCCIANO´S OLI KING X 90GR (09)|1.00|unidad| |7800.00|7800.00|1|unidad||||
3|1|1425|7798368470735|1|LUCCIANO´S PISTACCHIO X 95GR (08)|1.00|unidad| |7800.00|7800.00|1|unidad||||
3|1|1425|7798368470414|1|LUCCIANO´S SORBETE PATAGONIA X 90GR (04)|1.00|unidad| |7400.00|7400.00|1|unidad||||
3|1|1425|7613034797469|1|LUXOR BOMBON HELADO 53G|1.00|unidad| |3100.00|3100.00|1|unidad||||
3|1|1425|7797453001441|1|M&M Chocolate 48 Grs|1.00|unidad| |5000.00|5000.00|1|unidad||||
3|1|1425|7797453001458|1|M&M MANI PAQ. X 49 GR|1.00|unidad| |5000.00|5000.00|1|unidad||||
3|1|1425|7790387015324|1|MAÑANITA YERBA 4FLEX X 500 GR|1.00|unidad| |4600.00|4600.00|1|unidad||||
3|1|1425|7790206006106|1|MARROC BOCADITO X 14 GR.|1.00|unidad| |1250.00|1250.00|1|unidad||||
3|1|1425|7798024760125|1|MAX PREMIUM JyQ-TOM-HUE- PAN NGO X UN|1.00|unidad| |10600.00|10600.00|1|unidad||||
3|1|1425|7798024766172|1|MAX PREMIUM POLLO-RU-PAR-PAN NGO X UN|1.00|unidad| |10600.00|10600.00|1|unidad||||
3|1|1425|7798024760552|1|MAX TRIANGULO LIGHT POLLO-LEC-PAN NGO X UN|1.00|unidad| |10600.00|10600.00|1|unidad||||
3|1|1425|0000000023602|0|MEDIALUNA DE GRASA X UN|1.00|unidad| |1700.00|1700.00|1|unidad||||
3|1|1425|0000000023601|0|MEDIALUNA DE MANTECA X UN|1.00|unidad| |1700.00|1700.00|1|unidad||||
3|1|1425|7891000120057|1|MEGA AMERICANA CON ALMENDRAS X 74g|1.00|unidad| |7600.00|7600.00|1|unidad||||
3|1|1425|0000000020546|0|MENTHO-PLUS ACIDOS CEREZA X 27.2G|1.00|unidad| |1900.00|1900.00|1|unidad||||
3|1|1425|0000000020540|0|MENTHO-PLUS ACIDOS NARANJA X 27.2G|1.00|unidad| |1900.00|1900.00|1|unidad||||
3|1|1425|0000000021660|0|MENTHO-PLUS CARAMELOS INHALANTES DE CEREZA X 29.4G|1.00|unidad| |1000.00|1000.00|1|unidad||||
3|1|1425|0000000021663|0|MENTHO-PLUS CARAMELOS INHALANTES MIEL X 29.4G|1.00|unidad| |1000.00|1000.00|1|unidad||||
3|1|1425|0000000021661|0|MENTHO-PLUS CARAMELOS INHALANTES STRONG X 29.4G|1.00|unidad| |1000.00|1000.00|1|unidad||||
3|1|1425|0000000017476|0|MENTHO-PLUS CARAMELOS SIN AZUCAR CHERRY X 27.3G|1.00|unidad| |1900.00|1900.00|1|unidad||||
3|1|1425|0000000017474|0|MENTHO-PLUS CARAMELOS SIN AZUCAR MENTOL X 27.3G|1.00|unidad| |1900.00|1900.00|1|unidad||||
3|1|1425|0000000021664|0|MENTHOPLUS MENTA X 29.4G|1.00|unidad| |1000.00|1000.00|1|unidad||||
3|1|1425|0000000021662|0|MENTHOPLUS MENTOL X 29.4G|1.00|unidad| |1000.00|1000.00|1|unidad||||
3|1|1425|0000000021044|0|MENTHOPLUS ZERO CARAMELOS DURAZNO X 26.6G|1.00|unidad| |1900.00|1900.00|1|unidad||||
3|1|1425|0000000021047|0|MENTHOPLUS ZERO CARAMELOS STRONG X 26.6G|1.00|unidad| |1900.00|1900.00|1|unidad||||
3|1|1425|7895144699851|1|MENTOS CARAMELOS MASTICABLES SAB.FRUTA X 29.7GR|1.00|unidad| |1300.00|1300.00|1|unidad||||
3|1|1425|7895144699844|1|MENTOS CARAMELOS MASTICABLES SAB.MENTA X 29.7GR|1.00|unidad| |1300.00|1300.00|1|unidad||||
3|1|1425|0000000021770|0|MERMELADAS X UNIDAD|1.00|unidad| |60.00|60.00|1|unidad||||
3|1|1425|0000077903785|1|MILKA ALFAJOR MOUSSE TRIPLE X 55 GR.|1.00|unidad| |3000.00|3000.00|1|unidad||||
3|1|1425|7622300457303|1|MILKA ALFAJOR TRIPLE BLANCO X 55G|1.00|unidad| |3000.00|3000.00|1|unidad||||
3|1|1425|7622300844967|1|MILKA CHOCOLATE BLANCO CON DULCE DE LECHE X 67.5G|1.00|unidad| |7200.00|7200.00|1|unidad||||
3|1|1425|7622300844943|1|MILKA CHOCOLATE C DULCE DE LECHE X 67.5G|1.00|unidad| |7400.00|7400.00|1|unidad||||
3|1|1425|0000000021565|0|MILKA CHOCOLATE C/LECHE ALMENDRAS|1.00|unidad| |3510.00|3510.00|1|unidad||||
3|1|1425|7622300990114|1|MILKA CHOCOLATE CON LECHE X 150G|1.00|unidad| |14100.00|14100.00|1|unidad||||
3|1|1425|7622201818937|1|MILKA LEGER CHOCOLATE LECHE TABLETA X 50G|1.00|unidad| |6100.00|6100.00|1|unidad||||
3|1|1425|7790580116958|1|MOGUL CARAMELO DE GOMA DINOS X 30G|1.00|unidad| |850.00|850.00|1|unidad||||
3|1|1425|7790580129507|1|MOGUL CARAMELOS DE GOMA ACIDOS BOLSA X 60G|1.00|unidad| |1400.00|1400.00|1|unidad||||
3|1|1425|7790580169312|1|MOGUL CARAMELOS DE GOMA CEREBRITOS X 30G|1.00|unidad| |1200.00|1200.00|1|unidad||||
3|1|1425|7790580116460|1|MOGUL CARAMELOS DE GOMA EXTREME ACIDO ROLLO X 35G|1.00|unidad| |1200.00|1200.00|1|unidad||||
3|1|1425|7790580603809|1|MOGUL CARAMELOS DE GOMA FRUTALES ROLLO X 35G|1.00|unidad| |1200.00|1200.00|1|unidad||||
3|1|1425|7790580199913|1|MOGUL CARAMELOS DE GOMA OSITOS X 30 GR|1.00|unidad| |1200.00|1200.00|1|unidad||||
3|1|1425|7790580200114|1|MOGUL CARAMELOS DE GOMA TIBURON X 30G|1.00|unidad| |1200.00|1200.00|1|unidad||||
3|1|1425|7798422620014|1|MONSTER ENERGY GREEN X 473CC|1.00|unidad| |5500.00|5500.00|1|unidad||||
3|1|1425|7798422620045|1|MONSTER MANGO LOCO 473|1.00|unidad| |5500.00|5500.00|1|unidad||||
3|1|1425|7798422620021|1|MONSTER ULTRA x 473 CC|1.00|unidad| |5500.00|5500.00|1|unidad||||
3|1|1425|1111111111142|1|MUFFIN CHIPS CHOC X UN|1.00|unidad| |4300.00|4300.00|1|unidad||||
3|1|1425|1111111111145|1|MUFFIN VAINILLA C/DDL X UN|1.00|unidad| |4300.00|4300.00|1|unidad||||
3|1|1425|7798304841261|1|NESQUIK NUTRIACTIV B HEL.CHOCOLATE CON CALCIN-N|1.00|unidad| |1900.00|1900.00|1|unidad||||
3|1|1425|7622210723468|1|OREO GALLETITAS BAÑADAS CHOCOLATE x17gr|1.00|unidad| |210.00|210.00|1|unidad||||
3|1|1425|7899975800523|1|Oreo Palito AR 20 x 65g|1.00|unidad| |6800.00|6800.00|1|unidad||||
3|1|1425|7899975800509|1|OREO SANDWICH AR 81GR|1.00|unidad| |6800.00|6800.00|1|unidad||||
3|1|1425|7798304841124|1|OREO TACITA X 95G|1.00|unidad| |6800.00|6800.00|1|unidad||||
3|1|1425|0000000024088|0|PAN DE CHOCOLATE X UN|1.00|unidad| |4300.00|4300.00|1|unidad||||
3|1|1425|7798024766110|1|PANINI GRIGLIATTI DE PECETO X 210G|1.00|unidad| |7350.00|7350.00|1|unidad||||
3|1|1425|7791007000764|1|PAÑUELOS DESCARTABLES CAJA X 75 UNID|1.00|unidad| |3600.00|3600.00|1|unidad||||
3|1|1425|7791070003482|1|PAÑUELOS DESCARTABLES X UNID|1.00|unidad| |700.00|700.00|1|unidad||||
3|1|1425|7798024760781|1|PEBETE PECHUGA CRISPY X UN|1.00|unidad| |10200.00|10200.00|1|unidad||||
3|1|1425|7798024760361|1|PECHUGA GRILLE C/VEGETAL DEL HUERTO X UN|1.00|unidad| |12700.00|12700.00|1|unidad||||
3|1|1425|0000077915481|1|PEPITOS ALFAJOR TRIPLE DE CHOCOLATE X 57GR|1.00|unidad| |3000.00|3000.00|1|unidad||||
3|1|1425|7791813828365|1|PEPSI BLACK PET X 500CC|1.00|unidad| |3450.00|3450.00|1|unidad||||
3|1|1425|1111111111200|1|PICO DULCE CHUPETIN X 14 GR.|1.00|unidad| |500.00|500.00|1|unidad||||
3|1|1425|7790895641183|1|POWERADE FRUTAS TROPICALES PET X 500CC|1.00|unidad| |3500.00|3500.00|1|unidad||||
3|1|1425|7790895640018|1|POWERADE MANZANA PET X 500CC|1.00|unidad| |3500.00|3500.00|1|unidad||||
3|1|1425|7790895640025|1|POWERADE MOUNTAIN BLAST PET X 500CC|1.00|unidad| |3500.00|3500.00|1|unidad||||
3|1|1425|7791519200021|1|PRIME PRESERVATIVO ANATOMICO CAJA X 3 UNID.|1.00|unidad| |6300.00|6300.00|1|unidad||||
3|1|1425|7791519200076|1|PRIME PRESERVATIVO ESPERMICIDA CAJA X 3 UNID.|1.00|unidad| |6300.00|6300.00|1|unidad||||
3|1|1425|7791519000676|1|PRIME PRESERVATIVO EXTRA LUBRICADO CAJA X 3 UNID.|1.00|unidad| |6300.00|6300.00|1|unidad||||
3|1|1425|7791519200045|1|PRIME PRESERVATIVO SUPERFINO CAJA X 3 UNID.|1.00|unidad| |6300.00|6300.00|1|unidad||||
3|1|1425|7791519200090|1|PRIME PRESERVATIVO TACHAS CAJA X 3 UNID.|1.00|unidad| |6300.00|6300.00|1|unidad||||
3|1|1425|7791519200069|1|PRIME PRESERVATIVO TEXTURADO CAJA X 3 UNID.|1.00|unidad| |6300.00|6300.00|1|unidad||||
3|1|1425|7790742167101|1|Queso Finlandia Chef Cheddar 150gr PAQUETE INSUMO|1.00|unidad| |685.00|685.00|1|unidad||||
3|1|1425|0045011111111|1|RED BULL ENERGY DRINK LATA X 250 CC|1.00|unidad| |5500.00|5500.00|1|unidad||||
3|1|1425|0000090435225|1|RED BULL ENERGY DRINK LATA X 355 CC|1.00|unidad| |6900.00|6900.00|1|unidad||||
3|1|1425|9002490232054|1|RED BULL ENERGY DRINK SUGAR FREE LATA X 250CC|1.00|unidad| |5500.00|5500.00|1|unidad||||
3|1|1425|7790580327415|1|ROCKLETS CONFITES DE CHOCOLATE PAQ. X 40 GR|1.00|unidad| |3100.00|3100.00|1|unidad||||
3|1|1425|7790580327613|1|ROCKLETS NARANJA MANI C/CHOCOLATE CONFITADO X 40G|1.00|unidad| |3100.00|3100.00|1|unidad||||
3|1|1425|7798024760507|1|ROLL CHICKEN CAESAR X 210GR|1.00|unidad| |10600.00|10600.00|1|unidad||||
3|1|1425|0000000023605|0|SACRAMENTO MEMBRILLO X UN|1.00|unidad| |1700.00|1700.00|1|unidad||||
3|1|1425|7790580716806|1|SALADIX GALLETITAS SAB. CALABRESA CAJA X 100G|1.00|unidad| |3200.00|3200.00|1|unidad||||
3|1|1425|7790580716707|1|SALADIX GALLETITAS SAB. JAMON CAJA X 100G|1.00|unidad| |3200.00|3200.00|1|unidad||||
3|1|1425|7790580697303|1|SALADIX GALLETITAS SAB. PIZZA CAJA X 100G|1.00|unidad| |3200.00|3200.00|1|unidad||||
3|1|1425|7790040374607|1|SALADIX GALLETITAS SAB.DUO CAJA X 80G|1.00|unidad| |3200.00|3200.00|1|unidad||||
3|1|1425|7790040123434|1|SALADIX GALLETITAS SAB.KESITOS X80G|1.00|unidad| |2700.00|2700.00|1|unidad||||
3|1|1425|0000077956699|1|SHOT ALFAJOR TRISHOT TRIPLE X 60G|1.00|unidad| |3000.00|3000.00|1|unidad||||
3|1|1425|7622300424084|1|SHOT CHOCOLATE CON LECHE Y MANI TABLETA X 170 GR|1.00|unidad| |12500.00|12500.00|1|unidad||||
3|1|1425|0000077914217|1|SHOT CHOCOLATE LECHE CON MANI TABLETA X 35G|1.00|unidad| |3000.00|3000.00|1|unidad||||
3|1|1425|7798304841803|1|SIN PARAR CHOCOLATE DULCE DE LECHE X 90G|1.00|unidad| |3000.00|3000.00|1|unidad||||
3|1|1425|7798304841797|1|SIN PARAR DULCE DE LECHE Y AMERICANA X 90G|1.00|unidad| |3000.00|3000.00|1|unidad||||
3|1|1425|7798304841780|1|SIN PARAR FRUTILLA CREMA X 90G|1.00|unidad| |3000.00|3000.00|1|unidad||||
3|1|1425|0022000018465|1|SKITTLES CONFITES ORIGINAL FRUIT PAQ.X 61.5GR|1.00|unidad| |4700.00|4700.00|1|unidad||||
3|1|1425|0022000018489|1|SKITTLES CONFITES WILDBERRY PAQ.X 61.5GR|1.00|unidad| |4700.00|4700.00|1|unidad||||
3|1|1425|7790895646027|1|SMART WATER C/G 591 ML|1.00|unidad| |3500.00|3500.00|1|unidad||||
3|1|1425|7790895645778|1|SMART WATER S/G 591 ML|1.00|unidad| |3500.00|3500.00|1|unidad||||
3|1|1425|7506174512248|1|SNICKERS BARRA RELL.MANI CUB.C/CHOCOLATE X 48 GR|1.00|unidad| |4700.00|4700.00|1|unidad||||
3|1|1425|0522111111111|1|SPEED UNLIMITED LATA X 250CC|1.00|unidad| |4200.00|4200.00|1|unidad||||
3|1|1425|0040000000518|1|STARBURST CARAMELO MASTICABLE SURTIDO PAQ.X 58.7G|1.00|unidad| |5100.00|5100.00|1|unidad||||
3|1|1425|7790580060206|1|SUGUS CARAMELO MASTICABLE SUELTO X 3.3 GR|1.00|unidad| |50.00|50.00|1|unidad||||
3|1|1425|7790580056001|1|SUGUS CONFITADOS CONFITES DE CARAMELO SURT.X 50 G|1.00|unidad| |2000.00|2000.00|1|unidad||||
3|1|1425|7790387000849|1|TARAGUI MATE COCIDO X 25 UNID S ENS|1.00|unidad| |135.00|135.00|1|unidad||||
3|1|1425|0029601111111|1|TARAGUI MATE LISTO X 35 GR.|1.00|unidad| |4000.00|4000.00|1|unidad||||
3|1|1425|0029621111111|1|TARAGUI TERMO MATE-LISTO CAPACIDAD 500 CC.|1.00|unidad| |5900.00|5900.00|1|unidad||||
3|1|1425|7790387013627|1|TARAGUI YERBA 4FLEX X 500 GR.|1.00|unidad| |4600.00|4600.00|1|unidad||||
3|1|1425|0000077939234|1|TERRABUSI ALFAJOR CHOCOLATE X 50 GR|1.00|unidad| |2000.00|2000.00|1|unidad||||
3|1|1425|0000077903792|1|TERRABUSI ALFAJOR TRIPLE CHOCOLATE X 70G.|1.00|unidad| |3000.00|3000.00|1|unidad||||
3|1|1425|0000077903860|1|TERRABUSI ALFAJOR TRIPLE TIPO TORTA CHOCOLAT.X 70G|1.00|unidad| |3000.00|3000.00|1|unidad||||
3|1|1425|7622300335052|1|TERRABUSI SNACKY X 60GR|1.00|unidad| |4600.00|4600.00|1|unidad||||
3|1|1425|7861002910314|1|TIC TAC PASTILLAS SABOR MENTA CAJA X 16 GR.|1.00|unidad| |1600.00|1600.00|1|unidad||||
3|1|1425|7861002910321|1|TIC TAC PASTILLAS SABOR NARANJA CAJA X 16 GR.|1.00|unidad| |1600.00|1600.00|1|unidad||||
3|1|1425|7790580746612|1|TOFI CHOCOLATE C/LECHE RELLENO D.LECHE X 55G|1.00|unidad| |420.00|420.00|1|unidad||||
3|1|1425|7798024760354|1|TOP PBT DE JAMON COCIDO Y QUESO X UN|1.00|unidad| |9100.00|9100.00|1|unidad||||
3|1|1425|0000000019823|0|TOPLINE 7 CHICLE S/AZUCAR ATM STRONG X 14G|1.00|unidad| |2300.00|2300.00|1|unidad||||
3|1|1425|0000000018843|0|TOPLINE 7 CHICLE S/AZUCAR MANDARINA  CAJA X 14G|1.00|unidad| |2300.00|2300.00|1|unidad||||
3|1|1425|7790580120573|1|TOPLINE 7 ULTRA CLEAN X 24G|1.00|unidad| |3600.00|3600.00|1|unidad||||
3|1|1425|7790580120702|1|TOPLINE 7 ULTRA GREEN MINT X 24G|1.00|unidad| |3600.00|3600.00|1|unidad||||
3|1|1425|7790580121013|1|TOPLINE 7 ULTRA RED BERRY X 24G|1.00|unidad| |3600.00|3600.00|1|unidad||||
3|1|1425|7798304841421|1|TORPEDO FRUTILLA|1.00|unidad| |2100.00|2100.00|1|unidad||||
3|1|1425|7798304841414|1|TORPEDO LIMON|1.00|unidad| |2100.00|2100.00|1|unidad||||
3|1|1425|7798024760460|1|TRIPLE MIGA BLANCO J.COCIDO Y QUESO X 3 UN|1.00|unidad| |9600.00|9600.00|1|unidad||||
3|1|1425|7798024760477|1|TRIPLE MIGA NEGRO J.COCIDO Y QUESO X 3 UN|1.00|unidad| |9600.00|9600.00|1|unidad||||
3|1|1425|7622202839962|1|VARIEDAD GALLETITAS DULCES SURTIDAS X 390GR.|1.00|unidad|VARIEDAD|5800.00|5800.00|1|unidad||||
3|1|1425|0016871111111|1|VASO REUTILIZABLE|1.00|unidad| |4500.00|4500.00|1|unidad||||
3|1|1425|0000000004361|0|VAUQUITA TABLETA DE DULCE DE LECHE X 25 GR.|1.00|unidad| |190.00|190.00|1|unidad||||
3|1|1425|7790315100184|1|VDS LEVITE CERO AGUA S/G MANZANA PET X 500cc|1.00|unidad| |3450.00|3450.00|1|unidad||||
3|1|1425|0021352111111|1|VDS LEVITE CERO AGUA S/G NARANJA PET X 500cc|1.00|unidad| |3450.00|3450.00|1|unidad||||
3|1|1425|0021347111111|1|VILLA DEL SUR LEVITE S/G MANZANA PET X 500cc|1.00|unidad| |3450.00|3450.00|1|unidad||||
3|1|1425|7798062548655|1|VILLA DEL SUR LEVITE S/G NARANJA PET X 500cc|1.00|unidad| |3450.00|3450.00|1|unidad||||
3|1|1425|0021349111111|1|VILLA DEL SUR LEVITE S/G PERA PET X 500cc|1.00|unidad| |3450.00|3450.00|1|unidad||||
3|1|1425|7799155000982|1|VILLA DEL SUR LEVITE S/G POMELO PET X 500cc|1.00|unidad| |3450.00|3450.00|1|unidad||||
3|1|1425|7799155000210|1|VILLAVICENCIO AGUA FINAMENTE GASIFICADA PET X 1.5L|1.00|unidad| |5300.00|5300.00|1|unidad||||
3|1|1425|7799155000203|1|VILLAVICENCIO AGUA FINAMENTE GASIFICADA PET X 500C|1.00|unidad| |3650.00|3650.00|1|unidad||||
3|1|1425|0022000293220|1|Wrigleys Doubl 12.5g|1.00|unidad| |2600.00|2600.00|1|unidad||||
3|1|1425|0022000293305|1|Wrigleys Spear 12.5g|1.00|unidad| |2600.00|2600.00|1|unidad||||
3|1|1425|7791337010826|1|Yogurisimo Botellita Frutilla x 190g|1.00|unidad| |5500.00|5500.00|1|unidad||||
3|1|1425|7798187760246|1|ZAFRAN BARRA DE CEREAL ALM/COCO X 28G|1.00|unidad| |1900.00|1900.00|1|unidad||||
3|1|1425|7798187760277|1|ZAFRAN BARRA DE CEREAL CAJU/ZAPALLO 28G|1.00|unidad| |1900.00|1900.00|1|unidad||||
3|1|1425|7798187760253|1|ZAFRAN BARRA DE CEREAL MANI/CACAO 28G|1.00|unidad| |1900.00|1900.00|1|unidad||||
3|1|1425|7798187760260|1|ZAFRAN BARRA DE CEREAL MZNA/CHIA 28G|1.00|unidad| |1900.00|1900.00|1|unidad||||
3|1|1426|7791813434412|1|7UP FREE PET X 1.5L|1.00|unidad| |5200.00|5200.00|1|unidad||||
3|1|1426|0000000023897|0|AFEITADORA BIC COMFORT  3|1.00|unidad| |820.00|820.00|1|unidad||||
3|1|1426|7790580109882|1|AGUILA EXTRAFINO 60% CACAO X 150 GR|1.00|unidad| |16100.00|16100.00|1|unidad||||
3|1|1426|7790040133594|1|AGUILA MINITORTA BROWNIE X 72G|1.00|unidad| |3100.00|3100.00|1|unidad||||
3|1|1426|7790040298705|1|AGUILA MINITORTA DDLECHE/MOUSSE SAB.VAINILLA X 72G|1.00|unidad| |3100.00|3100.00|1|unidad||||
3|1|1426|0000000023956|0|ALFAJOR CHOCOLATE|1.00|unidad| |2350.00|2350.00|1|unidad||||
3|1|1426|0000000023280|0|ALFAJORES DE MAICENA|1.00|unidad| |2350.00|2350.00|1|unidad||||
3|1|1426|7790580607418|1|ARCOR CHOCOLATE BLANCO TABLETA X 25 GR|1.00|unidad| |2500.00|2500.00|1|unidad||||
3|1|1426|7790580607210|1|ARCOR CHOCOLATE CON LECHE TABLETA X 25GR|1.00|unidad| |2500.00|2500.00|1|unidad||||
3|1|1426|0000000001339|0|ARCOR OBLEA RELLENA C/PASTA DE TURRON Y MANI X 25G|1.00|unidad| |700.00|700.00|1|unidad||||
3|1|1426|7793360294600|1|BC JUGO MANZANA TETRA X 200CC|1.00|unidad| |1300.00|1300.00|1|unidad||||
3|1|1426|7793360246609|1|BC JUGO NARANJA TETRA X 200CC.|1.00|unidad| |1300.00|1300.00|1|unidad||||
3|1|1426|7790580154264|1|BEB MULTIFRUTA BC 24X200ML|1.00|unidad| |1300.00|1300.00|1|unidad||||
3|1|1426|7792730020559|1|BIZNIKKE NEVADO CHOCOLATE TABLETA X 120 GR.|1.00|unidad| |9200.00|9200.00|1|unidad||||
3|1|1426|7790580722708|1|BOMBON TOFI LECHE X 15G|1.00|unidad| |2100.00|2100.00|1|unidad||||
3|1|1426|7790040613607|1|Bon O Bon Alfajor Chocolate Blanco x40 gr|1.00|unidad| |2100.00|2100.00|1|unidad||||
3|1|1426|7790040613706|1|BON O BON ALFAJOR CHOCOLATE NEGRO/LECHE X 40G|1.00|unidad| |2100.00|2100.00|1|unidad||||
3|1|1426|0000000021586|0|BON-O-BON BOMBON AGUILA X 15G|1.00|unidad| |1100.00|1100.00|1|unidad||||
3|1|1426|7790580119058|1|BON-O-BON BOMBON CHOCOLATE BLANCO X 15G|1.00|unidad| |1100.00|1100.00|1|unidad||||
3|1|1426|0000000021587|0|BON-O-BON BOMBON CHOCOLINA X 15G|1.00|unidad| |1100.00|1100.00|1|unidad||||
3|1|1426|7792360072409|1|BONAFIDE BOCADITO DDL X 16G|1.00|unidad| |1800.00|1800.00|1|unidad||||
3|1|1426|0000000021151|0|BROWNIE ARTESANAL|1.00|unidad| |5850.00|5850.00|1|unidad||||
3|1|1426|0000000023273|0|BUDIN BANANA Y DDL|1.00|unidad| |5300.00|5300.00|1|unidad||||
3|1|1426|0000000021701|0|BUDIN DE FRUTOS SECOS|1.00|unidad| |5300.00|5300.00|1|unidad||||
3|1|1426|0000000021700|0|BUDIN DE LIMON Y ARANDANOS|1.00|unidad| |5300.00|5300.00|1|unidad||||
3|1|1426|7790407022011|1|CABSHA BOCADITO X 10G|1.00|unidad| |1000.00|1000.00|1|unidad||||
3|1|1426|7798128000271|1|CACHAFAZ ALFAJOR MOUSSE X 50G|1.00|unidad| |3400.00|3400.00|1|unidad||||
3|1|1426|7622201818739|1|CADBURY CHOCOLATE C/LECHE TRES SUEÑOS X 82G|1.00|unidad| |8200.00|8200.00|1|unidad||||
3|1|1426|7622201818654|1|CADBURY CHOCOLATE RELLENO YOGHURT FRUTILLA X 29G|1.00|unidad| |3500.00|3500.00|1|unidad||||
3|1|1426|7622202271250|1|Caram. Halls 12u Strong Nvo|1.00|unidad| |1350.00|1350.00|1|unidad||||
3|1|1426|7622202247286|1|Caram. Halls Cherry Nvo 28 Grs|1.00|unidad| |1350.00|1350.00|1|unidad||||
3|1|1426|7790895649301|1|CEPITA 20% NARANJA 200ML|1.00|unidad| |2200.00|2200.00|1|unidad||||
3|1|1426|7790895009853|1|CEPITA JUGO MANZANA BOTELLA X 1L|1.00|unidad| |6100.00|6100.00|1|unidad||||
3|1|1426|7790895000720|1|CEPITA JUGO MANZANA TETRA X 200CC.|1.00|unidad| |2200.00|2200.00|1|unidad||||
3|1|1426|7790895647017|1|CEPITA JUGO MANZANA ZINC TETRA X 1 LT.|1.00|unidad| |4450.00|4450.00|1|unidad||||
3|1|1426|7790895000737|1|CEPITA JUGO MULTIFRUTA TETRA X 200CC|1.00|unidad| |2200.00|2200.00|1|unidad||||
3|1|1426|7790895647123|1|CEPITA JUGO MULTIFRUTA ZINC TETRA X 1 LT.|1.00|unidad| |4450.00|4450.00|1|unidad||||
3|1|1426|7790895648267|1|CEPITA NARANJA 20% 1L|1.00|unidad| |4450.00|4450.00|1|unidad||||
3|1|1426|7790895009815|1|CEPITA NARANJA 995CC|1.00|unidad| |6100.00|6100.00|1|unidad||||
3|1|1426|0000000022630|0|CEREAL MIX BARRA DE CEREAL C/FRUTILLA&YOGHURT X26G|1.00|unidad| |2000.00|2000.00|1|unidad||||
3|1|1426|0000000001341|0|CEREAL MIX BARRA DE CEREAL X 23G|1.00|unidad| |2000.00|2000.00|1|unidad||||
3|1|1426|0000000022631|0|CEREAL MIX BARRA DE CEREAL YOGH/FRUTIL.L.X26g|1.00|unidad| |2000.00|2000.00|1|unidad||||
3|1|1426|7790580123345|1|CH. TL7 MENTHOL 20X16X14G|1.00|unidad| |2300.00|2300.00|1|unidad||||
3|1|1426|0000000019822|0|CH. TL7 VIBR. STRAW. 20X16X14G|1.00|unidad| |2300.00|2300.00|1|unidad||||
3|1|1426|7790580104252|1|CH. TL7 VIOL. CHERRY 20X16X14G|1.00|unidad| |2300.00|2300.00|1|unidad||||
3|1|1426|7790580317607|1|CH. TL7 XPLOS. MINT 20X16X14G|1.00|unidad| |2300.00|2300.00|1|unidad||||
3|1|1426|8445290701961|1|Choc Bananita Dolca 30 grs|1.00|unidad| |2400.00|2400.00|1|unidad||||
3|1|1426|8445290701596|1|Choc. Bananita Dolca 14grs|1.00|unidad| |1400.00|1400.00|1|unidad||||
3|1|1426|7622202328947|1|Choc. Milka 55g Leche NVO|1.00|unidad| |6400.00|6400.00|1|unidad||||
3|1|1426|7790070418296|1|Chocoarroz Blanco est. 22g|1.00|unidad| |2000.00|2000.00|1|unidad||||
3|1|1426|7790070418203|1|Chocoarroz DL 22 gr|1.00|unidad| |2000.00|2000.00|1|unidad||||
3|1|1426|7790580103521|1|CHOCOLATE LECHE CON CONFITES COFLER X 55 G|1.00|unidad| |6200.00|6200.00|1|unidad||||
3|1|1426|7798304840851|1|CHOMPAlmedC/SsaDDL6x180g|1.00|unidad| |10700.00|10700.00|1|unidad||||
3|1|1426|7798130953640|1|CHUPETIN COCO POP X 17 G|1.00|unidad| |3600.00|3600.00|1|unidad||||
3|1|1426|7798130954777|1|CHUPETIN EMOTI POP 11GR|1.00|unidad| |3600.00|3600.00|1|unidad||||
3|1|1426|0000000023604|0|CIRCULAR MEMBRILLO X UN|1.00|unidad| |1700.00|1700.00|1|unidad||||
3|1|1426|7798085680516|1|CITRIC JUGO NARANJA MANGO TETRA X 500CC|1.00|unidad| |3850.00|3850.00|1|unidad||||
3|1|1426|7798085681834|1|CITRIC JUGO NARANJA TETRA X 1L|1.00|unidad| |5750.00|5750.00|1|unidad||||
3|1|1426|7798085681445|1|CITRIC JUGO NARANJA TETRA X 250CC|1.00|unidad| |2200.00|2200.00|1|unidad||||
3|1|1426|7798085681452|1|CITRIC JUGO NARANJA TETRA X 500CC|1.00|unidad| |3850.00|3850.00|1|unidad||||
3|1|1426|7798085680295|1|CITRIC JUGO NARANJA/ DURAZNO TETRA X 500CC|1.00|unidad| |3850.00|3850.00|1|unidad||||
3|1|1426|7790895000997|1|COCA-COLA X 2.25L|1.00|unidad| |8950.00|8950.00|1|unidad||||
3|1|1426|7790040659605|1|COFLER BLOCK ALFAJOR CHOCOLATE X 60 G|1.00|unidad| |3100.00|3100.00|1|unidad||||
3|1|1426|0000000018365|0|COFLER BLOCK CHOCOLATE C/LECHE Y MANI TAB.X 110GR|1.00|unidad| |8300.00|8300.00|1|unidad||||
3|1|1426|0000000015301|0|COFLER BLOCK CHOCOLATE C/LECHE Y MANI TAB.X 38GR|1.00|unidad| |3400.00|3400.00|1|unidad||||
3|1|1426|7790580105013|1|COFLER BLOCK CHOCOLATE X 170G|1.00|unidad| |14000.00|14000.00|1|unidad||||
3|1|1426|7790580115579|1|COFLER BLOCK CHOCOLATE X 1KG|1.00|unidad| |66200.00|66200.00|1|unidad||||
3|1|1426|7790580103385|1|COFLER CHOCOLATE AIREADO BCO/LECHE X 27 GR.|1.00|unidad| |3600.00|3600.00|1|unidad||||
3|1|1426|7790580103378|1|COFLER CHOCOLATE AIREADO BLANCO X 27 GR.|1.00|unidad| |3600.00|3600.00|1|unidad||||
3|1|1426|7790580115869|1|COFLER CHOCOLATE AIREADO BON O BON X 67G|1.00|unidad| |7000.00|7000.00|1|unidad||||
3|1|1426|7790580103361|1|COFLER CHOCOLATE AIREADO LECHE X 27 GR.|1.00|unidad| |3600.00|3600.00|1|unidad||||
3|1|1426|7790580043407|1|COFLER CHOCOLATE AIREADO LECHE X 55G|1.00|unidad| |7100.00|7100.00|1|unidad||||
3|1|1426|7790580003531|1|COFLER CHOCOLATE BCO&COOK X 55G|1.00|unidad| |6200.00|6200.00|1|unidad||||
3|1|1426|7790580043506|1|COFLER CHOCOLATE LECHE CON ALMENDRAS X 55G|1.00|unidad| |6200.00|6200.00|1|unidad||||
3|1|1426|0000000024109|0|CRIOLLITO X UN|1.00|unidad| |1700.00|1700.00|1|unidad||||
3|1|1426|0000000023957|0|CROISSANT J Y Q|1.00|unidad| |6400.00|6400.00|1|unidad||||
3|1|1426|7798024760798|1|CROQUE MONSIEUR J Y Q BLANCO X UN|1.00|unidad| |10100.00|10100.00|1|unidad||||
3|1|1426|7798024760804|1|CROQUE MONSIEUR J Y Q NEGRO X UN|1.00|unidad| |10100.00|10100.00|1|unidad||||
3|1|1426|0000000020568|0|CUADRADO DE PASTA FROLA|1.00|unidad| |5300.00|5300.00|1|unidad||||
3|1|1426|7795735000106|1|DON SATUR TALITAS X 140GR|1.00|unidad| |2800.00|2800.00|1|unidad||||
3|1|1426|7790206007509|1|DOS CORAZONES BOCADITO CHOC.C/LECHE RELL. X 26GR|1.00|unidad| |2200.00|2200.00|1|unidad||||
3|1|1426|7792799000035|1|ECO DE LOS ANDES AGUA CON GAS PET X 500CC.|1.00|unidad| |3300.00|3300.00|1|unidad||||
3|1|1426|7798128000486|1|EL CACHAFAZ ALFAJOR BLANCO FLOWPACK X 60 GR|1.00|unidad| |3300.00|3300.00|1|unidad||||
3|1|1426|7798128000462|1|EL CACHAFAZ ALFAJOR CHOCOLATE FLOWPACK X 60 GR|1.00|unidad| |3200.00|3200.00|1|unidad||||
3|1|1426|7798128001940|1|EL CACHAFAZ ALFAJOR DE MAICENA X 76G|1.00|unidad| |3300.00|3300.00|1|unidad||||
3|1|1426|7798128001797|1|EL CACHAFAZ CONITO DULCE DE LECHE X 38G|1.00|unidad| |2700.00|2700.00|1|unidad||||
3|1|1426|7798024760569|1|ENSALADA CESAR  PREMIUM X UN|1.00|unidad| |14300.00|14300.00|1|unidad||||
3|1|1426|7798024760392|1|ENSALADA CHEF PREMIUM X UN|1.00|unidad| |14300.00|14300.00|1|unidad||||
3|1|1426|7798024766417|1|ENSALADA MIX VEG.C/PECHUGUITAS AL SESAMO X UN|1.00|unidad| |14300.00|14300.00|1|unidad||||
3|1|1426|7613035242524|1|EPA DDL MAX 88GR|1.00|unidad| |6800.00|6800.00|1|unidad||||
3|1|1426|7613035242500|1|EPA ROCKER X 88G|1.00|unidad| |6800.00|6800.00|1|unidad||||
3|1|1426|7898024390121|1|FERRERO ROCHER BOMBON CHOC.RELL.PAQ.3 UNID X 37.5G|1.00|unidad| |5600.00|5600.00|1|unidad||||
3|1|1426|7798024760255|1|FIGAZZITAS DE SALAME Y QUESO X 2 UN|1.00|unidad| |9100.00|9100.00|1|unidad||||
3|1|1426|7798147780062|1|Franui sabor Black 150gr|1.00|unidad| |8500.00|8500.00|1|unidad||||
3|1|1426|7798147783223|1|Franui sabor Leche 150gr|1.00|unidad| |8500.00|8500.00|1|unidad||||
3|1|1426|7790070431936|1|Gallo YoguBar 20gr|1.00|unidad| |1800.00|1800.00|1|unidad||||
3|1|1426|0067061111111|1|GATORADE COOL BLUE PET X 500CC|1.00|unidad| |4300.00|4300.00|1|unidad||||
3|1|1426|0071971211111|1|GATORADE FRUTOS TROPICALES PET X 750CC|1.00|unidad| |5200.00|5200.00|1|unidad||||
3|1|1426|0066011111111|1|GATORADE MANZANA PET X 500CC|1.00|unidad| |4300.00|4300.00|1|unidad||||
3|1|1426|0042831111111|1|GATORADE MANZANA PET X 750CC|1.00|unidad| |5100.00|5100.00|1|unidad||||
3|1|1426|0006602111111|1|GATORADE NARANJA PET X 500CC|1.00|unidad| |4300.00|4300.00|1|unidad||||
3|1|1426|7798024766103|1|GRANDWICH PANINI GRIGLIATTI JAM/QUE/TOM/HUE X 210G|1.00|unidad| |7350.00|7350.00|1|unidad||||
3|1|1426|0000000023445|0|HALLS FREE MENTA X 28 G|1.00|unidad| |1500.00|1500.00|1|unidad||||
3|1|1426|7791249450277|1|HALLS MENTA LYPTUS CARAMELOS DUROS PAQ.X 28G|1.00|unidad| |1300.00|1300.00|1|unidad||||
3|1|1426|0000000023603|0|ICEDREAM CIRCULAR PASTELERA X UN|1.00|unidad| |1700.00|1700.00|1|unidad||||
3|1|1426|0028411111111|1|JORGITO ALFAJOR BLANCO X 50G|1.00|unidad| |1800.00|1800.00|1|unidad||||
3|1|1426|0011111112842|1|JORGITO ALFAJOR CHOCOLATE X 55G|1.00|unidad| |1800.00|1800.00|1|unidad||||
3|1|1426|7790957000545|1|JORGITO MINI ALFAJOR CHOCOLATE PAQ.X 6 UNID.|1.00|unidad| |4900.00|4900.00|1|unidad||||
3|1|1426|7790957000538|1|JORGITO MINI ALFAJOR GLACEADO PAQ.X 6 UNID.X 155GR|1.00|unidad| |4900.00|4900.00|1|unidad||||
3|1|1426|0000080052760|1|KINDER BUENO OBLEA CHOCOLATE CON LECHE X 43G|1.00|unidad| |4900.00|4900.00|1|unidad||||
3|1|1426|0000077949677|1|KINDER CHOCOLATE X 50G|1.00|unidad| |5700.00|5700.00|1|unidad||||
3|1|1426|7891000379073|1|KIT KAT DARK OBLEA BAÑADA CHOCOLATE X 41.5G|1.00|unidad| |3000.00|3000.00|1|unidad||||
3|1|1426|7891000379028|1|KIT KAT OBLEA BAÑADA CHOCOLATE BLANCO X 41.5G|1.00|unidad| |3000.00|3000.00|1|unidad||||
3|1|1426|7791337007260|1|Leche chocolatada Cindor 200ml|1.00|unidad| |3800.00|3800.00|1|unidad||||
3|1|1426|7791337007253|1|Leche chocolatada Cindor x 1L|1.00|unidad| |11500.00|11500.00|1|unidad||||
3|1|1426|7798368470391|1|LUCCIANO´S CHANTILLY X 100GR (02)|1.00|unidad| |7400.00|7400.00|1|unidad||||
3|1|1426|7798368470384|1|LUCCIANO´S CHOCOLATE C/CROCANTE X 100GR (01)|1.00|unidad| |7400.00|7400.00|1|unidad||||
3|1|1426|7798368470421|1|LUCCIANO´S CHOCOLATE X 90GR (05)|1.00|unidad| |7400.00|7400.00|1|unidad||||
3|1|1426|7798368470438|1|LUCCIANO´S DDL C/ CROCANTE X 90GR (06)|1.00|unidad| |7400.00|7400.00|1|unidad||||
3|1|1426|0000000024240|0|LUCCIANO´S DDL X 90GR (03)|1.00|unidad| |6000.00|6000.00|1|unidad||||
3|1|1426|7798368470476|1|LUCCIANO´S MINION ICE POP X 100GR (10)|1.00|unidad| |7900.00|7900.00|1|unidad||||
3|1|1426|7798368470469|1|LUCCIANO´S OLI KING X 90GR (09)|1.00|unidad| |7800.00|7800.00|1|unidad||||
3|1|1426|7798368470735|1|LUCCIANO´S PISTACCHIO X 95GR (08)|1.00|unidad| |7800.00|7800.00|1|unidad||||
3|1|1426|7798368470414|1|LUCCIANO´S SORBETE PATAGONIA X 90GR (04)|1.00|unidad| |7400.00|7400.00|1|unidad||||
3|1|1426|7613034797469|1|LUXOR BOMBON HELADO 53G|1.00|unidad| |3100.00|3100.00|1|unidad||||
3|1|1426|7797453001441|1|M&M Chocolate 48 Grs|1.00|unidad| |5000.00|5000.00|1|unidad||||
3|1|1426|7797453001458|1|M&M MANI PAQ. X 49 GR|1.00|unidad| |5000.00|5000.00|1|unidad||||
3|1|1426|7790387015324|1|MAÑANITA YERBA 4FLEX X 500 GR|1.00|unidad| |4600.00|4600.00|1|unidad||||
3|1|1426|7790206006106|1|MARROC BOCADITO X 14 GR.|1.00|unidad| |1250.00|1250.00|1|unidad||||
3|1|1426|7798024760125|1|MAX PREMIUM JyQ-TOM-HUE- PAN NGO X UN|1.00|unidad| |10600.00|10600.00|1|unidad||||
3|1|1426|7798024766172|1|MAX PREMIUM POLLO-RU-PAR-PAN NGO X UN|1.00|unidad| |10600.00|10600.00|1|unidad||||
3|1|1426|7798024760552|1|MAX TRIANGULO LIGHT POLLO-LEC-PAN NGO X UN|1.00|unidad| |10600.00|10600.00|1|unidad||||
3|1|1426|0000000023602|0|MEDIALUNA DE GRASA X UN|1.00|unidad| |1700.00|1700.00|1|unidad||||
3|1|1426|0000000023601|0|MEDIALUNA DE MANTECA X UN|1.00|unidad| |1700.00|1700.00|1|unidad||||
3|1|1426|7891000120057|1|MEGA AMERICANA CON ALMENDRAS X 74g|1.00|unidad| |7600.00|7600.00|1|unidad||||
3|1|1426|0000000020546|0|MENTHO-PLUS ACIDOS CEREZA X 27.2G|1.00|unidad| |1900.00|1900.00|1|unidad||||
3|1|1426|0000000020540|0|MENTHO-PLUS ACIDOS NARANJA X 27.2G|1.00|unidad| |1900.00|1900.00|1|unidad||||
3|1|1426|0000000021660|0|MENTHO-PLUS CARAMELOS INHALANTES DE CEREZA X 29.4G|1.00|unidad| |1000.00|1000.00|1|unidad||||
3|1|1426|0000000021663|0|MENTHO-PLUS CARAMELOS INHALANTES MIEL X 29.4G|1.00|unidad| |1000.00|1000.00|1|unidad||||
3|1|1426|0000000021661|0|MENTHO-PLUS CARAMELOS INHALANTES STRONG X 29.4G|1.00|unidad| |1000.00|1000.00|1|unidad||||
3|1|1426|0000000017476|0|MENTHO-PLUS CARAMELOS SIN AZUCAR CHERRY X 27.3G|1.00|unidad| |1900.00|1900.00|1|unidad||||
3|1|1426|0000000017474|0|MENTHO-PLUS CARAMELOS SIN AZUCAR MENTOL X 27.3G|1.00|unidad| |1900.00|1900.00|1|unidad||||
3|1|1426|0000000021664|0|MENTHOPLUS MENTA X 29.4G|1.00|unidad| |1000.00|1000.00|1|unidad||||
3|1|1426|0000000021662|0|MENTHOPLUS MENTOL X 29.4G|1.00|unidad| |1000.00|1000.00|1|unidad||||
3|1|1426|0000000021044|0|MENTHOPLUS ZERO CARAMELOS DURAZNO X 26.6G|1.00|unidad| |1900.00|1900.00|1|unidad||||
3|1|1426|0000000021047|0|MENTHOPLUS ZERO CARAMELOS STRONG X 26.6G|1.00|unidad| |1900.00|1900.00|1|unidad||||
3|1|1426|7895144699851|1|MENTOS CARAMELOS MASTICABLES SAB.FRUTA X 29.7GR|1.00|unidad| |1300.00|1300.00|1|unidad||||
3|1|1426|7895144699844|1|MENTOS CARAMELOS MASTICABLES SAB.MENTA X 29.7GR|1.00|unidad| |1300.00|1300.00|1|unidad||||
3|1|1426|0000000021770|0|MERMELADAS X UNIDAD|1.00|unidad| |60.00|60.00|1|unidad||||
3|1|1426|0000077903785|1|MILKA ALFAJOR MOUSSE TRIPLE X 55 GR.|1.00|unidad| |3000.00|3000.00|1|unidad||||
3|1|1426|7622300457303|1|MILKA ALFAJOR TRIPLE BLANCO X 55G|1.00|unidad| |3000.00|3000.00|1|unidad||||
3|1|1426|7622300844967|1|MILKA CHOCOLATE BLANCO CON DULCE DE LECHE X 67.5G|1.00|unidad| |7200.00|7200.00|1|unidad||||
3|1|1426|7622300844943|1|MILKA CHOCOLATE C DULCE DE LECHE X 67.5G|1.00|unidad| |7400.00|7400.00|1|unidad||||
3|1|1426|0000000021565|0|MILKA CHOCOLATE C/LECHE ALMENDRAS|1.00|unidad| |3510.00|3510.00|1|unidad||||
3|1|1426|7622300990114|1|MILKA CHOCOLATE CON LECHE X 150G|1.00|unidad| |14100.00|14100.00|1|unidad||||
3|1|1426|7622201818937|1|MILKA LEGER CHOCOLATE LECHE TABLETA X 50G|1.00|unidad| |6100.00|6100.00|1|unidad||||
3|1|1426|7790580116958|1|MOGUL CARAMELO DE GOMA DINOS X 30G|1.00|unidad| |850.00|850.00|1|unidad||||
3|1|1426|7790580129507|1|MOGUL CARAMELOS DE GOMA ACIDOS BOLSA X 60G|1.00|unidad| |1400.00|1400.00|1|unidad||||
3|1|1426|7790580169312|1|MOGUL CARAMELOS DE GOMA CEREBRITOS X 30G|1.00|unidad| |1200.00|1200.00|1|unidad||||
3|1|1426|7790580116460|1|MOGUL CARAMELOS DE GOMA EXTREME ACIDO ROLLO X 35G|1.00|unidad| |1200.00|1200.00|1|unidad||||
3|1|1426|7790580603809|1|MOGUL CARAMELOS DE GOMA FRUTALES ROLLO X 35G|1.00|unidad| |1200.00|1200.00|1|unidad||||
3|1|1426|7790580199913|1|MOGUL CARAMELOS DE GOMA OSITOS X 30 GR|1.00|unidad| |1200.00|1200.00|1|unidad||||
3|1|1426|7790580200114|1|MOGUL CARAMELOS DE GOMA TIBURON X 30G|1.00|unidad| |1200.00|1200.00|1|unidad||||
3|1|1426|7798422620014|1|MONSTER ENERGY GREEN X 473CC|1.00|unidad| |5500.00|5500.00|1|unidad||||
3|1|1426|7798422620045|1|MONSTER MANGO LOCO 473|1.00|unidad| |5500.00|5500.00|1|unidad||||
3|1|1426|7798422620021|1|MONSTER ULTRA x 473 CC|1.00|unidad| |5500.00|5500.00|1|unidad||||
3|1|1426|1111111111142|1|MUFFIN CHIPS CHOC X UN|1.00|unidad| |4300.00|4300.00|1|unidad||||
3|1|1426|1111111111145|1|MUFFIN VAINILLA C/DDL X UN|1.00|unidad| |4300.00|4300.00|1|unidad||||
3|1|1426|7798304841261|1|NESQUIK NUTRIACTIV B HEL.CHOCOLATE CON CALCIN-N|1.00|unidad| |1900.00|1900.00|1|unidad||||
3|1|1426|7622210723468|1|OREO GALLETITAS BAÑADAS CHOCOLATE x17gr|1.00|unidad| |210.00|210.00|1|unidad||||
3|1|1426|7899975800523|1|Oreo Palito AR 20 x 65g|1.00|unidad| |6800.00|6800.00|1|unidad||||
3|1|1426|7899975800509|1|OREO SANDWICH AR 81GR|1.00|unidad| |6800.00|6800.00|1|unidad||||
3|1|1426|7798304841124|1|OREO TACITA X 95G|1.00|unidad| |6800.00|6800.00|1|unidad||||
3|1|1426|0000000024088|0|PAN DE CHOCOLATE X UN|1.00|unidad| |4300.00|4300.00|1|unidad||||
3|1|1426|7798024766110|1|PANINI GRIGLIATTI DE PECETO X 210G|1.00|unidad| |7350.00|7350.00|1|unidad||||
3|1|1426|7791007000764|1|PAÑUELOS DESCARTABLES CAJA X 75 UNID|1.00|unidad| |3600.00|3600.00|1|unidad||||
3|1|1426|7791070003482|1|PAÑUELOS DESCARTABLES X UNID|1.00|unidad| |700.00|700.00|1|unidad||||
3|1|1426|7798024760781|1|PEBETE PECHUGA CRISPY X UN|1.00|unidad| |10200.00|10200.00|1|unidad||||
3|1|1426|7798024760361|1|PECHUGA GRILLE C/VEGETAL DEL HUERTO X UN|1.00|unidad| |12700.00|12700.00|1|unidad||||
3|1|1426|0000077915481|1|PEPITOS ALFAJOR TRIPLE DE CHOCOLATE X 57GR|1.00|unidad| |3000.00|3000.00|1|unidad||||
3|1|1426|7791813828365|1|PEPSI BLACK PET X 500CC|1.00|unidad| |3450.00|3450.00|1|unidad||||
3|1|1426|1111111111200|1|PICO DULCE CHUPETIN X 14 GR.|1.00|unidad| |500.00|500.00|1|unidad||||
3|1|1426|7790895641183|1|POWERADE FRUTAS TROPICALES PET X 500CC|1.00|unidad| |3500.00|3500.00|1|unidad||||
3|1|1426|7790895640018|1|POWERADE MANZANA PET X 500CC|1.00|unidad| |3500.00|3500.00|1|unidad||||
3|1|1426|7790895640025|1|POWERADE MOUNTAIN BLAST PET X 500CC|1.00|unidad| |3500.00|3500.00|1|unidad||||
3|1|1426|7791519200021|1|PRIME PRESERVATIVO ANATOMICO CAJA X 3 UNID.|1.00|unidad| |6300.00|6300.00|1|unidad||||
3|1|1426|7791519200076|1|PRIME PRESERVATIVO ESPERMICIDA CAJA X 3 UNID.|1.00|unidad| |6300.00|6300.00|1|unidad||||
3|1|1426|7791519000676|1|PRIME PRESERVATIVO EXTRA LUBRICADO CAJA X 3 UNID.|1.00|unidad| |6300.00|6300.00|1|unidad||||
3|1|1426|7791519200045|1|PRIME PRESERVATIVO SUPERFINO CAJA X 3 UNID.|1.00|unidad| |6300.00|6300.00|1|unidad||||
3|1|1426|7791519200090|1|PRIME PRESERVATIVO TACHAS CAJA X 3 UNID.|1.00|unidad| |6300.00|6300.00|1|unidad||||
3|1|1426|7791519200069|1|PRIME PRESERVATIVO TEXTURADO CAJA X 3 UNID.|1.00|unidad| |6300.00|6300.00|1|unidad||||
3|1|1426|7790742167101|1|Queso Finlandia Chef Cheddar 150gr PAQUETE INSUMO|1.00|unidad| |685.00|685.00|1|unidad||||
3|1|1426|0045011111111|1|RED BULL ENERGY DRINK LATA X 250 CC|1.00|unidad| |5500.00|5500.00|1|unidad||||
3|1|1426|0000090435225|1|RED BULL ENERGY DRINK LATA X 355 CC|1.00|unidad| |6900.00|6900.00|1|unidad||||
3|1|1426|9002490232054|1|RED BULL ENERGY DRINK SUGAR FREE LATA X 250CC|1.00|unidad| |5500.00|5500.00|1|unidad||||
3|1|1426|7790580327415|1|ROCKLETS CONFITES DE CHOCOLATE PAQ. X 40 GR|1.00|unidad| |3100.00|3100.00|1|unidad||||
3|1|1426|7790580327613|1|ROCKLETS NARANJA MANI C/CHOCOLATE CONFITADO X 40G|1.00|unidad| |3100.00|3100.00|1|unidad||||
3|1|1426|7798024760507|1|ROLL CHICKEN CAESAR X 210GR|1.00|unidad| |10600.00|10600.00|1|unidad||||
3|1|1426|0000000023605|0|SACRAMENTO MEMBRILLO X UN|1.00|unidad| |1700.00|1700.00|1|unidad||||
3|1|1426|7790580716806|1|SALADIX GALLETITAS SAB. CALABRESA CAJA X 100G|1.00|unidad| |3200.00|3200.00|1|unidad||||
3|1|1426|7790580716707|1|SALADIX GALLETITAS SAB. JAMON CAJA X 100G|1.00|unidad| |3200.00|3200.00|1|unidad||||
3|1|1426|7790580697303|1|SALADIX GALLETITAS SAB. PIZZA CAJA X 100G|1.00|unidad| |3200.00|3200.00|1|unidad||||
3|1|1426|7790040374607|1|SALADIX GALLETITAS SAB.DUO CAJA X 80G|1.00|unidad| |3200.00|3200.00|1|unidad||||
3|1|1426|7790040123434|1|SALADIX GALLETITAS SAB.KESITOS X80G|1.00|unidad| |2700.00|2700.00|1|unidad||||
3|1|1426|0000077956699|1|SHOT ALFAJOR TRISHOT TRIPLE X 60G|1.00|unidad| |3000.00|3000.00|1|unidad||||
3|1|1426|7622300424084|1|SHOT CHOCOLATE CON LECHE Y MANI TABLETA X 170 GR|1.00|unidad| |12500.00|12500.00|1|unidad||||
3|1|1426|0000077914217|1|SHOT CHOCOLATE LECHE CON MANI TABLETA X 35G|1.00|unidad| |3000.00|3000.00|1|unidad||||
3|1|1426|7798304841803|1|SIN PARAR CHOCOLATE DULCE DE LECHE X 90G|1.00|unidad| |3000.00|3000.00|1|unidad||||
3|1|1426|7798304841797|1|SIN PARAR DULCE DE LECHE Y AMERICANA X 90G|1.00|unidad| |3000.00|3000.00|1|unidad||||
3|1|1426|7798304841780|1|SIN PARAR FRUTILLA CREMA X 90G|1.00|unidad| |3000.00|3000.00|1|unidad||||
3|1|1426|0022000018465|1|SKITTLES CONFITES ORIGINAL FRUIT PAQ.X 61.5GR|1.00|unidad| |4700.00|4700.00|1|unidad||||
3|1|1426|0022000018489|1|SKITTLES CONFITES WILDBERRY PAQ.X 61.5GR|1.00|unidad| |4700.00|4700.00|1|unidad||||
3|1|1426|7790895646027|1|SMART WATER C/G 591 ML|1.00|unidad| |3500.00|3500.00|1|unidad||||
3|1|1426|7790895645778|1|SMART WATER S/G 591 ML|1.00|unidad| |3500.00|3500.00|1|unidad||||
3|1|1426|7506174512248|1|SNICKERS BARRA RELL.MANI CUB.C/CHOCOLATE X 48 GR|1.00|unidad| |4700.00|4700.00|1|unidad||||
3|1|1426|0522111111111|1|SPEED UNLIMITED LATA X 250CC|1.00|unidad| |4200.00|4200.00|1|unidad||||
3|1|1426|0040000000518|1|STARBURST CARAMELO MASTICABLE SURTIDO PAQ.X 58.7G|1.00|unidad| |5100.00|5100.00|1|unidad||||
3|1|1426|7790580060206|1|SUGUS CARAMELO MASTICABLE SUELTO X 3.3 GR|1.00|unidad| |50.00|50.00|1|unidad||||
3|1|1426|7790580056001|1|SUGUS CONFITADOS CONFITES DE CARAMELO SURT.X 50 G|1.00|unidad| |2000.00|2000.00|1|unidad||||
3|1|1426|7790387000849|1|TARAGUI MATE COCIDO X 25 UNID S ENS|1.00|unidad| |135.00|135.00|1|unidad||||
3|1|1426|0029601111111|1|TARAGUI MATE LISTO X 35 GR.|1.00|unidad| |4000.00|4000.00|1|unidad||||
3|1|1426|0029621111111|1|TARAGUI TERMO MATE-LISTO CAPACIDAD 500 CC.|1.00|unidad| |5900.00|5900.00|1|unidad||||
3|1|1426|7790387013627|1|TARAGUI YERBA 4FLEX X 500 GR.|1.00|unidad| |4600.00|4600.00|1|unidad||||
3|1|1426|0000077939234|1|TERRABUSI ALFAJOR CHOCOLATE X 50 GR|1.00|unidad| |2000.00|2000.00|1|unidad||||
3|1|1426|0000077903792|1|TERRABUSI ALFAJOR TRIPLE CHOCOLATE X 70G.|1.00|unidad| |3000.00|3000.00|1|unidad||||
3|1|1426|0000077903860|1|TERRABUSI ALFAJOR TRIPLE TIPO TORTA CHOCOLAT.X 70G|1.00|unidad| |3000.00|3000.00|1|unidad||||
3|1|1426|7622300335052|1|TERRABUSI SNACKY X 60GR|1.00|unidad| |4600.00|4600.00|1|unidad||||
3|1|1426|7861002910314|1|TIC TAC PASTILLAS SABOR MENTA CAJA X 16 GR.|1.00|unidad| |1600.00|1600.00|1|unidad||||
3|1|1426|7861002910321|1|TIC TAC PASTILLAS SABOR NARANJA CAJA X 16 GR.|1.00|unidad| |1600.00|1600.00|1|unidad||||
3|1|1426|7790580746612|1|TOFI CHOCOLATE C/LECHE RELLENO D.LECHE X 55G|1.00|unidad| |420.00|420.00|1|unidad||||
3|1|1426|7798024760354|1|TOP PBT DE JAMON COCIDO Y QUESO X UN|1.00|unidad| |9100.00|9100.00|1|unidad||||
3|1|1426|0000000019823|0|TOPLINE 7 CHICLE S/AZUCAR ATM STRONG X 14G|1.00|unidad| |2300.00|2300.00|1|unidad||||
3|1|1426|0000000018843|0|TOPLINE 7 CHICLE S/AZUCAR MANDARINA  CAJA X 14G|1.00|unidad| |2300.00|2300.00|1|unidad||||
3|1|1426|7790580120573|1|TOPLINE 7 ULTRA CLEAN X 24G|1.00|unidad| |3600.00|3600.00|1|unidad||||
3|1|1426|7790580120702|1|TOPLINE 7 ULTRA GREEN MINT X 24G|1.00|unidad| |3600.00|3600.00|1|unidad||||
3|1|1426|7790580121013|1|TOPLINE 7 ULTRA RED BERRY X 24G|1.00|unidad| |3600.00|3600.00|1|unidad||||
3|1|1426|7798304841421|1|TORPEDO FRUTILLA|1.00|unidad| |2100.00|2100.00|1|unidad||||
3|1|1426|7798304841414|1|TORPEDO LIMON|1.00|unidad| |2100.00|2100.00|1|unidad||||
3|1|1426|7798024760460|1|TRIPLE MIGA BLANCO J.COCIDO Y QUESO X 3 UN|1.00|unidad| |9600.00|9600.00|1|unidad||||
3|1|1426|7798024760477|1|TRIPLE MIGA NEGRO J.COCIDO Y QUESO X 3 UN|1.00|unidad| |9600.00|9600.00|1|unidad||||
3|1|1426|7622202839962|1|VARIEDAD GALLETITAS DULCES SURTIDAS X 390GR.|1.00|unidad|VARIEDAD|5800.00|5800.00|1|unidad||||
3|1|1426|0016871111111|1|VASO REUTILIZABLE|1.00|unidad| |4500.00|4500.00|1|unidad||||
3|1|1426|0000000004361|0|VAUQUITA TABLETA DE DULCE DE LECHE X 25 GR.|1.00|unidad| |190.00|190.00|1|unidad||||
3|1|1426|7790315100184|1|VDS LEVITE CERO AGUA S/G MANZANA PET X 500cc|1.00|unidad| |3450.00|3450.00|1|unidad||||
3|1|1426|0021352111111|1|VDS LEVITE CERO AGUA S/G NARANJA PET X 500cc|1.00|unidad| |3450.00|3450.00|1|unidad||||
3|1|1426|0021347111111|1|VILLA DEL SUR LEVITE S/G MANZANA PET X 500cc|1.00|unidad| |3450.00|3450.00|1|unidad||||
3|1|1426|7798062548655|1|VILLA DEL SUR LEVITE S/G NARANJA PET X 500cc|1.00|unidad| |3450.00|3450.00|1|unidad||||
3|1|1426|0021349111111|1|VILLA DEL SUR LEVITE S/G PERA PET X 500cc|1.00|unidad| |3450.00|3450.00|1|unidad||||
3|1|1426|7799155000982|1|VILLA DEL SUR LEVITE S/G POMELO PET X 500cc|1.00|unidad| |3450.00|3450.00|1|unidad||||
3|1|1426|7799155000210|1|VILLAVICENCIO AGUA FINAMENTE GASIFICADA PET X 1.5L|1.00|unidad| |5300.00|5300.00|1|unidad||||
3|1|1426|7799155000203|1|VILLAVICENCIO AGUA FINAMENTE GASIFICADA PET X 500C|1.00|unidad| |3650.00|3650.00|1|unidad||||
3|1|1426|0022000293220|1|Wrigleys Doubl 12.5g|1.00|unidad| |2600.00|2600.00|1|unidad||||
3|1|1426|0022000293305|1|Wrigleys Spear 12.5g|1.00|unidad| |2600.00|2600.00|1|unidad||||
3|1|1426|7791337010826|1|Yogurisimo Botellita Frutilla x 190g|1.00|unidad| |5500.00|5500.00|1|unidad||||
3|1|1426|7798187760246|1|ZAFRAN BARRA DE CEREAL ALM/COCO X 28G|1.00|unidad| |1900.00|1900.00|1|unidad||||
3|1|1426|7798187760277|1|ZAFRAN BARRA DE CEREAL CAJU/ZAPALLO 28G|1.00|unidad| |1900.00|1900.00|1|unidad||||
3|1|1426|7798187760253|1|ZAFRAN BARRA DE CEREAL MANI/CACAO 28G|1.00|unidad| |1900.00|1900.00|1|unidad||||
3|1|1426|7798187760260|1|ZAFRAN BARRA DE CEREAL MZNA/CHIA 28G|1.00|unidad| |1900.00|1900.00|1|unidad||||
3|1|1428|7791813434412|1|7UP FREE PET X 1.5L|1.00|unidad| |4700.00|4700.00|1|unidad||||
3|1|1428|0000000023897|0|AFEITADORA BIC COMFORT  3|1.00|unidad| |820.00|820.00|1|unidad||||
3|1|1428|7790580109882|1|AGUILA EXTRAFINO 60% CACAO X 150 GR|1.00|unidad| |15200.00|15200.00|1|unidad||||
3|1|1428|7790040133594|1|AGUILA MINITORTA BROWNIE X 72G|1.00|unidad| |2800.00|2800.00|1|unidad||||
3|1|1428|7790040298705|1|AGUILA MINITORTA DDLECHE/MOUSSE SAB.VAINILLA X 72G|1.00|unidad| |2800.00|2800.00|1|unidad||||
3|1|1428|0000000023956|0|ALFAJOR CHOCOLATE|1.00|unidad| |2100.00|2100.00|1|unidad||||
3|1|1428|0000000023280|0|ALFAJORES DE MAICENA|1.00|unidad| |2100.00|2100.00|1|unidad||||
3|1|1428|7790580607418|1|ARCOR CHOCOLATE BLANCO TABLETA X 25 GR|1.00|unidad| |2200.00|2200.00|1|unidad||||
3|1|1428|7790580607210|1|ARCOR CHOCOLATE CON LECHE TABLETA X 25GR|1.00|unidad| |2200.00|2200.00|1|unidad||||
3|1|1428|0000000001339|0|ARCOR OBLEA RELLENA C/PASTA DE TURRON Y MANI X 25G|1.00|unidad| |700.00|700.00|1|unidad||||
3|1|1428|7793360294600|1|BC JUGO MANZANA TETRA X 200CC|1.00|unidad| |1100.00|1100.00|1|unidad||||
3|1|1428|7793360246609|1|BC JUGO NARANJA TETRA X 200CC.|1.00|unidad| |1100.00|1100.00|1|unidad||||
3|1|1428|7790580154264|1|BEB MULTIFRUTA BC 24X200ML|1.00|unidad| |1100.00|1100.00|1|unidad||||
3|1|1428|7792730020559|1|BIZNIKKE NEVADO CHOCOLATE TABLETA X 120 GR.|1.00|unidad| |8900.00|8900.00|1|unidad||||
3|1|1428|7790580722708|1|BOMBON TOFI LECHE X 15G|1.00|unidad| |1800.00|1800.00|1|unidad||||
3|1|1428|7790040613607|1|Bon O Bon Alfajor Chocolate Blanco x40 gr|1.00|unidad| |1800.00|1800.00|1|unidad||||
3|1|1428|7790040613706|1|BON O BON ALFAJOR CHOCOLATE NEGRO/LECHE X 40G|1.00|unidad| |1800.00|1800.00|1|unidad||||
3|1|1428|0000000021586|0|BON-O-BON BOMBON AGUILA X 15G|1.00|unidad| |1100.00|1100.00|1|unidad||||
3|1|1428|7790580119058|1|BON-O-BON BOMBON CHOCOLATE BLANCO X 15G|1.00|unidad| |1100.00|1100.00|1|unidad||||
3|1|1428|0000000021587|0|BON-O-BON BOMBON CHOCOLINA X 15G|1.00|unidad| |1100.00|1100.00|1|unidad||||
3|1|1428|7792360072409|1|BONAFIDE BOCADITO DDL X 16G|1.00|unidad| |1600.00|1600.00|1|unidad||||
3|1|1428|0000000021151|0|BROWNIE ARTESANAL|1.00|unidad| |5300.00|5300.00|1|unidad||||
3|1|1428|0000000023273|0|BUDIN BANANA Y DDL|1.00|unidad| |4800.00|4800.00|1|unidad||||
3|1|1428|0000000021701|0|BUDIN DE FRUTOS SECOS|1.00|unidad| |4800.00|4800.00|1|unidad||||
3|1|1428|0000000021700|0|BUDIN DE LIMON Y ARANDANOS|1.00|unidad| |4800.00|4800.00|1|unidad||||
3|1|1428|7790407022011|1|CABSHA BOCADITO X 10G|1.00|unidad| |1000.00|1000.00|1|unidad||||
3|1|1428|7798128000271|1|CACHAFAZ ALFAJOR MOUSSE X 50G|1.00|unidad| |3200.00|3200.00|1|unidad||||
3|1|1428|7622201818739|1|CADBURY CHOCOLATE C/LECHE TRES SUEÑOS X 82G|1.00|unidad| |7800.00|7800.00|1|unidad||||
3|1|1428|7622201818654|1|CADBURY CHOCOLATE RELLENO YOGHURT FRUTILLA X 29G|1.00|unidad| |3300.00|3300.00|1|unidad||||
3|1|1428|7622202271250|1|Caram. Halls 12u Strong Nvo|1.00|unidad| |1300.00|1300.00|1|unidad||||
3|1|1428|7622202247286|1|Caram. Halls Cherry Nvo 28 Grs|1.00|unidad| |1300.00|1300.00|1|unidad||||
3|1|1428|7790895649301|1|CEPITA 20% NARANJA 200ML|1.00|unidad| |2100.00|2100.00|1|unidad||||
3|1|1428|7790895009853|1|CEPITA JUGO MANZANA BOTELLA X 1L|1.00|unidad| |5800.00|5800.00|1|unidad||||
3|1|1428|7790895000720|1|CEPITA JUGO MANZANA TETRA X 200CC.|1.00|unidad| |2100.00|2100.00|1|unidad||||
3|1|1428|7790895647017|1|CEPITA JUGO MANZANA ZINC TETRA X 1 LT.|1.00|unidad| |4200.00|4200.00|1|unidad||||
3|1|1428|7790895000737|1|CEPITA JUGO MULTIFRUTA TETRA X 200CC|1.00|unidad| |2100.00|2100.00|1|unidad||||
3|1|1428|7790895647123|1|CEPITA JUGO MULTIFRUTA ZINC TETRA X 1 LT.|1.00|unidad| |4200.00|4200.00|1|unidad||||
3|1|1428|7790895648267|1|CEPITA NARANJA 20% 1L|1.00|unidad| |4200.00|4200.00|1|unidad||||
3|1|1428|7790895009815|1|CEPITA NARANJA 995CC|1.00|unidad| |5800.00|5800.00|1|unidad||||
3|1|1428|0000000022630|0|CEREAL MIX BARRA DE CEREAL C/FRUTILLA&YOGHURT X26G|1.00|unidad| |1700.00|1700.00|1|unidad||||
3|1|1428|0000000001341|0|CEREAL MIX BARRA DE CEREAL X 23G|1.00|unidad| |1700.00|1700.00|1|unidad||||
3|1|1428|0000000022631|0|CEREAL MIX BARRA DE CEREAL YOGH/FRUTIL.L.X26g|1.00|unidad| |1700.00|1700.00|1|unidad||||
3|1|1428|7790580123345|1|CH. TL7 MENTHOL 20X16X14G|1.00|unidad| |1900.00|1900.00|1|unidad||||
3|1|1428|0000000019822|0|CH. TL7 VIBR. STRAW. 20X16X14G|1.00|unidad| |1900.00|1900.00|1|unidad||||
3|1|1428|7790580104252|1|CH. TL7 VIOL. CHERRY 20X16X14G|1.00|unidad| |1900.00|1900.00|1|unidad||||
3|1|1428|7790580317607|1|CH. TL7 XPLOS. MINT 20X16X14G|1.00|unidad| |1900.00|1900.00|1|unidad||||
3|1|1428|8445290701961|1|Choc Bananita Dolca 30 grs|1.00|unidad| |2200.00|2200.00|1|unidad||||
3|1|1428|8445290701596|1|Choc. Bananita Dolca 14grs|1.00|unidad| |1200.00|1200.00|1|unidad||||
3|1|1428|7622202328947|1|Choc. Milka 55g Leche NVO|1.00|unidad| |6100.00|6100.00|1|unidad||||
3|1|1428|7790070418296|1|Chocoarroz Blanco est. 22g|1.00|unidad| |1800.00|1800.00|1|unidad||||
3|1|1428|7790070418203|1|Chocoarroz DL 22 gr|1.00|unidad| |1800.00|1800.00|1|unidad||||
3|1|1428|7790580103521|1|CHOCOLATE LECHE CON CONFITES COFLER X 55 G|1.00|unidad| |5800.00|5800.00|1|unidad||||
3|1|1428|7798304840851|1|CHOMPAlmedC/SsaDDL6x180g|1.00|unidad| |10200.00|10200.00|1|unidad||||
3|1|1428|7798130953640|1|CHUPETIN COCO POP X 17 G|1.00|unidad| |3500.00|3500.00|1|unidad||||
3|1|1428|7798130954777|1|CHUPETIN EMOTI POP 11GR|1.00|unidad| |3500.00|3500.00|1|unidad||||
3|1|1428|0000000023604|0|CIRCULAR MEMBRILLO X UN|1.00|unidad| |1500.00|1500.00|1|unidad||||
3|1|1428|7798085680516|1|CITRIC JUGO NARANJA MANGO TETRA X 500CC|1.00|unidad| |3700.00|3700.00|1|unidad||||
3|1|1428|7798085681834|1|CITRIC JUGO NARANJA TETRA X 1L|1.00|unidad| |5500.00|5500.00|1|unidad||||
3|1|1428|7798085681445|1|CITRIC JUGO NARANJA TETRA X 250CC|1.00|unidad| |2100.00|2100.00|1|unidad||||
3|1|1428|7798085681452|1|CITRIC JUGO NARANJA TETRA X 500CC|1.00|unidad| |3700.00|3700.00|1|unidad||||
3|1|1428|7798085680295|1|CITRIC JUGO NARANJA/ DURAZNO TETRA X 500CC|1.00|unidad| |3700.00|3700.00|1|unidad||||
3|1|1428|7790895000997|1|COCA-COLA X 2.25L|1.00|unidad| |8500.00|8500.00|1|unidad||||
3|1|1428|7790040659605|1|COFLER BLOCK ALFAJOR CHOCOLATE X 60 G|1.00|unidad| |2800.00|2800.00|1|unidad||||
3|1|1428|0000000018365|0|COFLER BLOCK CHOCOLATE C/LECHE Y MANI TAB.X 110GR|1.00|unidad| |7800.00|7800.00|1|unidad||||
3|1|1428|0000000015301|0|COFLER BLOCK CHOCOLATE C/LECHE Y MANI TAB.X 38GR|1.00|unidad| |3100.00|3100.00|1|unidad||||
3|1|1428|7790580105013|1|COFLER BLOCK CHOCOLATE X 170G|1.00|unidad| |13200.00|13200.00|1|unidad||||
3|1|1428|7790580115579|1|COFLER BLOCK CHOCOLATE X 1KG|1.00|unidad| |62900.00|62900.00|1|unidad||||
3|1|1428|7790580103385|1|COFLER CHOCOLATE AIREADO BCO/LECHE X 27 GR.|1.00|unidad| |3300.00|3300.00|1|unidad||||
3|1|1428|7790580103378|1|COFLER CHOCOLATE AIREADO BLANCO X 27 GR.|1.00|unidad| |3300.00|3300.00|1|unidad||||
3|1|1428|7790580115869|1|COFLER CHOCOLATE AIREADO BON O BON X 67G|1.00|unidad| |6500.00|6500.00|1|unidad||||
3|1|1428|7790580103361|1|COFLER CHOCOLATE AIREADO LECHE X 27 GR.|1.00|unidad| |3300.00|3300.00|1|unidad||||
3|1|1428|7790580043407|1|COFLER CHOCOLATE AIREADO LECHE X 55G|1.00|unidad| |6600.00|6600.00|1|unidad||||
3|1|1428|7790580003531|1|COFLER CHOCOLATE BCO&COOK X 55G|1.00|unidad| |5800.00|5800.00|1|unidad||||
3|1|1428|7790580043506|1|COFLER CHOCOLATE LECHE CON ALMENDRAS X 55G|1.00|unidad| |5800.00|5800.00|1|unidad||||
3|1|1428|0000000024109|0|CRIOLLITO X UN|1.00|unidad| |1500.00|1500.00|1|unidad||||
3|1|1428|0000000023957|0|CROISSANT J Y Q|1.00|unidad| |5800.00|5800.00|1|unidad||||
3|1|1428|7798024760798|1|CROQUE MONSIEUR J Y Q BLANCO X UN|1.00|unidad| |9100.00|9100.00|1|unidad||||
3|1|1428|7798024760804|1|CROQUE MONSIEUR J Y Q NEGRO X UN|1.00|unidad| |9100.00|9100.00|1|unidad||||
3|1|1428|0000000020568|0|CUADRADO DE PASTA FROLA|1.00|unidad| |4800.00|4800.00|1|unidad||||
3|1|1428|0000000023543|0|DELIVERY MEDIALUNAS X 6 UNIDADES|1.00|unidad| |205.00|205.00|1|unidad||||
3|1|1428|7795735000106|1|DON SATUR TALITAS X 140GR|1.00|unidad| |2200.00|2200.00|1|unidad||||
3|1|1428|7790206007509|1|DOS CORAZONES BOCADITO CHOC.C/LECHE RELL. X 26GR|1.00|unidad| |2100.00|2100.00|1|unidad||||
3|1|1428|7792799000035|1|ECO DE LOS ANDES AGUA CON GAS PET X 500CC.|1.00|unidad| |3000.00|3000.00|1|unidad||||
3|1|1428|7798128000486|1|EL CACHAFAZ ALFAJOR BLANCO FLOWPACK X 60 GR|1.00|unidad| |3100.00|3100.00|1|unidad||||
3|1|1428|7798128000462|1|EL CACHAFAZ ALFAJOR CHOCOLATE FLOWPACK X 60 GR|1.00|unidad| |3000.00|3000.00|1|unidad||||
3|1|1428|7798128001940|1|EL CACHAFAZ ALFAJOR DE MAICENA X 76G|1.00|unidad| |3100.00|3100.00|1|unidad||||
3|1|1428|7798128001797|1|EL CACHAFAZ CONITO DULCE DE LECHE X 38G|1.00|unidad| |2600.00|2600.00|1|unidad||||
3|1|1428|7798024760569|1|ENSALADA CESAR  PREMIUM X UN|1.00|unidad| |13000.00|13000.00|1|unidad||||
3|1|1428|7798024760392|1|ENSALADA CHEF PREMIUM X UN|1.00|unidad| |13000.00|13000.00|1|unidad||||
3|1|1428|7798024766417|1|ENSALADA MIX VEG.C/PECHUGUITAS AL SESAMO X UN|1.00|unidad| |13000.00|13000.00|1|unidad||||
3|1|1428|7613035242524|1|EPA DDL MAX 88GR|1.00|unidad| |6500.00|6500.00|1|unidad||||
3|1|1428|7613035242500|1|EPA ROCKER X 88G|1.00|unidad| |6500.00|6500.00|1|unidad||||
3|1|1428|7898024390121|1|FERRERO ROCHER BOMBON CHOC.RELL.PAQ.3 UNID X 37.5G|1.00|unidad| |5400.00|5400.00|1|unidad||||
3|1|1428|7798024760255|1|FIGAZZITAS DE SALAME Y QUESO X 2 UN|1.00|unidad| |8200.00|8200.00|1|unidad||||
3|1|1428|7798147780062|1|Franui sabor Black 150gr|1.00|unidad| |8500.00|8500.00|1|unidad||||
3|1|1428|7798147783223|1|Franui sabor Leche 150gr|1.00|unidad| |8500.00|8500.00|1|unidad||||
3|1|1428|7790070431936|1|Gallo YoguBar 20gr|1.00|unidad| |1700.00|1700.00|1|unidad||||
3|1|1428|0067061111111|1|GATORADE COOL BLUE PET X 500CC|1.00|unidad| |3900.00|3900.00|1|unidad||||
3|1|1428|0071971211111|1|GATORADE FRUTOS TROPICALES PET X 750CC|1.00|unidad| |4700.00|4700.00|1|unidad||||
3|1|1428|0066011111111|1|GATORADE MANZANA PET X 500CC|1.00|unidad| |3900.00|3900.00|1|unidad||||
3|1|1428|0042831111111|1|GATORADE MANZANA PET X 750CC|1.00|unidad| |4600.00|4600.00|1|unidad||||
3|1|1428|0006602111111|1|GATORADE NARANJA PET X 500CC|1.00|unidad| |3900.00|3900.00|1|unidad||||
3|1|1428|7798024766103|1|GRANDWICH PANINI GRIGLIATTI JAM/QUE/TOM/HUE X 210G|1.00|unidad| |6650.00|6650.00|1|unidad||||
3|1|1428|0000000023445|0|HALLS FREE MENTA X 28 G|1.00|unidad| |1450.00|1450.00|1|unidad||||
3|1|1428|7791249450277|1|HALLS MENTA LYPTUS CARAMELOS DUROS PAQ.X 28G|1.00|unidad| |1250.00|1250.00|1|unidad||||
3|1|1428|0000000023603|0|ICEDREAM CIRCULAR PASTELERA X UN|1.00|unidad| |1500.00|1500.00|1|unidad||||
3|1|1428|0028411111111|1|JORGITO ALFAJOR BLANCO X 50G|1.00|unidad| |1600.00|1600.00|1|unidad||||
3|1|1428|0011111112842|1|JORGITO ALFAJOR CHOCOLATE X 55G|1.00|unidad| |1600.00|1600.00|1|unidad||||
3|1|1428|7790957000545|1|JORGITO MINI ALFAJOR CHOCOLATE PAQ.X 6 UNID.|1.00|unidad| |4600.00|4600.00|1|unidad||||
3|1|1428|7790957000538|1|JORGITO MINI ALFAJOR GLACEADO PAQ.X 6 UNID.X 155GR|1.00|unidad| |4600.00|4600.00|1|unidad||||
3|1|1428|0000080052760|1|KINDER BUENO OBLEA CHOCOLATE CON LECHE X 43G|1.00|unidad| |4800.00|4800.00|1|unidad||||
3|1|1428|0000077949677|1|KINDER CHOCOLATE X 50G|1.00|unidad| |5500.00|5500.00|1|unidad||||
3|1|1428|7891000379073|1|KIT KAT DARK OBLEA BAÑADA CHOCOLATE X 41.5G|1.00|unidad| |2800.00|2800.00|1|unidad||||
3|1|1428|7891000379028|1|KIT KAT OBLEA BAÑADA CHOCOLATE BLANCO X 41.5G|1.00|unidad| |2800.00|2800.00|1|unidad||||
3|1|1428|7791337007260|1|Leche chocolatada Cindor 200ml|1.00|unidad| |3800.00|3800.00|1|unidad||||
3|1|1428|7791337007253|1|Leche chocolatada Cindor x 1L|1.00|unidad| |11500.00|11500.00|1|unidad||||
3|1|1428|7798368470391|1|LUCCIANO´S CHANTILLY X 100GR (02)|1.00|unidad| |7400.00|7400.00|1|unidad||||
3|1|1428|7798368470384|1|LUCCIANO´S CHOCOLATE C/CROCANTE X 100GR (01)|1.00|unidad| |7400.00|7400.00|1|unidad||||
3|1|1428|7798368470421|1|LUCCIANO´S CHOCOLATE X 90GR (05)|1.00|unidad| |7400.00|7400.00|1|unidad||||
3|1|1428|7798368470438|1|LUCCIANO´S DDL C/ CROCANTE X 90GR (06)|1.00|unidad| |7400.00|7400.00|1|unidad||||
3|1|1428|0000000024240|0|LUCCIANO´S DDL X 90GR (03)|1.00|unidad| |6000.00|6000.00|1|unidad||||
3|1|1428|7798368470476|1|LUCCIANO´S MINION ICE POP X 100GR (10)|1.00|unidad| |7900.00|7900.00|1|unidad||||
3|1|1428|7798368470469|1|LUCCIANO´S OLI KING X 90GR (09)|1.00|unidad| |7800.00|7800.00|1|unidad||||
3|1|1428|7798368470735|1|LUCCIANO´S PISTACCHIO X 95GR (08)|1.00|unidad| |7800.00|7800.00|1|unidad||||
3|1|1428|7798368470414|1|LUCCIANO´S SORBETE PATAGONIA X 90GR (04)|1.00|unidad| |7400.00|7400.00|1|unidad||||
3|1|1428|7613034797469|1|LUXOR BOMBON HELADO 53G|1.00|unidad| |3000.00|3000.00|1|unidad||||
3|1|1428|7797453001441|1|M&M Chocolate 48 Grs|1.00|unidad| |4800.00|4800.00|1|unidad||||
3|1|1428|7797453001458|1|M&M MANI PAQ. X 49 GR|1.00|unidad| |4800.00|4800.00|1|unidad||||
3|1|1428|7790387015324|1|MAÑANITA YERBA 4FLEX X 500 GR|1.00|unidad| |4400.00|4400.00|1|unidad||||
3|1|1428|7790206006106|1|MARROC BOCADITO X 14 GR.|1.00|unidad| |1200.00|1200.00|1|unidad||||
3|1|1428|7798024760125|1|MAX PREMIUM JyQ-TOM-HUE- PAN NGO X UN|1.00|unidad| |9600.00|9600.00|1|unidad||||
3|1|1428|7798024766172|1|MAX PREMIUM POLLO-RU-PAR-PAN NGO X UN|1.00|unidad| |9600.00|9600.00|1|unidad||||
3|1|1428|7798024760552|1|MAX TRIANGULO LIGHT POLLO-LEC-PAN NGO X UN|1.00|unidad| |9600.00|9600.00|1|unidad||||
3|1|1428|0000000023602|0|MEDIALUNA DE GRASA X UN|1.00|unidad| |1500.00|1500.00|1|unidad||||
3|1|1428|0000000023601|0|MEDIALUNA DE MANTECA X UN|1.00|unidad| |1500.00|1500.00|1|unidad||||
3|1|1428|7891000120057|1|MEGA AMERICANA CON ALMENDRAS X 74g|1.00|unidad| |7400.00|7400.00|1|unidad||||
3|1|1428|0000000020546|0|MENTHO-PLUS ACIDOS CEREZA X 27.2G|1.00|unidad| |1600.00|1600.00|1|unidad||||
3|1|1428|0000000020540|0|MENTHO-PLUS ACIDOS NARANJA X 27.2G|1.00|unidad| |1600.00|1600.00|1|unidad||||
3|1|1428|0000000021660|0|MENTHO-PLUS CARAMELOS INHALANTES DE CEREZA X 29.4G|1.00|unidad| |1000.00|1000.00|1|unidad||||
3|1|1428|0000000021663|0|MENTHO-PLUS CARAMELOS INHALANTES MIEL X 29.4G|1.00|unidad| |1000.00|1000.00|1|unidad||||
3|1|1428|0000000021661|0|MENTHO-PLUS CARAMELOS INHALANTES STRONG X 29.4G|1.00|unidad| |1000.00|1000.00|1|unidad||||
3|1|1428|0000000017476|0|MENTHO-PLUS CARAMELOS SIN AZUCAR CHERRY X 27.3G|1.00|unidad| |1600.00|1600.00|1|unidad||||
3|1|1428|0000000017474|0|MENTHO-PLUS CARAMELOS SIN AZUCAR MENTOL X 27.3G|1.00|unidad| |1600.00|1600.00|1|unidad||||
3|1|1428|0000000021664|0|MENTHOPLUS MENTA X 29.4G|1.00|unidad| |1000.00|1000.00|1|unidad||||
3|1|1428|0000000021662|0|MENTHOPLUS MENTOL X 29.4G|1.00|unidad| |1000.00|1000.00|1|unidad||||
3|1|1428|0000000021044|0|MENTHOPLUS ZERO CARAMELOS DURAZNO X 26.6G|1.00|unidad| |1600.00|1600.00|1|unidad||||
3|1|1428|0000000021047|0|MENTHOPLUS ZERO CARAMELOS STRONG X 26.6G|1.00|unidad| |1600.00|1600.00|1|unidad||||
3|1|1428|7895144699851|1|MENTOS CARAMELOS MASTICABLES SAB.FRUTA X 29.7GR|1.00|unidad| |1200.00|1200.00|1|unidad||||
3|1|1428|7895144699844|1|MENTOS CARAMELOS MASTICABLES SAB.MENTA X 29.7GR|1.00|unidad| |1200.00|1200.00|1|unidad||||
3|1|1428|0000000021770|0|MERMELADAS X UNIDAD|1.00|unidad| |50.00|50.00|1|unidad||||
3|1|1428|0000077903785|1|MILKA ALFAJOR MOUSSE TRIPLE X 55 GR.|1.00|unidad| |2800.00|2800.00|1|unidad||||
3|1|1428|7622300457303|1|MILKA ALFAJOR TRIPLE BLANCO X 55G|1.00|unidad| |2800.00|2800.00|1|unidad||||
3|1|1428|7622300844967|1|MILKA CHOCOLATE BLANCO CON DULCE DE LECHE X 67.5G|1.00|unidad| |7100.00|7100.00|1|unidad||||
3|1|1428|7622300844943|1|MILKA CHOCOLATE C DULCE DE LECHE X 67.5G|1.00|unidad| |7100.00|7100.00|1|unidad||||
3|1|1428|0000000021565|0|MILKA CHOCOLATE C/LECHE ALMENDRAS|1.00|unidad| |3290.00|3290.00|1|unidad||||
3|1|1428|7622300990114|1|MILKA CHOCOLATE CON LECHE X 150G|1.00|unidad| |13800.00|13800.00|1|unidad||||
3|1|1428|7622201818937|1|MILKA LEGER CHOCOLATE LECHE TABLETA X 50G|1.00|unidad| |5800.00|5800.00|1|unidad||||
3|1|1428|7790580116958|1|MOGUL CARAMELO DE GOMA DINOS X 30G|1.00|unidad| |800.00|800.00|1|unidad||||
3|1|1428|7790580129507|1|MOGUL CARAMELOS DE GOMA ACIDOS BOLSA X 60G|1.00|unidad| |1350.00|1350.00|1|unidad||||
3|1|1428|7790580169312|1|MOGUL CARAMELOS DE GOMA CEREBRITOS X 30G|1.00|unidad| |1200.00|1200.00|1|unidad||||
3|1|1428|7790580116460|1|MOGUL CARAMELOS DE GOMA EXTREME ACIDO ROLLO X 35G|1.00|unidad| |1200.00|1200.00|1|unidad||||
3|1|1428|7790580603809|1|MOGUL CARAMELOS DE GOMA FRUTALES ROLLO X 35G|1.00|unidad| |1200.00|1200.00|1|unidad||||
3|1|1428|7790580199913|1|MOGUL CARAMELOS DE GOMA OSITOS X 30 GR|1.00|unidad| |1200.00|1200.00|1|unidad||||
3|1|1428|7790580200114|1|MOGUL CARAMELOS DE GOMA TIBURON X 30G|1.00|unidad| |1200.00|1200.00|1|unidad||||
3|1|1428|7798422620014|1|MONSTER ENERGY GREEN X 473CC|1.00|unidad| |5200.00|5200.00|1|unidad||||
3|1|1428|7798422620045|1|MONSTER MANGO LOCO 473|1.00|unidad| |5200.00|5200.00|1|unidad||||
3|1|1428|7798422620021|1|MONSTER ULTRA x 473 CC|1.00|unidad| |5200.00|5200.00|1|unidad||||
3|1|1428|1111111111142|1|MUFFIN CHIPS CHOC X UN|1.00|unidad| |3900.00|3900.00|1|unidad||||
3|1|1428|1111111111145|1|MUFFIN VAINILLA C/DDL X UN|1.00|unidad| |3900.00|3900.00|1|unidad||||
3|1|1428|7798304841261|1|NESQUIK NUTRIACTIV B HEL.CHOCOLATE CON CALCIN-N|1.00|unidad| |1800.00|1800.00|1|unidad||||
3|1|1428|7622210723468|1|OREO GALLETITAS BAÑADAS CHOCOLATE x17gr|1.00|unidad| |200.00|200.00|1|unidad||||
3|1|1428|7899975800523|1|Oreo Palito AR 20 x 65g|1.00|unidad| |6500.00|6500.00|1|unidad||||
3|1|1428|7899975800509|1|OREO SANDWICH AR 81GR|1.00|unidad| |6500.00|6500.00|1|unidad||||
3|1|1428|7798304841124|1|OREO TACITA X 95G|1.00|unidad| |6500.00|6500.00|1|unidad||||
3|1|1428|0000000024088|0|PAN DE CHOCOLATE X UN|1.00|unidad| |3900.00|3900.00|1|unidad||||
3|1|1428|7798024766110|1|PANINI GRIGLIATTI DE PECETO X 210G|1.00|unidad| |6650.00|6650.00|1|unidad||||
3|1|1428|7791007000764|1|PAÑUELOS DESCARTABLES CAJA X 75 UNID|1.00|unidad| |3600.00|3600.00|1|unidad||||
3|1|1428|7791070003482|1|PAÑUELOS DESCARTABLES X UNID|1.00|unidad| |700.00|700.00|1|unidad||||
3|1|1428|7798024760781|1|PEBETE PECHUGA CRISPY X UN|1.00|unidad| |9200.00|9200.00|1|unidad||||
3|1|1428|7798024760361|1|PECHUGA GRILLE C/VEGETAL DEL HUERTO X UN|1.00|unidad| |11500.00|11500.00|1|unidad||||
3|1|1428|0000077915481|1|PEPITOS ALFAJOR TRIPLE DE CHOCOLATE X 57GR|1.00|unidad| |2800.00|2800.00|1|unidad||||
3|1|1428|7791813828365|1|PEPSI BLACK PET X 500CC|1.00|unidad| |3100.00|3100.00|1|unidad||||
3|1|1428|1111111111200|1|PICO DULCE CHUPETIN X 14 GR.|1.00|unidad| |500.00|500.00|1|unidad||||
3|1|1428|7790895641183|1|POWERADE FRUTAS TROPICALES PET X 500CC|1.00|unidad| |3300.00|3300.00|1|unidad||||
3|1|1428|7790895640018|1|POWERADE MANZANA PET X 500CC|1.00|unidad| |3300.00|3300.00|1|unidad||||
3|1|1428|7790895640025|1|POWERADE MOUNTAIN BLAST PET X 500CC|1.00|unidad| |3300.00|3300.00|1|unidad||||
3|1|1428|7791519200021|1|PRIME PRESERVATIVO ANATOMICO CAJA X 3 UNID.|1.00|unidad| |6000.00|6000.00|1|unidad||||
3|1|1428|7791519200076|1|PRIME PRESERVATIVO ESPERMICIDA CAJA X 3 UNID.|1.00|unidad| |6000.00|6000.00|1|unidad||||
3|1|1428|7791519000676|1|PRIME PRESERVATIVO EXTRA LUBRICADO CAJA X 3 UNID.|1.00|unidad| |6000.00|6000.00|1|unidad||||
3|1|1428|7791519200045|1|PRIME PRESERVATIVO SUPERFINO CAJA X 3 UNID.|1.00|unidad| |6000.00|6000.00|1|unidad||||
3|1|1428|7791519200090|1|PRIME PRESERVATIVO TACHAS CAJA X 3 UNID.|1.00|unidad| |6000.00|6000.00|1|unidad||||
3|1|1428|7791519200069|1|PRIME PRESERVATIVO TEXTURADO CAJA X 3 UNID.|1.00|unidad| |6000.00|6000.00|1|unidad||||
3|1|1428|7790742167101|1|Queso Finlandia Chef Cheddar 150gr PAQUETE INSUMO|1.00|unidad| |0.01|0.01|1|unidad||||
3|1|1428|0045011111111|1|RED BULL ENERGY DRINK LATA X 250 CC|1.00|unidad| |5000.00|5000.00|1|unidad||||
3|1|1428|0000090435225|1|RED BULL ENERGY DRINK LATA X 355 CC|1.00|unidad| |6200.00|6200.00|1|unidad||||
3|1|1428|9002490232054|1|RED BULL ENERGY DRINK SUGAR FREE LATA X 250CC|1.00|unidad| |5000.00|5000.00|1|unidad||||
3|1|1428|7790580327415|1|ROCKLETS CONFITES DE CHOCOLATE PAQ. X 40 GR|1.00|unidad| |2800.00|2800.00|1|unidad||||
3|1|1428|7790580327613|1|ROCKLETS NARANJA MANI C/CHOCOLATE CONFITADO X 40G|1.00|unidad| |2800.00|2800.00|1|unidad||||
3|1|1428|7798024760507|1|ROLL CHICKEN CAESAR X 210GR|1.00|unidad| |9600.00|9600.00|1|unidad||||
3|1|1428|0000000023605|0|SACRAMENTO MEMBRILLO X UN|1.00|unidad| |1500.00|1500.00|1|unidad||||
3|1|1428|7790580716806|1|SALADIX GALLETITAS SAB. CALABRESA CAJA X 100G|1.00|unidad| |2900.00|2900.00|1|unidad||||
3|1|1428|7790580716707|1|SALADIX GALLETITAS SAB. JAMON CAJA X 100G|1.00|unidad| |2900.00|2900.00|1|unidad||||
3|1|1428|7790580697303|1|SALADIX GALLETITAS SAB. PIZZA CAJA X 100G|1.00|unidad| |2900.00|2900.00|1|unidad||||
3|1|1428|7790040374607|1|SALADIX GALLETITAS SAB.DUO CAJA X 80G|1.00|unidad| |2900.00|2900.00|1|unidad||||
3|1|1428|7790040123434|1|SALADIX GALLETITAS SAB.KESITOS X80G|1.00|unidad| |2500.00|2500.00|1|unidad||||
3|1|1428|0000077956699|1|SHOT ALFAJOR TRISHOT TRIPLE X 60G|1.00|unidad| |2800.00|2800.00|1|unidad||||
3|1|1428|7622300424084|1|SHOT CHOCOLATE CON LECHE Y MANI TABLETA X 170 GR|1.00|unidad| |11900.00|11900.00|1|unidad||||
3|1|1428|0000077914217|1|SHOT CHOCOLATE LECHE CON MANI TABLETA X 35G|1.00|unidad| |2900.00|2900.00|1|unidad||||
3|1|1428|7798304841803|1|SIN PARAR CHOCOLATE DULCE DE LECHE X 90G|1.00|unidad| |2900.00|2900.00|1|unidad||||
3|1|1428|7798304841797|1|SIN PARAR DULCE DE LECHE Y AMERICANA X 90G|1.00|unidad| |2900.00|2900.00|1|unidad||||
3|1|1428|7798304841780|1|SIN PARAR FRUTILLA CREMA X 90G|1.00|unidad| |2900.00|2900.00|1|unidad||||
3|1|1428|0022000018465|1|SKITTLES CONFITES ORIGINAL FRUIT PAQ.X 61.5GR|1.00|unidad| |4500.00|4500.00|1|unidad||||
3|1|1428|0022000018489|1|SKITTLES CONFITES WILDBERRY PAQ.X 61.5GR|1.00|unidad| |4500.00|4500.00|1|unidad||||
3|1|1428|7790895646027|1|SMART WATER C/G 591 ML|1.00|unidad| |3300.00|3300.00|1|unidad||||
3|1|1428|7790895645778|1|SMART WATER S/G 591 ML|1.00|unidad| |3300.00|3300.00|1|unidad||||
3|1|1428|7506174512248|1|SNICKERS BARRA RELL.MANI CUB.C/CHOCOLATE X 48 GR|1.00|unidad| |4500.00|4500.00|1|unidad||||
3|1|1428|0522111111111|1|SPEED UNLIMITED LATA X 250CC|1.00|unidad| |3800.00|3800.00|1|unidad||||
3|1|1428|0040000000518|1|STARBURST CARAMELO MASTICABLE SURTIDO PAQ.X 58.7G|1.00|unidad| |4900.00|4900.00|1|unidad||||
3|1|1428|7790580060206|1|SUGUS CARAMELO MASTICABLE SUELTO X 3.3 GR|1.00|unidad| |50.00|50.00|1|unidad||||
3|1|1428|7790580056001|1|SUGUS CONFITADOS CONFITES DE CARAMELO SURT.X 50 G|1.00|unidad| |2000.00|2000.00|1|unidad||||
3|1|1428|7790387000849|1|TARAGUI MATE COCIDO X 25 UNID S ENS|1.00|unidad| |130.00|130.00|1|unidad||||
3|1|1428|0029601111111|1|TARAGUI MATE LISTO X 35 GR.|1.00|unidad| |3900.00|3900.00|1|unidad||||
3|1|1428|0029621111111|1|TARAGUI TERMO MATE-LISTO CAPACIDAD 500 CC.|1.00|unidad| |5800.00|5800.00|1|unidad||||
3|1|1428|7790387013627|1|TARAGUI YERBA 4FLEX X 500 GR.|1.00|unidad| |4400.00|4400.00|1|unidad||||
3|1|1428|0000077939234|1|TERRABUSI ALFAJOR CHOCOLATE X 50 GR|1.00|unidad| |1900.00|1900.00|1|unidad||||
3|1|1428|0000077903792|1|TERRABUSI ALFAJOR TRIPLE CHOCOLATE X 70G.|1.00|unidad| |2800.00|2800.00|1|unidad||||
3|1|1428|0000077903860|1|TERRABUSI ALFAJOR TRIPLE TIPO TORTA CHOCOLAT.X 70G|1.00|unidad| |2800.00|2800.00|1|unidad||||
3|1|1428|7622300335052|1|TERRABUSI SNACKY X 60GR|1.00|unidad| |4400.00|4400.00|1|unidad||||
3|1|1428|7861002910314|1|TIC TAC PASTILLAS SABOR MENTA CAJA X 16 GR.|1.00|unidad| |1500.00|1500.00|1|unidad||||
3|1|1428|7861002910321|1|TIC TAC PASTILLAS SABOR NARANJA CAJA X 16 GR.|1.00|unidad| |1500.00|1500.00|1|unidad||||
3|1|1428|7790580746612|1|TOFI CHOCOLATE C/LECHE RELLENO D.LECHE X 55G|1.00|unidad| |400.00|400.00|1|unidad||||
3|1|1428|7798024760354|1|TOP PBT DE JAMON COCIDO Y QUESO X UN|1.00|unidad| |8200.00|8200.00|1|unidad||||
3|1|1428|0000000019823|0|TOPLINE 7 CHICLE S/AZUCAR ATM STRONG X 14G|1.00|unidad| |1900.00|1900.00|1|unidad||||
3|1|1428|0000000018843|0|TOPLINE 7 CHICLE S/AZUCAR MANDARINA  CAJA X 14G|1.00|unidad| |1900.00|1900.00|1|unidad||||
3|1|1428|7790580120573|1|TOPLINE 7 ULTRA CLEAN X 24G|1.00|unidad| |3300.00|3300.00|1|unidad||||
3|1|1428|7790580120702|1|TOPLINE 7 ULTRA GREEN MINT X 24G|1.00|unidad| |3300.00|3300.00|1|unidad||||
3|1|1428|7790580121013|1|TOPLINE 7 ULTRA RED BERRY X 24G|1.00|unidad| |3300.00|3300.00|1|unidad||||
3|1|1428|7798304841421|1|TORPEDO FRUTILLA|1.00|unidad| |2000.00|2000.00|1|unidad||||
3|1|1428|7798304841414|1|TORPEDO LIMON|1.00|unidad| |2000.00|2000.00|1|unidad||||
3|1|1428|7798024760460|1|TRIPLE MIGA BLANCO J.COCIDO Y QUESO X 3 UN|1.00|unidad| |8700.00|8700.00|1|unidad||||
3|1|1428|7798024760477|1|TRIPLE MIGA NEGRO J.COCIDO Y QUESO X 3 UN|1.00|unidad| |8700.00|8700.00|1|unidad||||
3|1|1428|7622202839962|1|VARIEDAD GALLETITAS DULCES SURTIDAS X 390GR.|1.00|unidad|VARIEDAD|5500.00|5500.00|1|unidad||||
3|1|1428|0016871111111|1|VASO REUTILIZABLE|1.00|unidad| |4000.00|4000.00|1|unidad||||
3|1|1428|0000000004361|0|VAUQUITA TABLETA DE DULCE DE LECHE X 25 GR.|1.00|unidad| |180.00|180.00|1|unidad||||
3|1|1428|7790315100184|1|VDS LEVITE CERO AGUA S/G MANZANA PET X 500cc|1.00|unidad| |3100.00|3100.00|1|unidad||||
3|1|1428|0021352111111|1|VDS LEVITE CERO AGUA S/G NARANJA PET X 500cc|1.00|unidad| |3100.00|3100.00|1|unidad||||
3|1|1428|0021347111111|1|VILLA DEL SUR LEVITE S/G MANZANA PET X 500cc|1.00|unidad| |3100.00|3100.00|1|unidad||||
3|1|1428|7798062548655|1|VILLA DEL SUR LEVITE S/G NARANJA PET X 500cc|1.00|unidad| |3100.00|3100.00|1|unidad||||
3|1|1428|0021349111111|1|VILLA DEL SUR LEVITE S/G PERA PET X 500cc|1.00|unidad| |3100.00|3100.00|1|unidad||||
3|1|1428|7799155000982|1|VILLA DEL SUR LEVITE S/G POMELO PET X 500cc|1.00|unidad| |3100.00|3100.00|1|unidad||||
3|1|1428|7799155000210|1|VILLAVICENCIO AGUA FINAMENTE GASIFICADA PET X 1.5L|1.00|unidad| |4800.00|4800.00|1|unidad||||
3|1|1428|7799155000203|1|VILLAVICENCIO AGUA FINAMENTE GASIFICADA PET X 500C|1.00|unidad| |3300.00|3300.00|1|unidad||||
3|1|1428|0022000293220|1|Wrigleys Doubl 12.5g|1.00|unidad| |2500.00|2500.00|1|unidad||||
3|1|1428|0022000293305|1|Wrigleys Spear 12.5g|1.00|unidad| |2500.00|2500.00|1|unidad||||
3|1|1428|7791337010826|1|Yogurisimo Botellita Frutilla x 190g|1.00|unidad| |5500.00|5500.00|1|unidad||||
3|1|1428|7798187760246|1|ZAFRAN BARRA DE CEREAL ALM/COCO X 28G|1.00|unidad| |1800.00|1800.00|1|unidad||||
3|1|1428|7798187760277|1|ZAFRAN BARRA DE CEREAL CAJU/ZAPALLO 28G|1.00|unidad| |1800.00|1800.00|1|unidad||||
3|1|1428|7798187760253|1|ZAFRAN BARRA DE CEREAL MANI/CACAO 28G|1.00|unidad| |1800.00|1800.00|1|unidad||||
3|1|1428|7798187760260|1|ZAFRAN BARRA DE CEREAL MZNA/CHIA 28G|1.00|unidad| |1800.00|1800.00|1|unidad||||
3|1|1438|7791813434412|1|7UP FREE PET X 1.5L|1.00|unidad| |5200.00|5200.00|1|unidad||||
3|1|1438|0000000023897|0|AFEITADORA BIC COMFORT  3|1.00|unidad| |820.00|820.00|1|unidad||||
3|1|1438|7790580109882|1|AGUILA EXTRAFINO 60% CACAO X 150 GR|1.00|unidad| |16100.00|16100.00|1|unidad||||
3|1|1438|7790040133594|1|AGUILA MINITORTA BROWNIE X 72G|1.00|unidad| |3100.00|3100.00|1|unidad||||
3|1|1438|7790040298705|1|AGUILA MINITORTA DDLECHE/MOUSSE SAB.VAINILLA X 72G|1.00|unidad| |3100.00|3100.00|1|unidad||||
3|1|1438|0000000023956|0|ALFAJOR CHOCOLATE|1.00|unidad| |2350.00|2350.00|1|unidad||||
3|1|1438|0000000023280|0|ALFAJORES DE MAICENA|1.00|unidad| |2350.00|2350.00|1|unidad||||
3|1|1438|7790580607418|1|ARCOR CHOCOLATE BLANCO TABLETA X 25 GR|1.00|unidad| |2500.00|2500.00|1|unidad||||
3|1|1438|7790580607210|1|ARCOR CHOCOLATE CON LECHE TABLETA X 25GR|1.00|unidad| |2500.00|2500.00|1|unidad||||
3|1|1438|0000000001339|0|ARCOR OBLEA RELLENA C/PASTA DE TURRON Y MANI X 25G|1.00|unidad| |700.00|700.00|1|unidad||||
3|1|1438|7793360294600|1|BC JUGO MANZANA TETRA X 200CC|1.00|unidad| |1300.00|1300.00|1|unidad||||
3|1|1438|7793360246609|1|BC JUGO NARANJA TETRA X 200CC.|1.00|unidad| |1300.00|1300.00|1|unidad||||
3|1|1438|7790580154264|1|BEB MULTIFRUTA BC 24X200ML|1.00|unidad| |1300.00|1300.00|1|unidad||||
3|1|1438|7792730020559|1|BIZNIKKE NEVADO CHOCOLATE TABLETA X 120 GR.|1.00|unidad| |9200.00|9200.00|1|unidad||||
3|1|1438|7790580722708|1|BOMBON TOFI LECHE X 15G|1.00|unidad| |2100.00|2100.00|1|unidad||||
3|1|1438|7790040613607|1|Bon O Bon Alfajor Chocolate Blanco x40 gr|1.00|unidad| |2100.00|2100.00|1|unidad||||
3|1|1438|7790040613706|1|BON O BON ALFAJOR CHOCOLATE NEGRO/LECHE X 40G|1.00|unidad| |2100.00|2100.00|1|unidad||||
3|1|1438|0000000021586|0|BON-O-BON BOMBON AGUILA X 15G|1.00|unidad| |1100.00|1100.00|1|unidad||||
3|1|1438|7790580119058|1|BON-O-BON BOMBON CHOCOLATE BLANCO X 15G|1.00|unidad| |1100.00|1100.00|1|unidad||||
3|1|1438|0000000021587|0|BON-O-BON BOMBON CHOCOLINA X 15G|1.00|unidad| |1100.00|1100.00|1|unidad||||
3|1|1438|7792360072409|1|BONAFIDE BOCADITO DDL X 16G|1.00|unidad| |1800.00|1800.00|1|unidad||||
3|1|1438|0000000021151|0|BROWNIE ARTESANAL|1.00|unidad| |5850.00|5850.00|1|unidad||||
3|1|1438|0000000023273|0|BUDIN BANANA Y DDL|1.00|unidad| |5300.00|5300.00|1|unidad||||
3|1|1438|0000000021701|0|BUDIN DE FRUTOS SECOS|1.00|unidad| |5300.00|5300.00|1|unidad||||
3|1|1438|0000000021700|0|BUDIN DE LIMON Y ARANDANOS|1.00|unidad| |5300.00|5300.00|1|unidad||||
3|1|1438|7790407022011|1|CABSHA BOCADITO X 10G|1.00|unidad| |1000.00|1000.00|1|unidad||||
3|1|1438|7798128000271|1|CACHAFAZ ALFAJOR MOUSSE X 50G|1.00|unidad| |3400.00|3400.00|1|unidad||||
3|1|1438|7622201818739|1|CADBURY CHOCOLATE C/LECHE TRES SUEÑOS X 82G|1.00|unidad| |8200.00|8200.00|1|unidad||||
3|1|1438|7622201818654|1|CADBURY CHOCOLATE RELLENO YOGHURT FRUTILLA X 29G|1.00|unidad| |3500.00|3500.00|1|unidad||||
3|1|1438|7622202271250|1|Caram. Halls 12u Strong Nvo|1.00|unidad| |1350.00|1350.00|1|unidad||||
3|1|1438|7622202247286|1|Caram. Halls Cherry Nvo 28 Grs|1.00|unidad| |1350.00|1350.00|1|unidad||||
3|1|1438|7790895649301|1|CEPITA 20% NARANJA 200ML|1.00|unidad| |2200.00|2200.00|1|unidad||||
3|1|1438|7790895009853|1|CEPITA JUGO MANZANA BOTELLA X 1L|1.00|unidad| |6100.00|6100.00|1|unidad||||
3|1|1438|7790895000720|1|CEPITA JUGO MANZANA TETRA X 200CC.|1.00|unidad| |2200.00|2200.00|1|unidad||||
3|1|1438|7790895647017|1|CEPITA JUGO MANZANA ZINC TETRA X 1 LT.|1.00|unidad| |4450.00|4450.00|1|unidad||||
3|1|1438|7790895000737|1|CEPITA JUGO MULTIFRUTA TETRA X 200CC|1.00|unidad| |2200.00|2200.00|1|unidad||||
3|1|1438|7790895647123|1|CEPITA JUGO MULTIFRUTA ZINC TETRA X 1 LT.|1.00|unidad| |4450.00|4450.00|1|unidad||||
3|1|1438|7790895648267|1|CEPITA NARANJA 20% 1L|1.00|unidad| |4450.00|4450.00|1|unidad||||
3|1|1438|7790895009815|1|CEPITA NARANJA 995CC|1.00|unidad| |6100.00|6100.00|1|unidad||||
3|1|1438|0000000022630|0|CEREAL MIX BARRA DE CEREAL C/FRUTILLA&YOGHURT X26G|1.00|unidad| |2000.00|2000.00|1|unidad||||
3|1|1438|0000000001341|0|CEREAL MIX BARRA DE CEREAL X 23G|1.00|unidad| |2000.00|2000.00|1|unidad||||
3|1|1438|0000000022631|0|CEREAL MIX BARRA DE CEREAL YOGH/FRUTIL.L.X26g|1.00|unidad| |2000.00|2000.00|1|unidad||||
3|1|1438|7790580123345|1|CH. TL7 MENTHOL 20X16X14G|1.00|unidad| |2300.00|2300.00|1|unidad||||
3|1|1438|0000000019822|0|CH. TL7 VIBR. STRAW. 20X16X14G|1.00|unidad| |2300.00|2300.00|1|unidad||||
3|1|1438|7790580104252|1|CH. TL7 VIOL. CHERRY 20X16X14G|1.00|unidad| |2300.00|2300.00|1|unidad||||
3|1|1438|7790580317607|1|CH. TL7 XPLOS. MINT 20X16X14G|1.00|unidad| |2300.00|2300.00|1|unidad||||
3|1|1438|8445290701961|1|Choc Bananita Dolca 30 grs|1.00|unidad| |2400.00|2400.00|1|unidad||||
3|1|1438|8445290701596|1|Choc. Bananita Dolca 14grs|1.00|unidad| |1400.00|1400.00|1|unidad||||
3|1|1438|7622202328947|1|Choc. Milka 55g Leche NVO|1.00|unidad| |6400.00|6400.00|1|unidad||||
3|1|1438|7790070418296|1|Chocoarroz Blanco est. 22g|1.00|unidad| |2000.00|2000.00|1|unidad||||
3|1|1438|7790070418203|1|Chocoarroz DL 22 gr|1.00|unidad| |2000.00|2000.00|1|unidad||||
3|1|1438|7790580103521|1|CHOCOLATE LECHE CON CONFITES COFLER X 55 G|1.00|unidad| |6200.00|6200.00|1|unidad||||
3|1|1438|7798304840851|1|CHOMPAlmedC/SsaDDL6x180g|1.00|unidad| |10700.00|10700.00|1|unidad||||
3|1|1438|7798130953640|1|CHUPETIN COCO POP X 17 G|1.00|unidad| |3600.00|3600.00|1|unidad||||
3|1|1438|7798130954777|1|CHUPETIN EMOTI POP 11GR|1.00|unidad| |3600.00|3600.00|1|unidad||||
3|1|1438|0000000023604|0|CIRCULAR MEMBRILLO X UN|1.00|unidad| |1700.00|1700.00|1|unidad||||
3|1|1438|7798085680516|1|CITRIC JUGO NARANJA MANGO TETRA X 500CC|1.00|unidad| |3850.00|3850.00|1|unidad||||
3|1|1438|7798085681834|1|CITRIC JUGO NARANJA TETRA X 1L|1.00|unidad| |5750.00|5750.00|1|unidad||||
3|1|1438|7798085681445|1|CITRIC JUGO NARANJA TETRA X 250CC|1.00|unidad| |2200.00|2200.00|1|unidad||||
3|1|1438|7798085681452|1|CITRIC JUGO NARANJA TETRA X 500CC|1.00|unidad| |3850.00|3850.00|1|unidad||||
3|1|1438|7798085680295|1|CITRIC JUGO NARANJA/ DURAZNO TETRA X 500CC|1.00|unidad| |3850.00|3850.00|1|unidad||||
3|1|1438|7790895000997|1|COCA-COLA X 2.25L|1.00|unidad| |8950.00|8950.00|1|unidad||||
3|1|1438|7790040659605|1|COFLER BLOCK ALFAJOR CHOCOLATE X 60 G|1.00|unidad| |3100.00|3100.00|1|unidad||||
3|1|1438|0000000018365|0|COFLER BLOCK CHOCOLATE C/LECHE Y MANI TAB.X 110GR|1.00|unidad| |8300.00|8300.00|1|unidad||||
3|1|1438|0000000015301|0|COFLER BLOCK CHOCOLATE C/LECHE Y MANI TAB.X 38GR|1.00|unidad| |3400.00|3400.00|1|unidad||||
3|1|1438|7790580105013|1|COFLER BLOCK CHOCOLATE X 170G|1.00|unidad| |14000.00|14000.00|1|unidad||||
3|1|1438|7790580115579|1|COFLER BLOCK CHOCOLATE X 1KG|1.00|unidad| |66200.00|66200.00|1|unidad||||
3|1|1438|7790580103385|1|COFLER CHOCOLATE AIREADO BCO/LECHE X 27 GR.|1.00|unidad| |3600.00|3600.00|1|unidad||||
3|1|1438|7790580103378|1|COFLER CHOCOLATE AIREADO BLANCO X 27 GR.|1.00|unidad| |3600.00|3600.00|1|unidad||||
3|1|1438|7790580115869|1|COFLER CHOCOLATE AIREADO BON O BON X 67G|1.00|unidad| |7000.00|7000.00|1|unidad||||
3|1|1438|7790580103361|1|COFLER CHOCOLATE AIREADO LECHE X 27 GR.|1.00|unidad| |3600.00|3600.00|1|unidad||||
3|1|1438|7790580043407|1|COFLER CHOCOLATE AIREADO LECHE X 55G|1.00|unidad| |7100.00|7100.00|1|unidad||||
3|1|1438|7790580003531|1|COFLER CHOCOLATE BCO&COOK X 55G|1.00|unidad| |6200.00|6200.00|1|unidad||||
3|1|1438|7790580043506|1|COFLER CHOCOLATE LECHE CON ALMENDRAS X 55G|1.00|unidad| |6200.00|6200.00|1|unidad||||
3|1|1438|0000000024109|0|CRIOLLITO X UN|1.00|unidad| |1700.00|1700.00|1|unidad||||
3|1|1438|0000000023957|0|CROISSANT J Y Q|1.00|unidad| |6400.00|6400.00|1|unidad||||
3|1|1438|7798024760798|1|CROQUE MONSIEUR J Y Q BLANCO X UN|1.00|unidad| |10100.00|10100.00|1|unidad||||
3|1|1438|7798024760804|1|CROQUE MONSIEUR J Y Q NEGRO X UN|1.00|unidad| |10100.00|10100.00|1|unidad||||
3|1|1438|0000000020568|0|CUADRADO DE PASTA FROLA|1.00|unidad| |5300.00|5300.00|1|unidad||||
3|1|1438|7795735000106|1|DON SATUR TALITAS X 140GR|1.00|unidad| |2800.00|2800.00|1|unidad||||
3|1|1438|7790206007509|1|DOS CORAZONES BOCADITO CHOC.C/LECHE RELL. X 26GR|1.00|unidad| |2200.00|2200.00|1|unidad||||
3|1|1438|7792799000035|1|ECO DE LOS ANDES AGUA CON GAS PET X 500CC.|1.00|unidad| |3300.00|3300.00|1|unidad||||
3|1|1438|7798128000486|1|EL CACHAFAZ ALFAJOR BLANCO FLOWPACK X 60 GR|1.00|unidad| |3300.00|3300.00|1|unidad||||
3|1|1438|7798128000462|1|EL CACHAFAZ ALFAJOR CHOCOLATE FLOWPACK X 60 GR|1.00|unidad| |3200.00|3200.00|1|unidad||||
3|1|1438|7798128001940|1|EL CACHAFAZ ALFAJOR DE MAICENA X 76G|1.00|unidad| |3300.00|3300.00|1|unidad||||
3|1|1438|7798128001797|1|EL CACHAFAZ CONITO DULCE DE LECHE X 38G|1.00|unidad| |2700.00|2700.00|1|unidad||||
3|1|1438|7798024760569|1|ENSALADA CESAR  PREMIUM X UN|1.00|unidad| |14300.00|14300.00|1|unidad||||
3|1|1438|7798024760392|1|ENSALADA CHEF PREMIUM X UN|1.00|unidad| |14300.00|14300.00|1|unidad||||
3|1|1438|7798024766417|1|ENSALADA MIX VEG.C/PECHUGUITAS AL SESAMO X UN|1.00|unidad| |14300.00|14300.00|1|unidad||||
3|1|1438|7613035242524|1|EPA DDL MAX 88GR|1.00|unidad| |6800.00|6800.00|1|unidad||||
3|1|1438|7613035242500|1|EPA ROCKER X 88G|1.00|unidad| |6800.00|6800.00|1|unidad||||
3|1|1438|7898024390121|1|FERRERO ROCHER BOMBON CHOC.RELL.PAQ.3 UNID X 37.5G|1.00|unidad| |5600.00|5600.00|1|unidad||||
3|1|1438|7798024760255|1|FIGAZZITAS DE SALAME Y QUESO X 2 UN|1.00|unidad| |9100.00|9100.00|1|unidad||||
3|1|1438|7798147780062|1|Franui sabor Black 150gr|1.00|unidad| |8500.00|8500.00|1|unidad||||
3|1|1438|7798147783223|1|Franui sabor Leche 150gr|1.00|unidad| |8500.00|8500.00|1|unidad||||
3|1|1438|7790070431936|1|Gallo YoguBar 20gr|1.00|unidad| |1800.00|1800.00|1|unidad||||
3|1|1438|0067061111111|1|GATORADE COOL BLUE PET X 500CC|1.00|unidad| |4300.00|4300.00|1|unidad||||
3|1|1438|0071971211111|1|GATORADE FRUTOS TROPICALES PET X 750CC|1.00|unidad| |5200.00|5200.00|1|unidad||||
3|1|1438|0066011111111|1|GATORADE MANZANA PET X 500CC|1.00|unidad| |4300.00|4300.00|1|unidad||||
3|1|1438|0042831111111|1|GATORADE MANZANA PET X 750CC|1.00|unidad| |5100.00|5100.00|1|unidad||||
3|1|1438|0006602111111|1|GATORADE NARANJA PET X 500CC|1.00|unidad| |4300.00|4300.00|1|unidad||||
3|1|1438|7798024766103|1|GRANDWICH PANINI GRIGLIATTI JAM/QUE/TOM/HUE X 210G|1.00|unidad| |7350.00|7350.00|1|unidad||||
3|1|1438|0000000023445|0|HALLS FREE MENTA X 28 G|1.00|unidad| |1500.00|1500.00|1|unidad||||
3|1|1438|7791249450277|1|HALLS MENTA LYPTUS CARAMELOS DUROS PAQ.X 28G|1.00|unidad| |1300.00|1300.00|1|unidad||||
3|1|1438|0000000023603|0|ICEDREAM CIRCULAR PASTELERA X UN|1.00|unidad| |1700.00|1700.00|1|unidad||||
3|1|1438|0028411111111|1|JORGITO ALFAJOR BLANCO X 50G|1.00|unidad| |1800.00|1800.00|1|unidad||||
3|1|1438|0011111112842|1|JORGITO ALFAJOR CHOCOLATE X 55G|1.00|unidad| |1800.00|1800.00|1|unidad||||
3|1|1438|7790957000545|1|JORGITO MINI ALFAJOR CHOCOLATE PAQ.X 6 UNID.|1.00|unidad| |4900.00|4900.00|1|unidad||||
3|1|1438|7790957000538|1|JORGITO MINI ALFAJOR GLACEADO PAQ.X 6 UNID.X 155GR|1.00|unidad| |4900.00|4900.00|1|unidad||||
3|1|1438|0000080052760|1|KINDER BUENO OBLEA CHOCOLATE CON LECHE X 43G|1.00|unidad| |4900.00|4900.00|1|unidad||||
3|1|1438|0000077949677|1|KINDER CHOCOLATE X 50G|1.00|unidad| |5700.00|5700.00|1|unidad||||
3|1|1438|7891000379073|1|KIT KAT DARK OBLEA BAÑADA CHOCOLATE X 41.5G|1.00|unidad| |3000.00|3000.00|1|unidad||||
3|1|1438|7891000379028|1|KIT KAT OBLEA BAÑADA CHOCOLATE BLANCO X 41.5G|1.00|unidad| |3000.00|3000.00|1|unidad||||
3|1|1438|7791337007260|1|Leche chocolatada Cindor 200ml|1.00|unidad| |3800.00|3800.00|1|unidad||||
3|1|1438|7791337007253|1|Leche chocolatada Cindor x 1L|1.00|unidad| |11500.00|11500.00|1|unidad||||
3|1|1438|7798368470391|1|LUCCIANO´S CHANTILLY X 100GR (02)|1.00|unidad| |7400.00|7400.00|1|unidad||||
3|1|1438|7798368470384|1|LUCCIANO´S CHOCOLATE C/CROCANTE X 100GR (01)|1.00|unidad| |7400.00|7400.00|1|unidad||||
3|1|1438|7798368470421|1|LUCCIANO´S CHOCOLATE X 90GR (05)|1.00|unidad| |7400.00|7400.00|1|unidad||||
3|1|1438|7798368470438|1|LUCCIANO´S DDL C/ CROCANTE X 90GR (06)|1.00|unidad| |7400.00|7400.00|1|unidad||||
3|1|1438|0000000024240|0|LUCCIANO´S DDL X 90GR (03)|1.00|unidad| |6000.00|6000.00|1|unidad||||
3|1|1438|7798368470476|1|LUCCIANO´S MINION ICE POP X 100GR (10)|1.00|unidad| |7900.00|7900.00|1|unidad||||
3|1|1438|7798368470469|1|LUCCIANO´S OLI KING X 90GR (09)|1.00|unidad| |7800.00|7800.00|1|unidad||||
3|1|1438|7798368470735|1|LUCCIANO´S PISTACCHIO X 95GR (08)|1.00|unidad| |7800.00|7800.00|1|unidad||||
3|1|1438|7798368470414|1|LUCCIANO´S SORBETE PATAGONIA X 90GR (04)|1.00|unidad| |7400.00|7400.00|1|unidad||||
3|1|1438|7613034797469|1|LUXOR BOMBON HELADO 53G|1.00|unidad| |3100.00|3100.00|1|unidad||||
3|1|1438|7797453001441|1|M&M Chocolate 48 Grs|1.00|unidad| |5000.00|5000.00|1|unidad||||
3|1|1438|7797453001458|1|M&M MANI PAQ. X 49 GR|1.00|unidad| |5000.00|5000.00|1|unidad||||
3|1|1438|7790387015324|1|MAÑANITA YERBA 4FLEX X 500 GR|1.00|unidad| |4600.00|4600.00|1|unidad||||
3|1|1438|7790206006106|1|MARROC BOCADITO X 14 GR.|1.00|unidad| |1250.00|1250.00|1|unidad||||
3|1|1438|7798024760125|1|MAX PREMIUM JyQ-TOM-HUE- PAN NGO X UN|1.00|unidad| |10600.00|10600.00|1|unidad||||
3|1|1438|7798024766172|1|MAX PREMIUM POLLO-RU-PAR-PAN NGO X UN|1.00|unidad| |10600.00|10600.00|1|unidad||||
3|1|1438|7798024760552|1|MAX TRIANGULO LIGHT POLLO-LEC-PAN NGO X UN|1.00|unidad| |10600.00|10600.00|1|unidad||||
3|1|1438|0000000023602|0|MEDIALUNA DE GRASA X UN|1.00|unidad| |1700.00|1700.00|1|unidad||||
3|1|1438|0000000023601|0|MEDIALUNA DE MANTECA X UN|1.00|unidad| |1700.00|1700.00|1|unidad||||
3|1|1438|7891000120057|1|MEGA AMERICANA CON ALMENDRAS X 74g|1.00|unidad| |7600.00|7600.00|1|unidad||||
3|1|1438|0000000020546|0|MENTHO-PLUS ACIDOS CEREZA X 27.2G|1.00|unidad| |1900.00|1900.00|1|unidad||||
3|1|1438|0000000020540|0|MENTHO-PLUS ACIDOS NARANJA X 27.2G|1.00|unidad| |1900.00|1900.00|1|unidad||||
3|1|1438|0000000021660|0|MENTHO-PLUS CARAMELOS INHALANTES DE CEREZA X 29.4G|1.00|unidad| |1000.00|1000.00|1|unidad||||
3|1|1438|0000000021663|0|MENTHO-PLUS CARAMELOS INHALANTES MIEL X 29.4G|1.00|unidad| |1000.00|1000.00|1|unidad||||
3|1|1438|0000000021661|0|MENTHO-PLUS CARAMELOS INHALANTES STRONG X 29.4G|1.00|unidad| |1000.00|1000.00|1|unidad||||
3|1|1438|0000000017476|0|MENTHO-PLUS CARAMELOS SIN AZUCAR CHERRY X 27.3G|1.00|unidad| |1900.00|1900.00|1|unidad||||
3|1|1438|0000000017474|0|MENTHO-PLUS CARAMELOS SIN AZUCAR MENTOL X 27.3G|1.00|unidad| |1900.00|1900.00|1|unidad||||
3|1|1438|0000000021664|0|MENTHOPLUS MENTA X 29.4G|1.00|unidad| |1000.00|1000.00|1|unidad||||
3|1|1438|0000000021662|0|MENTHOPLUS MENTOL X 29.4G|1.00|unidad| |1000.00|1000.00|1|unidad||||
3|1|1438|0000000021044|0|MENTHOPLUS ZERO CARAMELOS DURAZNO X 26.6G|1.00|unidad| |1900.00|1900.00|1|unidad||||
3|1|1438|0000000021047|0|MENTHOPLUS ZERO CARAMELOS STRONG X 26.6G|1.00|unidad| |1900.00|1900.00|1|unidad||||
3|1|1438|7895144699851|1|MENTOS CARAMELOS MASTICABLES SAB.FRUTA X 29.7GR|1.00|unidad| |1300.00|1300.00|1|unidad||||
3|1|1438|7895144699844|1|MENTOS CARAMELOS MASTICABLES SAB.MENTA X 29.7GR|1.00|unidad| |1300.00|1300.00|1|unidad||||
3|1|1438|0000000021770|0|MERMELADAS X UNIDAD|1.00|unidad| |60.00|60.00|1|unidad||||
3|1|1438|0000077903785|1|MILKA ALFAJOR MOUSSE TRIPLE X 55 GR.|1.00|unidad| |3000.00|3000.00|1|unidad||||
3|1|1438|7622300457303|1|MILKA ALFAJOR TRIPLE BLANCO X 55G|1.00|unidad| |3000.00|3000.00|1|unidad||||
3|1|1438|7622300844967|1|MILKA CHOCOLATE BLANCO CON DULCE DE LECHE X 67.5G|1.00|unidad| |7200.00|7200.00|1|unidad||||
3|1|1438|7622300844943|1|MILKA CHOCOLATE C DULCE DE LECHE X 67.5G|1.00|unidad| |7400.00|7400.00|1|unidad||||
3|1|1438|0000000021565|0|MILKA CHOCOLATE C/LECHE ALMENDRAS|1.00|unidad| |3510.00|3510.00|1|unidad||||
3|1|1438|7622300990114|1|MILKA CHOCOLATE CON LECHE X 150G|1.00|unidad| |14100.00|14100.00|1|unidad||||
3|1|1438|7622201818937|1|MILKA LEGER CHOCOLATE LECHE TABLETA X 50G|1.00|unidad| |6100.00|6100.00|1|unidad||||
3|1|1438|7790580116958|1|MOGUL CARAMELO DE GOMA DINOS X 30G|1.00|unidad| |850.00|850.00|1|unidad||||
3|1|1438|7790580129507|1|MOGUL CARAMELOS DE GOMA ACIDOS BOLSA X 60G|1.00|unidad| |1400.00|1400.00|1|unidad||||
3|1|1438|7790580169312|1|MOGUL CARAMELOS DE GOMA CEREBRITOS X 30G|1.00|unidad| |1200.00|1200.00|1|unidad||||
3|1|1438|7790580116460|1|MOGUL CARAMELOS DE GOMA EXTREME ACIDO ROLLO X 35G|1.00|unidad| |1200.00|1200.00|1|unidad||||
3|1|1438|7790580603809|1|MOGUL CARAMELOS DE GOMA FRUTALES ROLLO X 35G|1.00|unidad| |1200.00|1200.00|1|unidad||||
3|1|1438|7790580199913|1|MOGUL CARAMELOS DE GOMA OSITOS X 30 GR|1.00|unidad| |1200.00|1200.00|1|unidad||||
3|1|1438|7790580200114|1|MOGUL CARAMELOS DE GOMA TIBURON X 30G|1.00|unidad| |1200.00|1200.00|1|unidad||||
3|1|1438|7798422620014|1|MONSTER ENERGY GREEN X 473CC|1.00|unidad| |5500.00|5500.00|1|unidad||||
3|1|1438|7798422620045|1|MONSTER MANGO LOCO 473|1.00|unidad| |5500.00|5500.00|1|unidad||||
3|1|1438|7798422620021|1|MONSTER ULTRA x 473 CC|1.00|unidad| |5500.00|5500.00|1|unidad||||
3|1|1438|1111111111142|1|MUFFIN CHIPS CHOC X UN|1.00|unidad| |4300.00|4300.00|1|unidad||||
3|1|1438|1111111111145|1|MUFFIN VAINILLA C/DDL X UN|1.00|unidad| |4300.00|4300.00|1|unidad||||
3|1|1438|7798304841261|1|NESQUIK NUTRIACTIV B HEL.CHOCOLATE CON CALCIN-N|1.00|unidad| |1900.00|1900.00|1|unidad||||
3|1|1438|7622210723468|1|OREO GALLETITAS BAÑADAS CHOCOLATE x17gr|1.00|unidad| |210.00|210.00|1|unidad||||
3|1|1438|7899975800523|1|Oreo Palito AR 20 x 65g|1.00|unidad| |6800.00|6800.00|1|unidad||||
3|1|1438|7899975800509|1|OREO SANDWICH AR 81GR|1.00|unidad| |6800.00|6800.00|1|unidad||||
3|1|1438|7798304841124|1|OREO TACITA X 95G|1.00|unidad| |6800.00|6800.00|1|unidad||||
3|1|1438|0000000024088|0|PAN DE CHOCOLATE X UN|1.00|unidad| |4300.00|4300.00|1|unidad||||
3|1|1438|7798024766110|1|PANINI GRIGLIATTI DE PECETO X 210G|1.00|unidad| |7350.00|7350.00|1|unidad||||
3|1|1438|7791007000764|1|PAÑUELOS DESCARTABLES CAJA X 75 UNID|1.00|unidad| |3600.00|3600.00|1|unidad||||
3|1|1438|7791070003482|1|PAÑUELOS DESCARTABLES X UNID|1.00|unidad| |700.00|700.00|1|unidad||||
3|1|1438|7798024760781|1|PEBETE PECHUGA CRISPY X UN|1.00|unidad| |10200.00|10200.00|1|unidad||||
3|1|1438|7798024760361|1|PECHUGA GRILLE C/VEGETAL DEL HUERTO X UN|1.00|unidad| |12700.00|12700.00|1|unidad||||
3|1|1438|0000077915481|1|PEPITOS ALFAJOR TRIPLE DE CHOCOLATE X 57GR|1.00|unidad| |3000.00|3000.00|1|unidad||||
3|1|1438|7791813828365|1|PEPSI BLACK PET X 500CC|1.00|unidad| |3450.00|3450.00|1|unidad||||
3|1|1438|1111111111200|1|PICO DULCE CHUPETIN X 14 GR.|1.00|unidad| |500.00|500.00|1|unidad||||
3|1|1438|7790895641183|1|POWERADE FRUTAS TROPICALES PET X 500CC|1.00|unidad| |3500.00|3500.00|1|unidad||||
3|1|1438|7790895640018|1|POWERADE MANZANA PET X 500CC|1.00|unidad| |3500.00|3500.00|1|unidad||||
3|1|1438|7790895640025|1|POWERADE MOUNTAIN BLAST PET X 500CC|1.00|unidad| |3500.00|3500.00|1|unidad||||
3|1|1438|7791519200021|1|PRIME PRESERVATIVO ANATOMICO CAJA X 3 UNID.|1.00|unidad| |6300.00|6300.00|1|unidad||||
3|1|1438|7791519200076|1|PRIME PRESERVATIVO ESPERMICIDA CAJA X 3 UNID.|1.00|unidad| |6300.00|6300.00|1|unidad||||
3|1|1438|7791519000676|1|PRIME PRESERVATIVO EXTRA LUBRICADO CAJA X 3 UNID.|1.00|unidad| |6300.00|6300.00|1|unidad||||
3|1|1438|7791519200045|1|PRIME PRESERVATIVO SUPERFINO CAJA X 3 UNID.|1.00|unidad| |6300.00|6300.00|1|unidad||||
3|1|1438|7791519200090|1|PRIME PRESERVATIVO TACHAS CAJA X 3 UNID.|1.00|unidad| |6300.00|6300.00|1|unidad||||
3|1|1438|7791519200069|1|PRIME PRESERVATIVO TEXTURADO CAJA X 3 UNID.|1.00|unidad| |6300.00|6300.00|1|unidad||||
3|1|1438|7790742167101|1|Queso Finlandia Chef Cheddar 150gr PAQUETE INSUMO|1.00|unidad| |685.00|685.00|1|unidad||||
3|1|1438|0045011111111|1|RED BULL ENERGY DRINK LATA X 250 CC|1.00|unidad| |5500.00|5500.00|1|unidad||||
3|1|1438|0000090435225|1|RED BULL ENERGY DRINK LATA X 355 CC|1.00|unidad| |6900.00|6900.00|1|unidad||||
3|1|1438|9002490232054|1|RED BULL ENERGY DRINK SUGAR FREE LATA X 250CC|1.00|unidad| |5500.00|5500.00|1|unidad||||
3|1|1438|7790580327415|1|ROCKLETS CONFITES DE CHOCOLATE PAQ. X 40 GR|1.00|unidad| |3100.00|3100.00|1|unidad||||
3|1|1438|7790580327613|1|ROCKLETS NARANJA MANI C/CHOCOLATE CONFITADO X 40G|1.00|unidad| |3100.00|3100.00|1|unidad||||
3|1|1438|7798024760507|1|ROLL CHICKEN CAESAR X 210GR|1.00|unidad| |10600.00|10600.00|1|unidad||||
3|1|1438|0000000023605|0|SACRAMENTO MEMBRILLO X UN|1.00|unidad| |1700.00|1700.00|1|unidad||||
3|1|1438|7790580716806|1|SALADIX GALLETITAS SAB. CALABRESA CAJA X 100G|1.00|unidad| |3200.00|3200.00|1|unidad||||
3|1|1438|7790580716707|1|SALADIX GALLETITAS SAB. JAMON CAJA X 100G|1.00|unidad| |3200.00|3200.00|1|unidad||||
3|1|1438|7790580697303|1|SALADIX GALLETITAS SAB. PIZZA CAJA X 100G|1.00|unidad| |3200.00|3200.00|1|unidad||||
3|1|1438|7790040374607|1|SALADIX GALLETITAS SAB.DUO CAJA X 80G|1.00|unidad| |3200.00|3200.00|1|unidad||||
3|1|1438|7790040123434|1|SALADIX GALLETITAS SAB.KESITOS X80G|1.00|unidad| |2700.00|2700.00|1|unidad||||
3|1|1438|0000077956699|1|SHOT ALFAJOR TRISHOT TRIPLE X 60G|1.00|unidad| |3000.00|3000.00|1|unidad||||
3|1|1438|7622300424084|1|SHOT CHOCOLATE CON LECHE Y MANI TABLETA X 170 GR|1.00|unidad| |12500.00|12500.00|1|unidad||||
3|1|1438|0000077914217|1|SHOT CHOCOLATE LECHE CON MANI TABLETA X 35G|1.00|unidad| |3000.00|3000.00|1|unidad||||
3|1|1438|7798304841803|1|SIN PARAR CHOCOLATE DULCE DE LECHE X 90G|1.00|unidad| |3000.00|3000.00|1|unidad||||
3|1|1438|7798304841797|1|SIN PARAR DULCE DE LECHE Y AMERICANA X 90G|1.00|unidad| |3000.00|3000.00|1|unidad||||
3|1|1438|7798304841780|1|SIN PARAR FRUTILLA CREMA X 90G|1.00|unidad| |3000.00|3000.00|1|unidad||||
3|1|1438|0022000018465|1|SKITTLES CONFITES ORIGINAL FRUIT PAQ.X 61.5GR|1.00|unidad| |4700.00|4700.00|1|unidad||||
3|1|1438|0022000018489|1|SKITTLES CONFITES WILDBERRY PAQ.X 61.5GR|1.00|unidad| |4700.00|4700.00|1|unidad||||
3|1|1438|7790895646027|1|SMART WATER C/G 591 ML|1.00|unidad| |3500.00|3500.00|1|unidad||||
3|1|1438|7790895645778|1|SMART WATER S/G 591 ML|1.00|unidad| |3500.00|3500.00|1|unidad||||
3|1|1438|7506174512248|1|SNICKERS BARRA RELL.MANI CUB.C/CHOCOLATE X 48 GR|1.00|unidad| |4700.00|4700.00|1|unidad||||
3|1|1438|0522111111111|1|SPEED UNLIMITED LATA X 250CC|1.00|unidad| |4200.00|4200.00|1|unidad||||
3|1|1438|0040000000518|1|STARBURST CARAMELO MASTICABLE SURTIDO PAQ.X 58.7G|1.00|unidad| |5100.00|5100.00|1|unidad||||
3|1|1438|7790580060206|1|SUGUS CARAMELO MASTICABLE SUELTO X 3.3 GR|1.00|unidad| |50.00|50.00|1|unidad||||
3|1|1438|7790580056001|1|SUGUS CONFITADOS CONFITES DE CARAMELO SURT.X 50 G|1.00|unidad| |2000.00|2000.00|1|unidad||||
3|1|1438|7790387000849|1|TARAGUI MATE COCIDO X 25 UNID S ENS|1.00|unidad| |135.00|135.00|1|unidad||||
3|1|1438|0029601111111|1|TARAGUI MATE LISTO X 35 GR.|1.00|unidad| |4000.00|4000.00|1|unidad||||
3|1|1438|0029621111111|1|TARAGUI TERMO MATE-LISTO CAPACIDAD 500 CC.|1.00|unidad| |5900.00|5900.00|1|unidad||||
3|1|1438|7790387013627|1|TARAGUI YERBA 4FLEX X 500 GR.|1.00|unidad| |4600.00|4600.00|1|unidad||||
3|1|1438|0000077939234|1|TERRABUSI ALFAJOR CHOCOLATE X 50 GR|1.00|unidad| |2000.00|2000.00|1|unidad||||
3|1|1438|0000077903792|1|TERRABUSI ALFAJOR TRIPLE CHOCOLATE X 70G.|1.00|unidad| |3000.00|3000.00|1|unidad||||
3|1|1438|0000077903860|1|TERRABUSI ALFAJOR TRIPLE TIPO TORTA CHOCOLAT.X 70G|1.00|unidad| |3000.00|3000.00|1|unidad||||
3|1|1438|7622300335052|1|TERRABUSI SNACKY X 60GR|1.00|unidad| |4600.00|4600.00|1|unidad||||
3|1|1438|7861002910314|1|TIC TAC PASTILLAS SABOR MENTA CAJA X 16 GR.|1.00|unidad| |1600.00|1600.00|1|unidad||||
3|1|1438|7861002910321|1|TIC TAC PASTILLAS SABOR NARANJA CAJA X 16 GR.|1.00|unidad| |1600.00|1600.00|1|unidad||||
3|1|1438|7790580746612|1|TOFI CHOCOLATE C/LECHE RELLENO D.LECHE X 55G|1.00|unidad| |420.00|420.00|1|unidad||||
3|1|1438|7798024760354|1|TOP PBT DE JAMON COCIDO Y QUESO X UN|1.00|unidad| |9100.00|9100.00|1|unidad||||
3|1|1438|0000000019823|0|TOPLINE 7 CHICLE S/AZUCAR ATM STRONG X 14G|1.00|unidad| |2300.00|2300.00|1|unidad||||
3|1|1438|0000000018843|0|TOPLINE 7 CHICLE S/AZUCAR MANDARINA  CAJA X 14G|1.00|unidad| |2300.00|2300.00|1|unidad||||
3|1|1438|7790580120573|1|TOPLINE 7 ULTRA CLEAN X 24G|1.00|unidad| |3600.00|3600.00|1|unidad||||
3|1|1438|7790580120702|1|TOPLINE 7 ULTRA GREEN MINT X 24G|1.00|unidad| |3600.00|3600.00|1|unidad||||
3|1|1438|7790580121013|1|TOPLINE 7 ULTRA RED BERRY X 24G|1.00|unidad| |3600.00|3600.00|1|unidad||||
3|1|1438|7798304841421|1|TORPEDO FRUTILLA|1.00|unidad| |2100.00|2100.00|1|unidad||||
3|1|1438|7798304841414|1|TORPEDO LIMON|1.00|unidad| |2100.00|2100.00|1|unidad||||
3|1|1438|7798024760460|1|TRIPLE MIGA BLANCO J.COCIDO Y QUESO X 3 UN|1.00|unidad| |9600.00|9600.00|1|unidad||||
3|1|1438|7798024760477|1|TRIPLE MIGA NEGRO J.COCIDO Y QUESO X 3 UN|1.00|unidad| |9600.00|9600.00|1|unidad||||
3|1|1438|7622202839962|1|VARIEDAD GALLETITAS DULCES SURTIDAS X 390GR.|1.00|unidad|VARIEDAD|5800.00|5800.00|1|unidad||||
3|1|1438|0016871111111|1|VASO REUTILIZABLE|1.00|unidad| |4500.00|4500.00|1|unidad||||
3|1|1438|0000000004361|0|VAUQUITA TABLETA DE DULCE DE LECHE X 25 GR.|1.00|unidad| |190.00|190.00|1|unidad||||
3|1|1438|7790315100184|1|VDS LEVITE CERO AGUA S/G MANZANA PET X 500cc|1.00|unidad| |3450.00|3450.00|1|unidad||||
3|1|1438|0021352111111|1|VDS LEVITE CERO AGUA S/G NARANJA PET X 500cc|1.00|unidad| |3450.00|3450.00|1|unidad||||
3|1|1438|0021347111111|1|VILLA DEL SUR LEVITE S/G MANZANA PET X 500cc|1.00|unidad| |3450.00|3450.00|1|unidad||||
3|1|1438|7798062548655|1|VILLA DEL SUR LEVITE S/G NARANJA PET X 500cc|1.00|unidad| |3450.00|3450.00|1|unidad||||
3|1|1438|0021349111111|1|VILLA DEL SUR LEVITE S/G PERA PET X 500cc|1.00|unidad| |3450.00|3450.00|1|unidad||||
3|1|1438|7799155000982|1|VILLA DEL SUR LEVITE S/G POMELO PET X 500cc|1.00|unidad| |3450.00|3450.00|1|unidad||||
3|1|1438|7799155000210|1|VILLAVICENCIO AGUA FINAMENTE GASIFICADA PET X 1.5L|1.00|unidad| |5300.00|5300.00|1|unidad||||
3|1|1438|7799155000203|1|VILLAVICENCIO AGUA FINAMENTE GASIFICADA PET X 500C|1.00|unidad| |3650.00|3650.00|1|unidad||||
3|1|1438|0022000293220|1|Wrigleys Doubl 12.5g|1.00|unidad| |2600.00|2600.00|1|unidad||||
3|1|1438|0022000293305|1|Wrigleys Spear 12.5g|1.00|unidad| |2600.00|2600.00|1|unidad||||
3|1|1438|7791337010826|1|Yogurisimo Botellita Frutilla x 190g|1.00|unidad| |5500.00|5500.00|1|unidad||||
3|1|1438|7798187760246|1|ZAFRAN BARRA DE CEREAL ALM/COCO X 28G|1.00|unidad| |1900.00|1900.00|1|unidad||||
3|1|1438|7798187760277|1|ZAFRAN BARRA DE CEREAL CAJU/ZAPALLO 28G|1.00|unidad| |1900.00|1900.00|1|unidad||||
3|1|1438|7798187760253|1|ZAFRAN BARRA DE CEREAL MANI/CACAO 28G|1.00|unidad| |1900.00|1900.00|1|unidad||||
3|1|1438|7798187760260|1|ZAFRAN BARRA DE CEREAL MZNA/CHIA 28G|1.00|unidad| |1900.00|1900.00|1|unidad||||
3|1|1439|7791813434412|1|7UP FREE PET X 1.5L|1.00|unidad| |5200.00|5200.00|1|unidad||||
3|1|1439|0000000023897|0|AFEITADORA BIC COMFORT  3|1.00|unidad| |820.00|820.00|1|unidad||||
3|1|1439|7790580109882|1|AGUILA EXTRAFINO 60% CACAO X 150 GR|1.00|unidad| |16100.00|16100.00|1|unidad||||
3|1|1439|7790040133594|1|AGUILA MINITORTA BROWNIE X 72G|1.00|unidad| |3100.00|3100.00|1|unidad||||
3|1|1439|7790040298705|1|AGUILA MINITORTA DDLECHE/MOUSSE SAB.VAINILLA X 72G|1.00|unidad| |3100.00|3100.00|1|unidad||||
3|1|1439|0000000023956|0|ALFAJOR CHOCOLATE|1.00|unidad| |2350.00|2350.00|1|unidad||||
3|1|1439|0000000023280|0|ALFAJORES DE MAICENA|1.00|unidad| |2350.00|2350.00|1|unidad||||
3|1|1439|7790580607418|1|ARCOR CHOCOLATE BLANCO TABLETA X 25 GR|1.00|unidad| |2500.00|2500.00|1|unidad||||
3|1|1439|7790580607210|1|ARCOR CHOCOLATE CON LECHE TABLETA X 25GR|1.00|unidad| |2500.00|2500.00|1|unidad||||
3|1|1439|0000000001339|0|ARCOR OBLEA RELLENA C/PASTA DE TURRON Y MANI X 25G|1.00|unidad| |700.00|700.00|1|unidad||||
3|1|1439|7793360294600|1|BC JUGO MANZANA TETRA X 200CC|1.00|unidad| |1300.00|1300.00|1|unidad||||
3|1|1439|7793360246609|1|BC JUGO NARANJA TETRA X 200CC.|1.00|unidad| |1300.00|1300.00|1|unidad||||
3|1|1439|7790580154264|1|BEB MULTIFRUTA BC 24X200ML|1.00|unidad| |1300.00|1300.00|1|unidad||||
3|1|1439|7792730020559|1|BIZNIKKE NEVADO CHOCOLATE TABLETA X 120 GR.|1.00|unidad| |9200.00|9200.00|1|unidad||||
3|1|1439|7790580722708|1|BOMBON TOFI LECHE X 15G|1.00|unidad| |2100.00|2100.00|1|unidad||||
3|1|1439|7790040613607|1|Bon O Bon Alfajor Chocolate Blanco x40 gr|1.00|unidad| |2100.00|2100.00|1|unidad||||
3|1|1439|7790040613706|1|BON O BON ALFAJOR CHOCOLATE NEGRO/LECHE X 40G|1.00|unidad| |2100.00|2100.00|1|unidad||||
3|1|1439|0000000021586|0|BON-O-BON BOMBON AGUILA X 15G|1.00|unidad| |1100.00|1100.00|1|unidad||||
3|1|1439|7790580119058|1|BON-O-BON BOMBON CHOCOLATE BLANCO X 15G|1.00|unidad| |1100.00|1100.00|1|unidad||||
3|1|1439|0000000021587|0|BON-O-BON BOMBON CHOCOLINA X 15G|1.00|unidad| |1100.00|1100.00|1|unidad||||
3|1|1439|7792360072409|1|BONAFIDE BOCADITO DDL X 16G|1.00|unidad| |1800.00|1800.00|1|unidad||||
3|1|1439|0000000021151|0|BROWNIE ARTESANAL|1.00|unidad| |5850.00|5850.00|1|unidad||||
3|1|1439|0000000023273|0|BUDIN BANANA Y DDL|1.00|unidad| |5300.00|5300.00|1|unidad||||
3|1|1439|0000000021701|0|BUDIN DE FRUTOS SECOS|1.00|unidad| |5300.00|5300.00|1|unidad||||
3|1|1439|0000000021700|0|BUDIN DE LIMON Y ARANDANOS|1.00|unidad| |5300.00|5300.00|1|unidad||||
3|1|1439|7790407022011|1|CABSHA BOCADITO X 10G|1.00|unidad| |1000.00|1000.00|1|unidad||||
3|1|1439|7798128000271|1|CACHAFAZ ALFAJOR MOUSSE X 50G|1.00|unidad| |3400.00|3400.00|1|unidad||||
3|1|1439|7622201818739|1|CADBURY CHOCOLATE C/LECHE TRES SUEÑOS X 82G|1.00|unidad| |8200.00|8200.00|1|unidad||||
3|1|1439|7622201818654|1|CADBURY CHOCOLATE RELLENO YOGHURT FRUTILLA X 29G|1.00|unidad| |3500.00|3500.00|1|unidad||||
3|1|1439|7622202271250|1|Caram. Halls 12u Strong Nvo|1.00|unidad| |1350.00|1350.00|1|unidad||||
3|1|1439|7622202247286|1|Caram. Halls Cherry Nvo 28 Grs|1.00|unidad| |1350.00|1350.00|1|unidad||||
3|1|1439|7790895649301|1|CEPITA 20% NARANJA 200ML|1.00|unidad| |2200.00|2200.00|1|unidad||||
3|1|1439|7790895009853|1|CEPITA JUGO MANZANA BOTELLA X 1L|1.00|unidad| |6100.00|6100.00|1|unidad||||
3|1|1439|7790895000720|1|CEPITA JUGO MANZANA TETRA X 200CC.|1.00|unidad| |2200.00|2200.00|1|unidad||||
3|1|1439|7790895647017|1|CEPITA JUGO MANZANA ZINC TETRA X 1 LT.|1.00|unidad| |4450.00|4450.00|1|unidad||||
3|1|1439|7790895000737|1|CEPITA JUGO MULTIFRUTA TETRA X 200CC|1.00|unidad| |2200.00|2200.00|1|unidad||||
3|1|1439|7790895647123|1|CEPITA JUGO MULTIFRUTA ZINC TETRA X 1 LT.|1.00|unidad| |4450.00|4450.00|1|unidad||||
3|1|1439|7790895648267|1|CEPITA NARANJA 20% 1L|1.00|unidad| |4450.00|4450.00|1|unidad||||
3|1|1439|7790895009815|1|CEPITA NARANJA 995CC|1.00|unidad| |6100.00|6100.00|1|unidad||||
3|1|1439|0000000022630|0|CEREAL MIX BARRA DE CEREAL C/FRUTILLA&YOGHURT X26G|1.00|unidad| |2000.00|2000.00|1|unidad||||
3|1|1439|0000000001341|0|CEREAL MIX BARRA DE CEREAL X 23G|1.00|unidad| |2000.00|2000.00|1|unidad||||
3|1|1439|0000000022631|0|CEREAL MIX BARRA DE CEREAL YOGH/FRUTIL.L.X26g|1.00|unidad| |2000.00|2000.00|1|unidad||||
3|1|1439|7790580123345|1|CH. TL7 MENTHOL 20X16X14G|1.00|unidad| |2300.00|2300.00|1|unidad||||
3|1|1439|0000000019822|0|CH. TL7 VIBR. STRAW. 20X16X14G|1.00|unidad| |2300.00|2300.00|1|unidad||||
3|1|1439|7790580104252|1|CH. TL7 VIOL. CHERRY 20X16X14G|1.00|unidad| |2300.00|2300.00|1|unidad||||
3|1|1439|7790580317607|1|CH. TL7 XPLOS. MINT 20X16X14G|1.00|unidad| |2300.00|2300.00|1|unidad||||
3|1|1439|8445290701961|1|Choc Bananita Dolca 30 grs|1.00|unidad| |2400.00|2400.00|1|unidad||||
3|1|1439|8445290701596|1|Choc. Bananita Dolca 14grs|1.00|unidad| |1400.00|1400.00|1|unidad||||
3|1|1439|7622202328947|1|Choc. Milka 55g Leche NVO|1.00|unidad| |6400.00|6400.00|1|unidad||||
3|1|1439|7790070418296|1|Chocoarroz Blanco est. 22g|1.00|unidad| |2000.00|2000.00|1|unidad||||
3|1|1439|7790070418203|1|Chocoarroz DL 22 gr|1.00|unidad| |2000.00|2000.00|1|unidad||||
3|1|1439|7790580103521|1|CHOCOLATE LECHE CON CONFITES COFLER X 55 G|1.00|unidad| |6200.00|6200.00|1|unidad||||
3|1|1439|7798304840851|1|CHOMPAlmedC/SsaDDL6x180g|1.00|unidad| |10700.00|10700.00|1|unidad||||
3|1|1439|7798130953640|1|CHUPETIN COCO POP X 17 G|1.00|unidad| |3600.00|3600.00|1|unidad||||
3|1|1439|7798130954777|1|CHUPETIN EMOTI POP 11GR|1.00|unidad| |3600.00|3600.00|1|unidad||||
3|1|1439|0000000023604|0|CIRCULAR MEMBRILLO X UN|1.00|unidad| |1700.00|1700.00|1|unidad||||
3|1|1439|7798085680516|1|CITRIC JUGO NARANJA MANGO TETRA X 500CC|1.00|unidad| |3850.00|3850.00|1|unidad||||
3|1|1439|7798085681834|1|CITRIC JUGO NARANJA TETRA X 1L|1.00|unidad| |5750.00|5750.00|1|unidad||||
3|1|1439|7798085681445|1|CITRIC JUGO NARANJA TETRA X 250CC|1.00|unidad| |2200.00|2200.00|1|unidad||||
3|1|1439|7798085681452|1|CITRIC JUGO NARANJA TETRA X 500CC|1.00|unidad| |3850.00|3850.00|1|unidad||||
3|1|1439|7798085680295|1|CITRIC JUGO NARANJA/ DURAZNO TETRA X 500CC|1.00|unidad| |3850.00|3850.00|1|unidad||||
3|1|1439|7790895000997|1|COCA-COLA X 2.25L|1.00|unidad| |8950.00|8950.00|1|unidad||||
3|1|1439|7790040659605|1|COFLER BLOCK ALFAJOR CHOCOLATE X 60 G|1.00|unidad| |3100.00|3100.00|1|unidad||||
3|1|1439|0000000018365|0|COFLER BLOCK CHOCOLATE C/LECHE Y MANI TAB.X 110GR|1.00|unidad| |8300.00|8300.00|1|unidad||||
3|1|1439|0000000015301|0|COFLER BLOCK CHOCOLATE C/LECHE Y MANI TAB.X 38GR|1.00|unidad| |3400.00|3400.00|1|unidad||||
3|1|1439|7790580105013|1|COFLER BLOCK CHOCOLATE X 170G|1.00|unidad| |14000.00|14000.00|1|unidad||||
3|1|1439|7790580115579|1|COFLER BLOCK CHOCOLATE X 1KG|1.00|unidad| |66200.00|66200.00|1|unidad||||
3|1|1439|7790580103385|1|COFLER CHOCOLATE AIREADO BCO/LECHE X 27 GR.|1.00|unidad| |3600.00|3600.00|1|unidad||||
3|1|1439|7790580103378|1|COFLER CHOCOLATE AIREADO BLANCO X 27 GR.|1.00|unidad| |3600.00|3600.00|1|unidad||||
3|1|1439|7790580115869|1|COFLER CHOCOLATE AIREADO BON O BON X 67G|1.00|unidad| |7000.00|7000.00|1|unidad||||
3|1|1439|7790580103361|1|COFLER CHOCOLATE AIREADO LECHE X 27 GR.|1.00|unidad| |3600.00|3600.00|1|unidad||||
3|1|1439|7790580043407|1|COFLER CHOCOLATE AIREADO LECHE X 55G|1.00|unidad| |7100.00|7100.00|1|unidad||||
3|1|1439|7790580003531|1|COFLER CHOCOLATE BCO&COOK X 55G|1.00|unidad| |6200.00|6200.00|1|unidad||||
3|1|1439|7790580043506|1|COFLER CHOCOLATE LECHE CON ALMENDRAS X 55G|1.00|unidad| |6200.00|6200.00|1|unidad||||
3|1|1439|0000000024109|0|CRIOLLITO X UN|1.00|unidad| |1700.00|1700.00|1|unidad||||
3|1|1439|0000000023957|0|CROISSANT J Y Q|1.00|unidad| |6400.00|6400.00|1|unidad||||
3|1|1439|7798024760798|1|CROQUE MONSIEUR J Y Q BLANCO X UN|1.00|unidad| |10100.00|10100.00|1|unidad||||
3|1|1439|7798024760804|1|CROQUE MONSIEUR J Y Q NEGRO X UN|1.00|unidad| |10100.00|10100.00|1|unidad||||
3|1|1439|0000000020568|0|CUADRADO DE PASTA FROLA|1.00|unidad| |5300.00|5300.00|1|unidad||||
3|1|1439|0000000023543|0|DELIVERY MEDIALUNAS X 6 UNIDADES|1.00|unidad| |205.00|205.00|1|unidad||||
3|1|1439|7795735000106|1|DON SATUR TALITAS X 140GR|1.00|unidad| |2800.00|2800.00|1|unidad||||
3|1|1439|7790206007509|1|DOS CORAZONES BOCADITO CHOC.C/LECHE RELL. X 26GR|1.00|unidad| |2200.00|2200.00|1|unidad||||
3|1|1439|7792799000035|1|ECO DE LOS ANDES AGUA CON GAS PET X 500CC.|1.00|unidad| |3300.00|3300.00|1|unidad||||
3|1|1439|7798128000486|1|EL CACHAFAZ ALFAJOR BLANCO FLOWPACK X 60 GR|1.00|unidad| |3300.00|3300.00|1|unidad||||
3|1|1439|7798128000462|1|EL CACHAFAZ ALFAJOR CHOCOLATE FLOWPACK X 60 GR|1.00|unidad| |3200.00|3200.00|1|unidad||||
3|1|1439|7798128001940|1|EL CACHAFAZ ALFAJOR DE MAICENA X 76G|1.00|unidad| |3300.00|3300.00|1|unidad||||
3|1|1439|7798128001797|1|EL CACHAFAZ CONITO DULCE DE LECHE X 38G|1.00|unidad| |2700.00|2700.00|1|unidad||||
3|1|1439|7798024760569|1|ENSALADA CESAR  PREMIUM X UN|1.00|unidad| |14300.00|14300.00|1|unidad||||
3|1|1439|7798024760392|1|ENSALADA CHEF PREMIUM X UN|1.00|unidad| |14300.00|14300.00|1|unidad||||
3|1|1439|7798024766417|1|ENSALADA MIX VEG.C/PECHUGUITAS AL SESAMO X UN|1.00|unidad| |14300.00|14300.00|1|unidad||||
3|1|1439|7613035242524|1|EPA DDL MAX 88GR|1.00|unidad| |6800.00|6800.00|1|unidad||||
3|1|1439|7613035242500|1|EPA ROCKER X 88G|1.00|unidad| |6800.00|6800.00|1|unidad||||
3|1|1439|7898024390121|1|FERRERO ROCHER BOMBON CHOC.RELL.PAQ.3 UNID X 37.5G|1.00|unidad| |5600.00|5600.00|1|unidad||||
3|1|1439|7798024760255|1|FIGAZZITAS DE SALAME Y QUESO X 2 UN|1.00|unidad| |9100.00|9100.00|1|unidad||||
3|1|1439|7798147780062|1|Franui sabor Black 150gr|1.00|unidad| |8500.00|8500.00|1|unidad||||
3|1|1439|7798147783223|1|Franui sabor Leche 150gr|1.00|unidad| |8500.00|8500.00|1|unidad||||
3|1|1439|7790070431936|1|Gallo YoguBar 20gr|1.00|unidad| |1800.00|1800.00|1|unidad||||
3|1|1439|0067061111111|1|GATORADE COOL BLUE PET X 500CC|1.00|unidad| |4300.00|4300.00|1|unidad||||
3|1|1439|0071971211111|1|GATORADE FRUTOS TROPICALES PET X 750CC|1.00|unidad| |5200.00|5200.00|1|unidad||||
3|1|1439|0066011111111|1|GATORADE MANZANA PET X 500CC|1.00|unidad| |4300.00|4300.00|1|unidad||||
3|1|1439|0042831111111|1|GATORADE MANZANA PET X 750CC|1.00|unidad| |5100.00|5100.00|1|unidad||||
3|1|1439|0006602111111|1|GATORADE NARANJA PET X 500CC|1.00|unidad| |4300.00|4300.00|1|unidad||||
3|1|1439|7798024766103|1|GRANDWICH PANINI GRIGLIATTI JAM/QUE/TOM/HUE X 210G|1.00|unidad| |7350.00|7350.00|1|unidad||||
3|1|1439|0000000023445|0|HALLS FREE MENTA X 28 G|1.00|unidad| |1500.00|1500.00|1|unidad||||
3|1|1439|7791249450277|1|HALLS MENTA LYPTUS CARAMELOS DUROS PAQ.X 28G|1.00|unidad| |1300.00|1300.00|1|unidad||||
3|1|1439|0000000023603|0|ICEDREAM CIRCULAR PASTELERA X UN|1.00|unidad| |1700.00|1700.00|1|unidad||||
3|1|1439|0028411111111|1|JORGITO ALFAJOR BLANCO X 50G|1.00|unidad| |1800.00|1800.00|1|unidad||||
3|1|1439|0011111112842|1|JORGITO ALFAJOR CHOCOLATE X 55G|1.00|unidad| |1800.00|1800.00|1|unidad||||
3|1|1439|7790957000545|1|JORGITO MINI ALFAJOR CHOCOLATE PAQ.X 6 UNID.|1.00|unidad| |4900.00|4900.00|1|unidad||||
3|1|1439|7790957000538|1|JORGITO MINI ALFAJOR GLACEADO PAQ.X 6 UNID.X 155GR|1.00|unidad| |4900.00|4900.00|1|unidad||||
3|1|1439|0000080052760|1|KINDER BUENO OBLEA CHOCOLATE CON LECHE X 43G|1.00|unidad| |4900.00|4900.00|1|unidad||||
3|1|1439|0000077949677|1|KINDER CHOCOLATE X 50G|1.00|unidad| |5700.00|5700.00|1|unidad||||
3|1|1439|7891000379073|1|KIT KAT DARK OBLEA BAÑADA CHOCOLATE X 41.5G|1.00|unidad| |3000.00|3000.00|1|unidad||||
3|1|1439|7891000379028|1|KIT KAT OBLEA BAÑADA CHOCOLATE BLANCO X 41.5G|1.00|unidad| |3000.00|3000.00|1|unidad||||
3|1|1439|7791337007260|1|Leche chocolatada Cindor 200ml|1.00|unidad| |3800.00|3800.00|1|unidad||||
3|1|1439|7791337007253|1|Leche chocolatada Cindor x 1L|1.00|unidad| |11500.00|11500.00|1|unidad||||
3|1|1439|7798368470391|1|LUCCIANO´S CHANTILLY X 100GR (02)|1.00|unidad| |7400.00|7400.00|1|unidad||||
3|1|1439|7798368470384|1|LUCCIANO´S CHOCOLATE C/CROCANTE X 100GR (01)|1.00|unidad| |7400.00|7400.00|1|unidad||||
3|1|1439|7798368470421|1|LUCCIANO´S CHOCOLATE X 90GR (05)|1.00|unidad| |7400.00|7400.00|1|unidad||||
3|1|1439|7798368470438|1|LUCCIANO´S DDL C/ CROCANTE X 90GR (06)|1.00|unidad| |7400.00|7400.00|1|unidad||||
3|1|1439|0000000024240|0|LUCCIANO´S DDL X 90GR (03)|1.00|unidad| |6000.00|6000.00|1|unidad||||
3|1|1439|7798368470476|1|LUCCIANO´S MINION ICE POP X 100GR (10)|1.00|unidad| |7900.00|7900.00|1|unidad||||
3|1|1439|7798368470469|1|LUCCIANO´S OLI KING X 90GR (09)|1.00|unidad| |7800.00|7800.00|1|unidad||||
3|1|1439|7798368470735|1|LUCCIANO´S PISTACCHIO X 95GR (08)|1.00|unidad| |7800.00|7800.00|1|unidad||||
3|1|1439|7798368470414|1|LUCCIANO´S SORBETE PATAGONIA X 90GR (04)|1.00|unidad| |7400.00|7400.00|1|unidad||||
3|1|1439|7613034797469|1|LUXOR BOMBON HELADO 53G|1.00|unidad| |3100.00|3100.00|1|unidad||||
3|1|1439|7797453001441|1|M&M Chocolate 48 Grs|1.00|unidad| |5000.00|5000.00|1|unidad||||
3|1|1439|7797453001458|1|M&M MANI PAQ. X 49 GR|1.00|unidad| |5000.00|5000.00|1|unidad||||
3|1|1439|7790387015324|1|MAÑANITA YERBA 4FLEX X 500 GR|1.00|unidad| |4600.00|4600.00|1|unidad||||
3|1|1439|7790206006106|1|MARROC BOCADITO X 14 GR.|1.00|unidad| |1250.00|1250.00|1|unidad||||
3|1|1439|7798024760125|1|MAX PREMIUM JyQ-TOM-HUE- PAN NGO X UN|1.00|unidad| |10600.00|10600.00|1|unidad||||
3|1|1439|7798024766172|1|MAX PREMIUM POLLO-RU-PAR-PAN NGO X UN|1.00|unidad| |10600.00|10600.00|1|unidad||||
3|1|1439|7798024760552|1|MAX TRIANGULO LIGHT POLLO-LEC-PAN NGO X UN|1.00|unidad| |10600.00|10600.00|1|unidad||||
3|1|1439|0000000023602|0|MEDIALUNA DE GRASA X UN|1.00|unidad| |1700.00|1700.00|1|unidad||||
3|1|1439|0000000023601|0|MEDIALUNA DE MANTECA X UN|1.00|unidad| |1700.00|1700.00|1|unidad||||
3|1|1439|7891000120057|1|MEGA AMERICANA CON ALMENDRAS X 74g|1.00|unidad| |7600.00|7600.00|1|unidad||||
3|1|1439|0000000020546|0|MENTHO-PLUS ACIDOS CEREZA X 27.2G|1.00|unidad| |1900.00|1900.00|1|unidad||||
3|1|1439|0000000020540|0|MENTHO-PLUS ACIDOS NARANJA X 27.2G|1.00|unidad| |1900.00|1900.00|1|unidad||||
3|1|1439|0000000021660|0|MENTHO-PLUS CARAMELOS INHALANTES DE CEREZA X 29.4G|1.00|unidad| |1000.00|1000.00|1|unidad||||
3|1|1439|0000000021663|0|MENTHO-PLUS CARAMELOS INHALANTES MIEL X 29.4G|1.00|unidad| |1000.00|1000.00|1|unidad||||
3|1|1439|0000000021661|0|MENTHO-PLUS CARAMELOS INHALANTES STRONG X 29.4G|1.00|unidad| |1000.00|1000.00|1|unidad||||
3|1|1439|0000000017476|0|MENTHO-PLUS CARAMELOS SIN AZUCAR CHERRY X 27.3G|1.00|unidad| |1900.00|1900.00|1|unidad||||
3|1|1439|0000000017474|0|MENTHO-PLUS CARAMELOS SIN AZUCAR MENTOL X 27.3G|1.00|unidad| |1900.00|1900.00|1|unidad||||
3|1|1439|0000000021664|0|MENTHOPLUS MENTA X 29.4G|1.00|unidad| |1000.00|1000.00|1|unidad||||
3|1|1439|0000000021662|0|MENTHOPLUS MENTOL X 29.4G|1.00|unidad| |1000.00|1000.00|1|unidad||||
3|1|1439|0000000021044|0|MENTHOPLUS ZERO CARAMELOS DURAZNO X 26.6G|1.00|unidad| |1900.00|1900.00|1|unidad||||
3|1|1439|0000000021047|0|MENTHOPLUS ZERO CARAMELOS STRONG X 26.6G|1.00|unidad| |1900.00|1900.00|1|unidad||||
3|1|1439|7895144699851|1|MENTOS CARAMELOS MASTICABLES SAB.FRUTA X 29.7GR|1.00|unidad| |1300.00|1300.00|1|unidad||||
3|1|1439|7895144699844|1|MENTOS CARAMELOS MASTICABLES SAB.MENTA X 29.7GR|1.00|unidad| |1300.00|1300.00|1|unidad||||
3|1|1439|0000000021770|0|MERMELADAS X UNIDAD|1.00|unidad| |60.00|60.00|1|unidad||||
3|1|1439|0000077903785|1|MILKA ALFAJOR MOUSSE TRIPLE X 55 GR.|1.00|unidad| |3000.00|3000.00|1|unidad||||
3|1|1439|7622300457303|1|MILKA ALFAJOR TRIPLE BLANCO X 55G|1.00|unidad| |3000.00|3000.00|1|unidad||||
3|1|1439|7622300844967|1|MILKA CHOCOLATE BLANCO CON DULCE DE LECHE X 67.5G|1.00|unidad| |7200.00|7200.00|1|unidad||||
3|1|1439|7622300844943|1|MILKA CHOCOLATE C DULCE DE LECHE X 67.5G|1.00|unidad| |7400.00|7400.00|1|unidad||||
3|1|1439|0000000021565|0|MILKA CHOCOLATE C/LECHE ALMENDRAS|1.00|unidad| |3510.00|3510.00|1|unidad||||
3|1|1439|7622300990114|1|MILKA CHOCOLATE CON LECHE X 150G|1.00|unidad| |14100.00|14100.00|1|unidad||||
3|1|1439|7622201818937|1|MILKA LEGER CHOCOLATE LECHE TABLETA X 50G|1.00|unidad| |6100.00|6100.00|1|unidad||||
3|1|1439|7790580116958|1|MOGUL CARAMELO DE GOMA DINOS X 30G|1.00|unidad| |850.00|850.00|1|unidad||||
3|1|1439|7790580129507|1|MOGUL CARAMELOS DE GOMA ACIDOS BOLSA X 60G|1.00|unidad| |1400.00|1400.00|1|unidad||||
3|1|1439|7790580169312|1|MOGUL CARAMELOS DE GOMA CEREBRITOS X 30G|1.00|unidad| |1200.00|1200.00|1|unidad||||
3|1|1439|7790580116460|1|MOGUL CARAMELOS DE GOMA EXTREME ACIDO ROLLO X 35G|1.00|unidad| |1200.00|1200.00|1|unidad||||
3|1|1439|7790580603809|1|MOGUL CARAMELOS DE GOMA FRUTALES ROLLO X 35G|1.00|unidad| |1200.00|1200.00|1|unidad||||
3|1|1439|7790580199913|1|MOGUL CARAMELOS DE GOMA OSITOS X 30 GR|1.00|unidad| |1200.00|1200.00|1|unidad||||
3|1|1439|7790580200114|1|MOGUL CARAMELOS DE GOMA TIBURON X 30G|1.00|unidad| |1200.00|1200.00|1|unidad||||
3|1|1439|7798422620014|1|MONSTER ENERGY GREEN X 473CC|1.00|unidad| |5500.00|5500.00|1|unidad||||
3|1|1439|7798422620045|1|MONSTER MANGO LOCO 473|1.00|unidad| |5500.00|5500.00|1|unidad||||
3|1|1439|7798422620021|1|MONSTER ULTRA x 473 CC|1.00|unidad| |5500.00|5500.00|1|unidad||||
3|1|1439|1111111111142|1|MUFFIN CHIPS CHOC X UN|1.00|unidad| |4300.00|4300.00|1|unidad||||
3|1|1439|1111111111145|1|MUFFIN VAINILLA C/DDL X UN|1.00|unidad| |4300.00|4300.00|1|unidad||||
3|1|1439|7798304841261|1|NESQUIK NUTRIACTIV B HEL.CHOCOLATE CON CALCIN-N|1.00|unidad| |1900.00|1900.00|1|unidad||||
3|1|1439|7622210723468|1|OREO GALLETITAS BAÑADAS CHOCOLATE x17gr|1.00|unidad| |210.00|210.00|1|unidad||||
3|1|1439|7899975800523|1|Oreo Palito AR 20 x 65g|1.00|unidad| |6800.00|6800.00|1|unidad||||
3|1|1439|7899975800509|1|OREO SANDWICH AR 81GR|1.00|unidad| |6800.00|6800.00|1|unidad||||
3|1|1439|7798304841124|1|OREO TACITA X 95G|1.00|unidad| |6800.00|6800.00|1|unidad||||
3|1|1439|0000000024088|0|PAN DE CHOCOLATE X UN|1.00|unidad| |4300.00|4300.00|1|unidad||||
3|1|1439|7798024766110|1|PANINI GRIGLIATTI DE PECETO X 210G|1.00|unidad| |7350.00|7350.00|1|unidad||||
3|1|1439|7791007000764|1|PAÑUELOS DESCARTABLES CAJA X 75 UNID|1.00|unidad| |3600.00|3600.00|1|unidad||||
3|1|1439|7791070003482|1|PAÑUELOS DESCARTABLES X UNID|1.00|unidad| |700.00|700.00|1|unidad||||
3|1|1439|7798024760781|1|PEBETE PECHUGA CRISPY X UN|1.00|unidad| |10200.00|10200.00|1|unidad||||
3|1|1439|7798024760361|1|PECHUGA GRILLE C/VEGETAL DEL HUERTO X UN|1.00|unidad| |12700.00|12700.00|1|unidad||||
3|1|1439|0000077915481|1|PEPITOS ALFAJOR TRIPLE DE CHOCOLATE X 57GR|1.00|unidad| |3000.00|3000.00|1|unidad||||
3|1|1439|7791813828365|1|PEPSI BLACK PET X 500CC|1.00|unidad| |3450.00|3450.00|1|unidad||||
3|1|1439|1111111111200|1|PICO DULCE CHUPETIN X 14 GR.|1.00|unidad| |500.00|500.00|1|unidad||||
3|1|1439|7790895641183|1|POWERADE FRUTAS TROPICALES PET X 500CC|1.00|unidad| |3500.00|3500.00|1|unidad||||
3|1|1439|7790895640018|1|POWERADE MANZANA PET X 500CC|1.00|unidad| |3500.00|3500.00|1|unidad||||
3|1|1439|7790895640025|1|POWERADE MOUNTAIN BLAST PET X 500CC|1.00|unidad| |3500.00|3500.00|1|unidad||||
3|1|1439|7791519200021|1|PRIME PRESERVATIVO ANATOMICO CAJA X 3 UNID.|1.00|unidad| |6300.00|6300.00|1|unidad||||
3|1|1439|7791519200076|1|PRIME PRESERVATIVO ESPERMICIDA CAJA X 3 UNID.|1.00|unidad| |6300.00|6300.00|1|unidad||||
3|1|1439|7791519000676|1|PRIME PRESERVATIVO EXTRA LUBRICADO CAJA X 3 UNID.|1.00|unidad| |6300.00|6300.00|1|unidad||||
3|1|1439|7791519200045|1|PRIME PRESERVATIVO SUPERFINO CAJA X 3 UNID.|1.00|unidad| |6300.00|6300.00|1|unidad||||
3|1|1439|7791519200090|1|PRIME PRESERVATIVO TACHAS CAJA X 3 UNID.|1.00|unidad| |6300.00|6300.00|1|unidad||||
3|1|1439|7791519200069|1|PRIME PRESERVATIVO TEXTURADO CAJA X 3 UNID.|1.00|unidad| |6300.00|6300.00|1|unidad||||
3|1|1439|7790742167101|1|Queso Finlandia Chef Cheddar 150gr PAQUETE INSUMO|1.00|unidad| |685.00|685.00|1|unidad||||
3|1|1439|0045011111111|1|RED BULL ENERGY DRINK LATA X 250 CC|1.00|unidad| |5500.00|5500.00|1|unidad||||
3|1|1439|0000090435225|1|RED BULL ENERGY DRINK LATA X 355 CC|1.00|unidad| |6900.00|6900.00|1|unidad||||
3|1|1439|9002490232054|1|RED BULL ENERGY DRINK SUGAR FREE LATA X 250CC|1.00|unidad| |5500.00|5500.00|1|unidad||||
3|1|1439|7790580327415|1|ROCKLETS CONFITES DE CHOCOLATE PAQ. X 40 GR|1.00|unidad| |3100.00|3100.00|1|unidad||||
3|1|1439|7790580327613|1|ROCKLETS NARANJA MANI C/CHOCOLATE CONFITADO X 40G|1.00|unidad| |3100.00|3100.00|1|unidad||||
3|1|1439|7798024760507|1|ROLL CHICKEN CAESAR X 210GR|1.00|unidad| |10600.00|10600.00|1|unidad||||
3|1|1439|0000000023605|0|SACRAMENTO MEMBRILLO X UN|1.00|unidad| |1700.00|1700.00|1|unidad||||
3|1|1439|7790580716806|1|SALADIX GALLETITAS SAB. CALABRESA CAJA X 100G|1.00|unidad| |3200.00|3200.00|1|unidad||||
3|1|1439|7790580716707|1|SALADIX GALLETITAS SAB. JAMON CAJA X 100G|1.00|unidad| |3200.00|3200.00|1|unidad||||
3|1|1439|7790580697303|1|SALADIX GALLETITAS SAB. PIZZA CAJA X 100G|1.00|unidad| |3200.00|3200.00|1|unidad||||
3|1|1439|7790040374607|1|SALADIX GALLETITAS SAB.DUO CAJA X 80G|1.00|unidad| |3200.00|3200.00|1|unidad||||
3|1|1439|7790040123434|1|SALADIX GALLETITAS SAB.KESITOS X80G|1.00|unidad| |2700.00|2700.00|1|unidad||||
3|1|1439|0000077956699|1|SHOT ALFAJOR TRISHOT TRIPLE X 60G|1.00|unidad| |3000.00|3000.00|1|unidad||||
3|1|1439|7622300424084|1|SHOT CHOCOLATE CON LECHE Y MANI TABLETA X 170 GR|1.00|unidad| |12500.00|12500.00|1|unidad||||
3|1|1439|0000077914217|1|SHOT CHOCOLATE LECHE CON MANI TABLETA X 35G|1.00|unidad| |3000.00|3000.00|1|unidad||||
3|1|1439|7798304841803|1|SIN PARAR CHOCOLATE DULCE DE LECHE X 90G|1.00|unidad| |3000.00|3000.00|1|unidad||||
3|1|1439|7798304841797|1|SIN PARAR DULCE DE LECHE Y AMERICANA X 90G|1.00|unidad| |3000.00|3000.00|1|unidad||||
3|1|1439|7798304841780|1|SIN PARAR FRUTILLA CREMA X 90G|1.00|unidad| |3000.00|3000.00|1|unidad||||
3|1|1439|0022000018465|1|SKITTLES CONFITES ORIGINAL FRUIT PAQ.X 61.5GR|1.00|unidad| |4700.00|4700.00|1|unidad||||
3|1|1439|0022000018489|1|SKITTLES CONFITES WILDBERRY PAQ.X 61.5GR|1.00|unidad| |4700.00|4700.00|1|unidad||||
3|1|1439|7790895646027|1|SMART WATER C/G 591 ML|1.00|unidad| |3500.00|3500.00|1|unidad||||
3|1|1439|7790895645778|1|SMART WATER S/G 591 ML|1.00|unidad| |3500.00|3500.00|1|unidad||||
3|1|1439|7506174512248|1|SNICKERS BARRA RELL.MANI CUB.C/CHOCOLATE X 48 GR|1.00|unidad| |4700.00|4700.00|1|unidad||||
3|1|1439|0522111111111|1|SPEED UNLIMITED LATA X 250CC|1.00|unidad| |4200.00|4200.00|1|unidad||||
3|1|1439|0040000000518|1|STARBURST CARAMELO MASTICABLE SURTIDO PAQ.X 58.7G|1.00|unidad| |5100.00|5100.00|1|unidad||||
3|1|1439|7790580060206|1|SUGUS CARAMELO MASTICABLE SUELTO X 3.3 GR|1.00|unidad| |50.00|50.00|1|unidad||||
3|1|1439|7790580056001|1|SUGUS CONFITADOS CONFITES DE CARAMELO SURT.X 50 G|1.00|unidad| |2000.00|2000.00|1|unidad||||
3|1|1439|7790387000849|1|TARAGUI MATE COCIDO X 25 UNID S ENS|1.00|unidad| |135.00|135.00|1|unidad||||
3|1|1439|0029601111111|1|TARAGUI MATE LISTO X 35 GR.|1.00|unidad| |4000.00|4000.00|1|unidad||||
3|1|1439|0029621111111|1|TARAGUI TERMO MATE-LISTO CAPACIDAD 500 CC.|1.00|unidad| |5900.00|5900.00|1|unidad||||
3|1|1439|7790387013627|1|TARAGUI YERBA 4FLEX X 500 GR.|1.00|unidad| |4600.00|4600.00|1|unidad||||
3|1|1439|0000077939234|1|TERRABUSI ALFAJOR CHOCOLATE X 50 GR|1.00|unidad| |2000.00|2000.00|1|unidad||||
3|1|1439|0000077903792|1|TERRABUSI ALFAJOR TRIPLE CHOCOLATE X 70G.|1.00|unidad| |3000.00|3000.00|1|unidad||||
3|1|1439|0000077903860|1|TERRABUSI ALFAJOR TRIPLE TIPO TORTA CHOCOLAT.X 70G|1.00|unidad| |3000.00|3000.00|1|unidad||||
3|1|1439|7622300335052|1|TERRABUSI SNACKY X 60GR|1.00|unidad| |4600.00|4600.00|1|unidad||||
3|1|1439|7861002910314|1|TIC TAC PASTILLAS SABOR MENTA CAJA X 16 GR.|1.00|unidad| |1600.00|1600.00|1|unidad||||
3|1|1439|7861002910321|1|TIC TAC PASTILLAS SABOR NARANJA CAJA X 16 GR.|1.00|unidad| |1600.00|1600.00|1|unidad||||
3|1|1439|7790580746612|1|TOFI CHOCOLATE C/LECHE RELLENO D.LECHE X 55G|1.00|unidad| |420.00|420.00|1|unidad||||
3|1|1439|7798024760354|1|TOP PBT DE JAMON COCIDO Y QUESO X UN|1.00|unidad| |9100.00|9100.00|1|unidad||||
3|1|1439|0000000019823|0|TOPLINE 7 CHICLE S/AZUCAR ATM STRONG X 14G|1.00|unidad| |2300.00|2300.00|1|unidad||||
3|1|1439|0000000018843|0|TOPLINE 7 CHICLE S/AZUCAR MANDARINA  CAJA X 14G|1.00|unidad| |2300.00|2300.00|1|unidad||||
3|1|1439|7790580120573|1|TOPLINE 7 ULTRA CLEAN X 24G|1.00|unidad| |3600.00|3600.00|1|unidad||||
3|1|1439|7790580120702|1|TOPLINE 7 ULTRA GREEN MINT X 24G|1.00|unidad| |3600.00|3600.00|1|unidad||||
3|1|1439|7790580121013|1|TOPLINE 7 ULTRA RED BERRY X 24G|1.00|unidad| |3600.00|3600.00|1|unidad||||
3|1|1439|7798304841421|1|TORPEDO FRUTILLA|1.00|unidad| |2100.00|2100.00|1|unidad||||
3|1|1439|7798304841414|1|TORPEDO LIMON|1.00|unidad| |2100.00|2100.00|1|unidad||||
3|1|1439|7798024760460|1|TRIPLE MIGA BLANCO J.COCIDO Y QUESO X 3 UN|1.00|unidad| |9600.00|9600.00|1|unidad||||
3|1|1439|7798024760477|1|TRIPLE MIGA NEGRO J.COCIDO Y QUESO X 3 UN|1.00|unidad| |9600.00|9600.00|1|unidad||||
3|1|1439|7622202839962|1|VARIEDAD GALLETITAS DULCES SURTIDAS X 390GR.|1.00|unidad|VARIEDAD|5800.00|5800.00|1|unidad||||
3|1|1439|0016871111111|1|VASO REUTILIZABLE|1.00|unidad| |4500.00|4500.00|1|unidad||||
3|1|1439|0000000004361|0|VAUQUITA TABLETA DE DULCE DE LECHE X 25 GR.|1.00|unidad| |190.00|190.00|1|unidad||||
3|1|1439|7790315100184|1|VDS LEVITE CERO AGUA S/G MANZANA PET X 500cc|1.00|unidad| |3450.00|3450.00|1|unidad||||
3|1|1439|0021352111111|1|VDS LEVITE CERO AGUA S/G NARANJA PET X 500cc|1.00|unidad| |3450.00|3450.00|1|unidad||||
3|1|1439|0021347111111|1|VILLA DEL SUR LEVITE S/G MANZANA PET X 500cc|1.00|unidad| |3450.00|3450.00|1|unidad||||
3|1|1439|7798062548655|1|VILLA DEL SUR LEVITE S/G NARANJA PET X 500cc|1.00|unidad| |3450.00|3450.00|1|unidad||||
3|1|1439|0021349111111|1|VILLA DEL SUR LEVITE S/G PERA PET X 500cc|1.00|unidad| |3450.00|3450.00|1|unidad||||
3|1|1439|7799155000982|1|VILLA DEL SUR LEVITE S/G POMELO PET X 500cc|1.00|unidad| |3450.00|3450.00|1|unidad||||
3|1|1439|7799155000210|1|VILLAVICENCIO AGUA FINAMENTE GASIFICADA PET X 1.5L|1.00|unidad| |5300.00|5300.00|1|unidad||||
3|1|1439|7799155000203|1|VILLAVICENCIO AGUA FINAMENTE GASIFICADA PET X 500C|1.00|unidad| |3650.00|3650.00|1|unidad||||
3|1|1439|0022000293220|1|Wrigleys Doubl 12.5g|1.00|unidad| |2600.00|2600.00|1|unidad||||
3|1|1439|0022000293305|1|Wrigleys Spear 12.5g|1.00|unidad| |2600.00|2600.00|1|unidad||||
3|1|1439|7791337010826|1|Yogurisimo Botellita Frutilla x 190g|1.00|unidad| |5500.00|5500.00|1|unidad||||
3|1|1439|7798187760246|1|ZAFRAN BARRA DE CEREAL ALM/COCO X 28G|1.00|unidad| |1900.00|1900.00|1|unidad||||
3|1|1439|7798187760277|1|ZAFRAN BARRA DE CEREAL CAJU/ZAPALLO 28G|1.00|unidad| |1900.00|1900.00|1|unidad||||
3|1|1439|7798187760253|1|ZAFRAN BARRA DE CEREAL MANI/CACAO 28G|1.00|unidad| |1900.00|1900.00|1|unidad||||
3|1|1439|7798187760260|1|ZAFRAN BARRA DE CEREAL MZNA/CHIA 28G|1.00|unidad| |1900.00|1900.00|1|unidad||||
3|1|1450|7791813434412|1|7UP FREE PET X 1.5L|1.00|unidad| |4700.00|4700.00|1|unidad||||
3|1|1450|0000000023897|0|AFEITADORA BIC COMFORT  3|1.00|unidad| |820.00|820.00|1|unidad||||
3|1|1450|7790580109882|1|AGUILA EXTRAFINO 60% CACAO X 150 GR|1.00|unidad| |15200.00|15200.00|1|unidad||||
3|1|1450|7790040133594|1|AGUILA MINITORTA BROWNIE X 72G|1.00|unidad| |2800.00|2800.00|1|unidad||||
3|1|1450|7790040298705|1|AGUILA MINITORTA DDLECHE/MOUSSE SAB.VAINILLA X 72G|1.00|unidad| |2800.00|2800.00|1|unidad||||
3|1|1450|0000000023956|0|ALFAJOR CHOCOLATE|1.00|unidad| |2100.00|2100.00|1|unidad||||
3|1|1450|0000000023280|0|ALFAJORES DE MAICENA|1.00|unidad| |2100.00|2100.00|1|unidad||||
3|1|1450|7790580607418|1|ARCOR CHOCOLATE BLANCO TABLETA X 25 GR|1.00|unidad| |2200.00|2200.00|1|unidad||||
3|1|1450|7790580607210|1|ARCOR CHOCOLATE CON LECHE TABLETA X 25GR|1.00|unidad| |2200.00|2200.00|1|unidad||||
3|1|1450|0000000001339|0|ARCOR OBLEA RELLENA C/PASTA DE TURRON Y MANI X 25G|1.00|unidad| |700.00|700.00|1|unidad||||
3|1|1450|7793360294600|1|BC JUGO MANZANA TETRA X 200CC|1.00|unidad| |1100.00|1100.00|1|unidad||||
3|1|1450|7793360246609|1|BC JUGO NARANJA TETRA X 200CC.|1.00|unidad| |1100.00|1100.00|1|unidad||||
3|1|1450|7790580154264|1|BEB MULTIFRUTA BC 24X200ML|1.00|unidad| |1100.00|1100.00|1|unidad||||
3|1|1450|7792730020559|1|BIZNIKKE NEVADO CHOCOLATE TABLETA X 120 GR.|1.00|unidad| |8900.00|8900.00|1|unidad||||
3|1|1450|7790580722708|1|BOMBON TOFI LECHE X 15G|1.00|unidad| |1800.00|1800.00|1|unidad||||
3|1|1450|7790040613607|1|Bon O Bon Alfajor Chocolate Blanco x40 gr|1.00|unidad| |1800.00|1800.00|1|unidad||||
3|1|1450|7790040613706|1|BON O BON ALFAJOR CHOCOLATE NEGRO/LECHE X 40G|1.00|unidad| |1800.00|1800.00|1|unidad||||
3|1|1450|0000000021586|0|BON-O-BON BOMBON AGUILA X 15G|1.00|unidad| |1100.00|1100.00|1|unidad||||
3|1|1450|7790580119058|1|BON-O-BON BOMBON CHOCOLATE BLANCO X 15G|1.00|unidad| |1100.00|1100.00|1|unidad||||
3|1|1450|0000000021587|0|BON-O-BON BOMBON CHOCOLINA X 15G|1.00|unidad| |1100.00|1100.00|1|unidad||||
3|1|1450|7792360072409|1|BONAFIDE BOCADITO DDL X 16G|1.00|unidad| |1600.00|1600.00|1|unidad||||
3|1|1450|0000000021151|0|BROWNIE ARTESANAL|1.00|unidad| |5300.00|5300.00|1|unidad||||
3|1|1450|0000000023273|0|BUDIN BANANA Y DDL|1.00|unidad| |4800.00|4800.00|1|unidad||||
3|1|1450|0000000021701|0|BUDIN DE FRUTOS SECOS|1.00|unidad| |4800.00|4800.00|1|unidad||||
3|1|1450|0000000021700|0|BUDIN DE LIMON Y ARANDANOS|1.00|unidad| |4800.00|4800.00|1|unidad||||
3|1|1450|7790407022011|1|CABSHA BOCADITO X 10G|1.00|unidad| |1000.00|1000.00|1|unidad||||
3|1|1450|7798128000271|1|CACHAFAZ ALFAJOR MOUSSE X 50G|1.00|unidad| |3200.00|3200.00|1|unidad||||
3|1|1450|7622201818739|1|CADBURY CHOCOLATE C/LECHE TRES SUEÑOS X 82G|1.00|unidad| |7800.00|7800.00|1|unidad||||
3|1|1450|7622201818654|1|CADBURY CHOCOLATE RELLENO YOGHURT FRUTILLA X 29G|1.00|unidad| |3300.00|3300.00|1|unidad||||
3|1|1450|7622202271250|1|Caram. Halls 12u Strong Nvo|1.00|unidad| |1300.00|1300.00|1|unidad||||
3|1|1450|7622202247286|1|Caram. Halls Cherry Nvo 28 Grs|1.00|unidad| |1300.00|1300.00|1|unidad||||
3|1|1450|7790895649301|1|CEPITA 20% NARANJA 200ML|1.00|unidad| |2100.00|2100.00|1|unidad||||
3|1|1450|7790895009853|1|CEPITA JUGO MANZANA BOTELLA X 1L|1.00|unidad| |5800.00|5800.00|1|unidad||||
3|1|1450|7790895000720|1|CEPITA JUGO MANZANA TETRA X 200CC.|1.00|unidad| |2100.00|2100.00|1|unidad||||
3|1|1450|7790895647017|1|CEPITA JUGO MANZANA ZINC TETRA X 1 LT.|1.00|unidad| |4200.00|4200.00|1|unidad||||
3|1|1450|7790895000737|1|CEPITA JUGO MULTIFRUTA TETRA X 200CC|1.00|unidad| |2100.00|2100.00|1|unidad||||
3|1|1450|7790895647123|1|CEPITA JUGO MULTIFRUTA ZINC TETRA X 1 LT.|1.00|unidad| |4200.00|4200.00|1|unidad||||
3|1|1450|7790895648267|1|CEPITA NARANJA 20% 1L|1.00|unidad| |4200.00|4200.00|1|unidad||||
3|1|1450|7790895009815|1|CEPITA NARANJA 995CC|1.00|unidad| |5800.00|5800.00|1|unidad||||
3|1|1450|0000000022630|0|CEREAL MIX BARRA DE CEREAL C/FRUTILLA&YOGHURT X26G|1.00|unidad| |1700.00|1700.00|1|unidad||||
3|1|1450|0000000001341|0|CEREAL MIX BARRA DE CEREAL X 23G|1.00|unidad| |1700.00|1700.00|1|unidad||||
3|1|1450|0000000022631|0|CEREAL MIX BARRA DE CEREAL YOGH/FRUTIL.L.X26g|1.00|unidad| |1700.00|1700.00|1|unidad||||
3|1|1450|7790580123345|1|CH. TL7 MENTHOL 20X16X14G|1.00|unidad| |1900.00|1900.00|1|unidad||||
3|1|1450|0000000019822|0|CH. TL7 VIBR. STRAW. 20X16X14G|1.00|unidad| |1900.00|1900.00|1|unidad||||
3|1|1450|7790580104252|1|CH. TL7 VIOL. CHERRY 20X16X14G|1.00|unidad| |1900.00|1900.00|1|unidad||||
3|1|1450|7790580317607|1|CH. TL7 XPLOS. MINT 20X16X14G|1.00|unidad| |1900.00|1900.00|1|unidad||||
3|1|1450|8445290701961|1|Choc Bananita Dolca 30 grs|1.00|unidad| |2200.00|2200.00|1|unidad||||
3|1|1450|8445290701596|1|Choc. Bananita Dolca 14grs|1.00|unidad| |1200.00|1200.00|1|unidad||||
3|1|1450|7622202328947|1|Choc. Milka 55g Leche NVO|1.00|unidad| |6100.00|6100.00|1|unidad||||
3|1|1450|7790070418296|1|Chocoarroz Blanco est. 22g|1.00|unidad| |1800.00|1800.00|1|unidad||||
3|1|1450|7790070418203|1|Chocoarroz DL 22 gr|1.00|unidad| |1800.00|1800.00|1|unidad||||
3|1|1450|7790580103521|1|CHOCOLATE LECHE CON CONFITES COFLER X 55 G|1.00|unidad| |5800.00|5800.00|1|unidad||||
3|1|1450|7798304840851|1|CHOMPAlmedC/SsaDDL6x180g|1.00|unidad| |10200.00|10200.00|1|unidad||||
3|1|1450|7798130953640|1|CHUPETIN COCO POP X 17 G|1.00|unidad| |3500.00|3500.00|1|unidad||||
3|1|1450|7798130954777|1|CHUPETIN EMOTI POP 11GR|1.00|unidad| |3500.00|3500.00|1|unidad||||
3|1|1450|0000000023604|0|CIRCULAR MEMBRILLO X UN|1.00|unidad| |1500.00|1500.00|1|unidad||||
3|1|1450|7798085680516|1|CITRIC JUGO NARANJA MANGO TETRA X 500CC|1.00|unidad| |3700.00|3700.00|1|unidad||||
3|1|1450|7798085681834|1|CITRIC JUGO NARANJA TETRA X 1L|1.00|unidad| |5500.00|5500.00|1|unidad||||
3|1|1450|7798085681445|1|CITRIC JUGO NARANJA TETRA X 250CC|1.00|unidad| |2100.00|2100.00|1|unidad||||
3|1|1450|7798085681452|1|CITRIC JUGO NARANJA TETRA X 500CC|1.00|unidad| |3700.00|3700.00|1|unidad||||
3|1|1450|7798085680295|1|CITRIC JUGO NARANJA/ DURAZNO TETRA X 500CC|1.00|unidad| |3700.00|3700.00|1|unidad||||
3|1|1450|7790895000997|1|COCA-COLA X 2.25L|1.00|unidad| |8500.00|8500.00|1|unidad||||
3|1|1450|7790040659605|1|COFLER BLOCK ALFAJOR CHOCOLATE X 60 G|1.00|unidad| |2800.00|2800.00|1|unidad||||
3|1|1450|0000000018365|0|COFLER BLOCK CHOCOLATE C/LECHE Y MANI TAB.X 110GR|1.00|unidad| |7800.00|7800.00|1|unidad||||
3|1|1450|0000000015301|0|COFLER BLOCK CHOCOLATE C/LECHE Y MANI TAB.X 38GR|1.00|unidad| |3100.00|3100.00|1|unidad||||
3|1|1450|7790580105013|1|COFLER BLOCK CHOCOLATE X 170G|1.00|unidad| |13200.00|13200.00|1|unidad||||
3|1|1450|7790580115579|1|COFLER BLOCK CHOCOLATE X 1KG|1.00|unidad| |62900.00|62900.00|1|unidad||||
3|1|1450|7790580103385|1|COFLER CHOCOLATE AIREADO BCO/LECHE X 27 GR.|1.00|unidad| |3300.00|3300.00|1|unidad||||
3|1|1450|7790580103378|1|COFLER CHOCOLATE AIREADO BLANCO X 27 GR.|1.00|unidad| |3300.00|3300.00|1|unidad||||
3|1|1450|7790580115869|1|COFLER CHOCOLATE AIREADO BON O BON X 67G|1.00|unidad| |6500.00|6500.00|1|unidad||||
3|1|1450|7790580103361|1|COFLER CHOCOLATE AIREADO LECHE X 27 GR.|1.00|unidad| |3300.00|3300.00|1|unidad||||
3|1|1450|7790580043407|1|COFLER CHOCOLATE AIREADO LECHE X 55G|1.00|unidad| |6600.00|6600.00|1|unidad||||
3|1|1450|7790580003531|1|COFLER CHOCOLATE BCO&COOK X 55G|1.00|unidad| |5800.00|5800.00|1|unidad||||
3|1|1450|7790580043506|1|COFLER CHOCOLATE LECHE CON ALMENDRAS X 55G|1.00|unidad| |5800.00|5800.00|1|unidad||||
3|1|1450|0000000024109|0|CRIOLLITO X UN|1.00|unidad| |1500.00|1500.00|1|unidad||||
3|1|1450|0000000023957|0|CROISSANT J Y Q|1.00|unidad| |5800.00|5800.00|1|unidad||||
3|1|1450|7798024760798|1|CROQUE MONSIEUR J Y Q BLANCO X UN|1.00|unidad| |9100.00|9100.00|1|unidad||||
3|1|1450|7798024760804|1|CROQUE MONSIEUR J Y Q NEGRO X UN|1.00|unidad| |9100.00|9100.00|1|unidad||||
3|1|1450|0000000020568|0|CUADRADO DE PASTA FROLA|1.00|unidad| |4800.00|4800.00|1|unidad||||
3|1|1450|0000000023543|0|DELIVERY MEDIALUNAS X 6 UNIDADES|1.00|unidad| |205.00|205.00|1|unidad||||
3|1|1450|7795735000106|1|DON SATUR TALITAS X 140GR|1.00|unidad| |2200.00|2200.00|1|unidad||||
3|1|1450|7790206007509|1|DOS CORAZONES BOCADITO CHOC.C/LECHE RELL. X 26GR|1.00|unidad| |2100.00|2100.00|1|unidad||||
3|1|1450|7792799000035|1|ECO DE LOS ANDES AGUA CON GAS PET X 500CC.|1.00|unidad| |3000.00|3000.00|1|unidad||||
3|1|1450|7798128000486|1|EL CACHAFAZ ALFAJOR BLANCO FLOWPACK X 60 GR|1.00|unidad| |3100.00|3100.00|1|unidad||||
3|1|1450|7798128000462|1|EL CACHAFAZ ALFAJOR CHOCOLATE FLOWPACK X 60 GR|1.00|unidad| |3000.00|3000.00|1|unidad||||
3|1|1450|7798128001940|1|EL CACHAFAZ ALFAJOR DE MAICENA X 76G|1.00|unidad| |3100.00|3100.00|1|unidad||||
3|1|1450|7798128001797|1|EL CACHAFAZ CONITO DULCE DE LECHE X 38G|1.00|unidad| |2600.00|2600.00|1|unidad||||
3|1|1450|7798024760569|1|ENSALADA CESAR  PREMIUM X UN|1.00|unidad| |13000.00|13000.00|1|unidad||||
3|1|1450|7798024760392|1|ENSALADA CHEF PREMIUM X UN|1.00|unidad| |13000.00|13000.00|1|unidad||||
3|1|1450|7798024766417|1|ENSALADA MIX VEG.C/PECHUGUITAS AL SESAMO X UN|1.00|unidad| |13000.00|13000.00|1|unidad||||
3|1|1450|7613035242524|1|EPA DDL MAX 88GR|1.00|unidad| |6500.00|6500.00|1|unidad||||
3|1|1450|7613035242500|1|EPA ROCKER X 88G|1.00|unidad| |6500.00|6500.00|1|unidad||||
3|1|1450|7898024390121|1|FERRERO ROCHER BOMBON CHOC.RELL.PAQ.3 UNID X 37.5G|1.00|unidad| |5400.00|5400.00|1|unidad||||
3|1|1450|7798024760255|1|FIGAZZITAS DE SALAME Y QUESO X 2 UN|1.00|unidad| |8200.00|8200.00|1|unidad||||
3|1|1450|7798147780062|1|Franui sabor Black 150gr|1.00|unidad| |8500.00|8500.00|1|unidad||||
3|1|1450|7798147783223|1|Franui sabor Leche 150gr|1.00|unidad| |8500.00|8500.00|1|unidad||||
3|1|1450|7790070431936|1|Gallo YoguBar 20gr|1.00|unidad| |1700.00|1700.00|1|unidad||||
3|1|1450|0067061111111|1|GATORADE COOL BLUE PET X 500CC|1.00|unidad| |3900.00|3900.00|1|unidad||||
3|1|1450|0071971211111|1|GATORADE FRUTOS TROPICALES PET X 750CC|1.00|unidad| |4700.00|4700.00|1|unidad||||
3|1|1450|0066011111111|1|GATORADE MANZANA PET X 500CC|1.00|unidad| |3900.00|3900.00|1|unidad||||
3|1|1450|0042831111111|1|GATORADE MANZANA PET X 750CC|1.00|unidad| |4600.00|4600.00|1|unidad||||
3|1|1450|0006602111111|1|GATORADE NARANJA PET X 500CC|1.00|unidad| |3900.00|3900.00|1|unidad||||
3|1|1450|7798024766103|1|GRANDWICH PANINI GRIGLIATTI JAM/QUE/TOM/HUE X 210G|1.00|unidad| |6650.00|6650.00|1|unidad||||
3|1|1450|0000000023445|0|HALLS FREE MENTA X 28 G|1.00|unidad| |1450.00|1450.00|1|unidad||||
3|1|1450|7791249450277|1|HALLS MENTA LYPTUS CARAMELOS DUROS PAQ.X 28G|1.00|unidad| |1250.00|1250.00|1|unidad||||
3|1|1450|0000000023603|0|ICEDREAM CIRCULAR PASTELERA X UN|1.00|unidad| |1500.00|1500.00|1|unidad||||
3|1|1450|0028411111111|1|JORGITO ALFAJOR BLANCO X 50G|1.00|unidad| |1600.00|1600.00|1|unidad||||
3|1|1450|0011111112842|1|JORGITO ALFAJOR CHOCOLATE X 55G|1.00|unidad| |1600.00|1600.00|1|unidad||||
3|1|1450|7790957000545|1|JORGITO MINI ALFAJOR CHOCOLATE PAQ.X 6 UNID.|1.00|unidad| |4600.00|4600.00|1|unidad||||
3|1|1450|7790957000538|1|JORGITO MINI ALFAJOR GLACEADO PAQ.X 6 UNID.X 155GR|1.00|unidad| |4600.00|4600.00|1|unidad||||
3|1|1450|0000080052760|1|KINDER BUENO OBLEA CHOCOLATE CON LECHE X 43G|1.00|unidad| |4800.00|4800.00|1|unidad||||
3|1|1450|0000077949677|1|KINDER CHOCOLATE X 50G|1.00|unidad| |5500.00|5500.00|1|unidad||||
3|1|1450|7891000379073|1|KIT KAT DARK OBLEA BAÑADA CHOCOLATE X 41.5G|1.00|unidad| |2800.00|2800.00|1|unidad||||
3|1|1450|7891000379028|1|KIT KAT OBLEA BAÑADA CHOCOLATE BLANCO X 41.5G|1.00|unidad| |2800.00|2800.00|1|unidad||||
3|1|1450|7791337007260|1|Leche chocolatada Cindor 200ml|1.00|unidad| |3800.00|3800.00|1|unidad||||
3|1|1450|7791337007253|1|Leche chocolatada Cindor x 1L|1.00|unidad| |11500.00|11500.00|1|unidad||||
3|1|1450|7798368470391|1|LUCCIANO´S CHANTILLY X 100GR (02)|1.00|unidad| |7400.00|7400.00|1|unidad||||
3|1|1450|7798368470384|1|LUCCIANO´S CHOCOLATE C/CROCANTE X 100GR (01)|1.00|unidad| |7400.00|7400.00|1|unidad||||
3|1|1450|7798368470421|1|LUCCIANO´S CHOCOLATE X 90GR (05)|1.00|unidad| |7400.00|7400.00|1|unidad||||
3|1|1450|7798368470438|1|LUCCIANO´S DDL C/ CROCANTE X 90GR (06)|1.00|unidad| |7400.00|7400.00|1|unidad||||
3|1|1450|0000000024240|0|LUCCIANO´S DDL X 90GR (03)|1.00|unidad| |6000.00|6000.00|1|unidad||||
3|1|1450|7798368470476|1|LUCCIANO´S MINION ICE POP X 100GR (10)|1.00|unidad| |7900.00|7900.00|1|unidad||||
3|1|1450|7798368470469|1|LUCCIANO´S OLI KING X 90GR (09)|1.00|unidad| |7800.00|7800.00|1|unidad||||
3|1|1450|7798368470735|1|LUCCIANO´S PISTACCHIO X 95GR (08)|1.00|unidad| |7800.00|7800.00|1|unidad||||
3|1|1450|7798368470414|1|LUCCIANO´S SORBETE PATAGONIA X 90GR (04)|1.00|unidad| |7400.00|7400.00|1|unidad||||
3|1|1450|7613034797469|1|LUXOR BOMBON HELADO 53G|1.00|unidad| |3000.00|3000.00|1|unidad||||
3|1|1450|7797453001441|1|M&M Chocolate 48 Grs|1.00|unidad| |4800.00|4800.00|1|unidad||||
3|1|1450|7797453001458|1|M&M MANI PAQ. X 49 GR|1.00|unidad| |4800.00|4800.00|1|unidad||||
3|1|1450|7790387015324|1|MAÑANITA YERBA 4FLEX X 500 GR|1.00|unidad| |4400.00|4400.00|1|unidad||||
3|1|1450|7790206006106|1|MARROC BOCADITO X 14 GR.|1.00|unidad| |1200.00|1200.00|1|unidad||||
3|1|1450|7798024760125|1|MAX PREMIUM JyQ-TOM-HUE- PAN NGO X UN|1.00|unidad| |9600.00|9600.00|1|unidad||||
3|1|1450|7798024766172|1|MAX PREMIUM POLLO-RU-PAR-PAN NGO X UN|1.00|unidad| |9600.00|9600.00|1|unidad||||
3|1|1450|7798024760552|1|MAX TRIANGULO LIGHT POLLO-LEC-PAN NGO X UN|1.00|unidad| |9600.00|9600.00|1|unidad||||
3|1|1450|0000000023602|0|MEDIALUNA DE GRASA X UN|1.00|unidad| |1500.00|1500.00|1|unidad||||
3|1|1450|0000000023601|0|MEDIALUNA DE MANTECA X UN|1.00|unidad| |1500.00|1500.00|1|unidad||||
3|1|1450|7891000120057|1|MEGA AMERICANA CON ALMENDRAS X 74g|1.00|unidad| |7400.00|7400.00|1|unidad||||
3|1|1450|0000000020546|0|MENTHO-PLUS ACIDOS CEREZA X 27.2G|1.00|unidad| |1600.00|1600.00|1|unidad||||
3|1|1450|0000000020540|0|MENTHO-PLUS ACIDOS NARANJA X 27.2G|1.00|unidad| |1600.00|1600.00|1|unidad||||
3|1|1450|0000000021660|0|MENTHO-PLUS CARAMELOS INHALANTES DE CEREZA X 29.4G|1.00|unidad| |1000.00|1000.00|1|unidad||||
3|1|1450|0000000021663|0|MENTHO-PLUS CARAMELOS INHALANTES MIEL X 29.4G|1.00|unidad| |1000.00|1000.00|1|unidad||||
3|1|1450|0000000021661|0|MENTHO-PLUS CARAMELOS INHALANTES STRONG X 29.4G|1.00|unidad| |1000.00|1000.00|1|unidad||||
3|1|1450|0000000017476|0|MENTHO-PLUS CARAMELOS SIN AZUCAR CHERRY X 27.3G|1.00|unidad| |1600.00|1600.00|1|unidad||||
3|1|1450|0000000017474|0|MENTHO-PLUS CARAMELOS SIN AZUCAR MENTOL X 27.3G|1.00|unidad| |1600.00|1600.00|1|unidad||||
3|1|1450|0000000021664|0|MENTHOPLUS MENTA X 29.4G|1.00|unidad| |1000.00|1000.00|1|unidad||||
3|1|1450|0000000021662|0|MENTHOPLUS MENTOL X 29.4G|1.00|unidad| |1000.00|1000.00|1|unidad||||
3|1|1450|0000000021044|0|MENTHOPLUS ZERO CARAMELOS DURAZNO X 26.6G|1.00|unidad| |1600.00|1600.00|1|unidad||||
3|1|1450|0000000021047|0|MENTHOPLUS ZERO CARAMELOS STRONG X 26.6G|1.00|unidad| |1600.00|1600.00|1|unidad||||
3|1|1450|7895144699851|1|MENTOS CARAMELOS MASTICABLES SAB.FRUTA X 29.7GR|1.00|unidad| |1200.00|1200.00|1|unidad||||
3|1|1450|7895144699844|1|MENTOS CARAMELOS MASTICABLES SAB.MENTA X 29.7GR|1.00|unidad| |1200.00|1200.00|1|unidad||||
3|1|1450|0000000021770|0|MERMELADAS X UNIDAD|1.00|unidad| |50.00|50.00|1|unidad||||
3|1|1450|0000077903785|1|MILKA ALFAJOR MOUSSE TRIPLE X 55 GR.|1.00|unidad| |2800.00|2800.00|1|unidad||||
3|1|1450|7622300457303|1|MILKA ALFAJOR TRIPLE BLANCO X 55G|1.00|unidad| |2800.00|2800.00|1|unidad||||
3|1|1450|7622300844967|1|MILKA CHOCOLATE BLANCO CON DULCE DE LECHE X 67.5G|1.00|unidad| |7100.00|7100.00|1|unidad||||
3|1|1450|7622300844943|1|MILKA CHOCOLATE C DULCE DE LECHE X 67.5G|1.00|unidad| |7100.00|7100.00|1|unidad||||
3|1|1450|0000000021565|0|MILKA CHOCOLATE C/LECHE ALMENDRAS|1.00|unidad| |3290.00|3290.00|1|unidad||||
3|1|1450|7622300990114|1|MILKA CHOCOLATE CON LECHE X 150G|1.00|unidad| |13800.00|13800.00|1|unidad||||
3|1|1450|7622201818937|1|MILKA LEGER CHOCOLATE LECHE TABLETA X 50G|1.00|unidad| |5800.00|5800.00|1|unidad||||
3|1|1450|7790580116958|1|MOGUL CARAMELO DE GOMA DINOS X 30G|1.00|unidad| |800.00|800.00|1|unidad||||
3|1|1450|7790580129507|1|MOGUL CARAMELOS DE GOMA ACIDOS BOLSA X 60G|1.00|unidad| |1350.00|1350.00|1|unidad||||
3|1|1450|7790580169312|1|MOGUL CARAMELOS DE GOMA CEREBRITOS X 30G|1.00|unidad| |1200.00|1200.00|1|unidad||||
3|1|1450|7790580116460|1|MOGUL CARAMELOS DE GOMA EXTREME ACIDO ROLLO X 35G|1.00|unidad| |1200.00|1200.00|1|unidad||||
3|1|1450|7790580603809|1|MOGUL CARAMELOS DE GOMA FRUTALES ROLLO X 35G|1.00|unidad| |1200.00|1200.00|1|unidad||||
3|1|1450|7790580199913|1|MOGUL CARAMELOS DE GOMA OSITOS X 30 GR|1.00|unidad| |1200.00|1200.00|1|unidad||||
3|1|1450|7790580200114|1|MOGUL CARAMELOS DE GOMA TIBURON X 30G|1.00|unidad| |1200.00|1200.00|1|unidad||||
3|1|1450|7798422620014|1|MONSTER ENERGY GREEN X 473CC|1.00|unidad| |5200.00|5200.00|1|unidad||||
3|1|1450|7798422620045|1|MONSTER MANGO LOCO 473|1.00|unidad| |5200.00|5200.00|1|unidad||||
3|1|1450|7798422620021|1|MONSTER ULTRA x 473 CC|1.00|unidad| |5200.00|5200.00|1|unidad||||
3|1|1450|1111111111142|1|MUFFIN CHIPS CHOC X UN|1.00|unidad| |3900.00|3900.00|1|unidad||||
3|1|1450|1111111111145|1|MUFFIN VAINILLA C/DDL X UN|1.00|unidad| |3900.00|3900.00|1|unidad||||
3|1|1450|7798304841261|1|NESQUIK NUTRIACTIV B HEL.CHOCOLATE CON CALCIN-N|1.00|unidad| |1800.00|1800.00|1|unidad||||
3|1|1450|7622210723468|1|OREO GALLETITAS BAÑADAS CHOCOLATE x17gr|1.00|unidad| |200.00|200.00|1|unidad||||
3|1|1450|7899975800523|1|Oreo Palito AR 20 x 65g|1.00|unidad| |6500.00|6500.00|1|unidad||||
3|1|1450|7899975800509|1|OREO SANDWICH AR 81GR|1.00|unidad| |6500.00|6500.00|1|unidad||||
3|1|1450|7798304841124|1|OREO TACITA X 95G|1.00|unidad| |6500.00|6500.00|1|unidad||||
3|1|1450|0000000024088|0|PAN DE CHOCOLATE X UN|1.00|unidad| |3900.00|3900.00|1|unidad||||
3|1|1450|7798024766110|1|PANINI GRIGLIATTI DE PECETO X 210G|1.00|unidad| |6650.00|6650.00|1|unidad||||
3|1|1450|7791007000764|1|PAÑUELOS DESCARTABLES CAJA X 75 UNID|1.00|unidad| |3600.00|3600.00|1|unidad||||
3|1|1450|7791070003482|1|PAÑUELOS DESCARTABLES X UNID|1.00|unidad| |700.00|700.00|1|unidad||||
3|1|1450|7798024760781|1|PEBETE PECHUGA CRISPY X UN|1.00|unidad| |9200.00|9200.00|1|unidad||||
3|1|1450|7798024760361|1|PECHUGA GRILLE C/VEGETAL DEL HUERTO X UN|1.00|unidad| |11500.00|11500.00|1|unidad||||
3|1|1450|0000077915481|1|PEPITOS ALFAJOR TRIPLE DE CHOCOLATE X 57GR|1.00|unidad| |2800.00|2800.00|1|unidad||||
3|1|1450|7791813828365|1|PEPSI BLACK PET X 500CC|1.00|unidad| |3100.00|3100.00|1|unidad||||
3|1|1450|1111111111200|1|PICO DULCE CHUPETIN X 14 GR.|1.00|unidad| |500.00|500.00|1|unidad||||
3|1|1450|7790895641183|1|POWERADE FRUTAS TROPICALES PET X 500CC|1.00|unidad| |3300.00|3300.00|1|unidad||||
3|1|1450|7790895640018|1|POWERADE MANZANA PET X 500CC|1.00|unidad| |3300.00|3300.00|1|unidad||||
3|1|1450|7790895640025|1|POWERADE MOUNTAIN BLAST PET X 500CC|1.00|unidad| |3300.00|3300.00|1|unidad||||
3|1|1450|7791519200021|1|PRIME PRESERVATIVO ANATOMICO CAJA X 3 UNID.|1.00|unidad| |6000.00|6000.00|1|unidad||||
3|1|1450|7791519200076|1|PRIME PRESERVATIVO ESPERMICIDA CAJA X 3 UNID.|1.00|unidad| |6000.00|6000.00|1|unidad||||
3|1|1450|7791519000676|1|PRIME PRESERVATIVO EXTRA LUBRICADO CAJA X 3 UNID.|1.00|unidad| |6000.00|6000.00|1|unidad||||
3|1|1450|7791519200045|1|PRIME PRESERVATIVO SUPERFINO CAJA X 3 UNID.|1.00|unidad| |6000.00|6000.00|1|unidad||||
3|1|1450|7791519200090|1|PRIME PRESERVATIVO TACHAS CAJA X 3 UNID.|1.00|unidad| |6000.00|6000.00|1|unidad||||
3|1|1450|7791519200069|1|PRIME PRESERVATIVO TEXTURADO CAJA X 3 UNID.|1.00|unidad| |6000.00|6000.00|1|unidad||||
3|1|1450|7790742167101|1|Queso Finlandia Chef Cheddar 150gr PAQUETE INSUMO|1.00|unidad| |0.01|0.01|1|unidad||||
3|1|1450|0045011111111|1|RED BULL ENERGY DRINK LATA X 250 CC|1.00|unidad| |5000.00|5000.00|1|unidad||||
3|1|1450|0000090435225|1|RED BULL ENERGY DRINK LATA X 355 CC|1.00|unidad| |6200.00|6200.00|1|unidad||||
3|1|1450|9002490232054|1|RED BULL ENERGY DRINK SUGAR FREE LATA X 250CC|1.00|unidad| |5000.00|5000.00|1|unidad||||
3|1|1450|7790580327415|1|ROCKLETS CONFITES DE CHOCOLATE PAQ. X 40 GR|1.00|unidad| |2800.00|2800.00|1|unidad||||
3|1|1450|7790580327613|1|ROCKLETS NARANJA MANI C/CHOCOLATE CONFITADO X 40G|1.00|unidad| |2800.00|2800.00|1|unidad||||
3|1|1450|7798024760507|1|ROLL CHICKEN CAESAR X 210GR|1.00|unidad| |9600.00|9600.00|1|unidad||||
3|1|1450|0000000023605|0|SACRAMENTO MEMBRILLO X UN|1.00|unidad| |1500.00|1500.00|1|unidad||||
3|1|1450|7790580716806|1|SALADIX GALLETITAS SAB. CALABRESA CAJA X 100G|1.00|unidad| |2900.00|2900.00|1|unidad||||
3|1|1450|7790580716707|1|SALADIX GALLETITAS SAB. JAMON CAJA X 100G|1.00|unidad| |2900.00|2900.00|1|unidad||||
3|1|1450|7790580697303|1|SALADIX GALLETITAS SAB. PIZZA CAJA X 100G|1.00|unidad| |2900.00|2900.00|1|unidad||||
3|1|1450|7790040374607|1|SALADIX GALLETITAS SAB.DUO CAJA X 80G|1.00|unidad| |2900.00|2900.00|1|unidad||||
3|1|1450|7790040123434|1|SALADIX GALLETITAS SAB.KESITOS X80G|1.00|unidad| |2500.00|2500.00|1|unidad||||
3|1|1450|0000077956699|1|SHOT ALFAJOR TRISHOT TRIPLE X 60G|1.00|unidad| |2800.00|2800.00|1|unidad||||
3|1|1450|7622300424084|1|SHOT CHOCOLATE CON LECHE Y MANI TABLETA X 170 GR|1.00|unidad| |11900.00|11900.00|1|unidad||||
3|1|1450|0000077914217|1|SHOT CHOCOLATE LECHE CON MANI TABLETA X 35G|1.00|unidad| |2900.00|2900.00|1|unidad||||
3|1|1450|7798304841803|1|SIN PARAR CHOCOLATE DULCE DE LECHE X 90G|1.00|unidad| |2900.00|2900.00|1|unidad||||
3|1|1450|7798304841797|1|SIN PARAR DULCE DE LECHE Y AMERICANA X 90G|1.00|unidad| |2900.00|2900.00|1|unidad||||
3|1|1450|7798304841780|1|SIN PARAR FRUTILLA CREMA X 90G|1.00|unidad| |2900.00|2900.00|1|unidad||||
3|1|1450|0022000018465|1|SKITTLES CONFITES ORIGINAL FRUIT PAQ.X 61.5GR|1.00|unidad| |4500.00|4500.00|1|unidad||||
3|1|1450|0022000018489|1|SKITTLES CONFITES WILDBERRY PAQ.X 61.5GR|1.00|unidad| |4500.00|4500.00|1|unidad||||
3|1|1450|7790895646027|1|SMART WATER C/G 591 ML|1.00|unidad| |3300.00|3300.00|1|unidad||||
3|1|1450|7790895645778|1|SMART WATER S/G 591 ML|1.00|unidad| |3300.00|3300.00|1|unidad||||
3|1|1450|7506174512248|1|SNICKERS BARRA RELL.MANI CUB.C/CHOCOLATE X 48 GR|1.00|unidad| |4500.00|4500.00|1|unidad||||
3|1|1450|0522111111111|1|SPEED UNLIMITED LATA X 250CC|1.00|unidad| |3800.00|3800.00|1|unidad||||
3|1|1450|0040000000518|1|STARBURST CARAMELO MASTICABLE SURTIDO PAQ.X 58.7G|1.00|unidad| |4900.00|4900.00|1|unidad||||
3|1|1450|7790580060206|1|SUGUS CARAMELO MASTICABLE SUELTO X 3.3 GR|1.00|unidad| |50.00|50.00|1|unidad||||
3|1|1450|7790580056001|1|SUGUS CONFITADOS CONFITES DE CARAMELO SURT.X 50 G|1.00|unidad| |2000.00|2000.00|1|unidad||||
3|1|1450|7790387000849|1|TARAGUI MATE COCIDO X 25 UNID S ENS|1.00|unidad| |130.00|130.00|1|unidad||||
3|1|1450|0029601111111|1|TARAGUI MATE LISTO X 35 GR.|1.00|unidad| |3900.00|3900.00|1|unidad||||
3|1|1450|0029621111111|1|TARAGUI TERMO MATE-LISTO CAPACIDAD 500 CC.|1.00|unidad| |5800.00|5800.00|1|unidad||||
3|1|1450|7790387013627|1|TARAGUI YERBA 4FLEX X 500 GR.|1.00|unidad| |4400.00|4400.00|1|unidad||||
3|1|1450|0000077939234|1|TERRABUSI ALFAJOR CHOCOLATE X 50 GR|1.00|unidad| |1900.00|1900.00|1|unidad||||
3|1|1450|0000077903792|1|TERRABUSI ALFAJOR TRIPLE CHOCOLATE X 70G.|1.00|unidad| |2800.00|2800.00|1|unidad||||
3|1|1450|0000077903860|1|TERRABUSI ALFAJOR TRIPLE TIPO TORTA CHOCOLAT.X 70G|1.00|unidad| |2800.00|2800.00|1|unidad||||
3|1|1450|7622300335052|1|TERRABUSI SNACKY X 60GR|1.00|unidad| |4400.00|4400.00|1|unidad||||
3|1|1450|7861002910314|1|TIC TAC PASTILLAS SABOR MENTA CAJA X 16 GR.|1.00|unidad| |1500.00|1500.00|1|unidad||||
3|1|1450|7861002910321|1|TIC TAC PASTILLAS SABOR NARANJA CAJA X 16 GR.|1.00|unidad| |1500.00|1500.00|1|unidad||||
3|1|1450|7790580746612|1|TOFI CHOCOLATE C/LECHE RELLENO D.LECHE X 55G|1.00|unidad| |400.00|400.00|1|unidad||||
3|1|1450|7798024760354|1|TOP PBT DE JAMON COCIDO Y QUESO X UN|1.00|unidad| |8200.00|8200.00|1|unidad||||
3|1|1450|0000000019823|0|TOPLINE 7 CHICLE S/AZUCAR ATM STRONG X 14G|1.00|unidad| |1900.00|1900.00|1|unidad||||
3|1|1450|0000000018843|0|TOPLINE 7 CHICLE S/AZUCAR MANDARINA  CAJA X 14G|1.00|unidad| |1900.00|1900.00|1|unidad||||
3|1|1450|7790580120573|1|TOPLINE 7 ULTRA CLEAN X 24G|1.00|unidad| |3300.00|3300.00|1|unidad||||
3|1|1450|7790580120702|1|TOPLINE 7 ULTRA GREEN MINT X 24G|1.00|unidad| |3300.00|3300.00|1|unidad||||
3|1|1450|7790580121013|1|TOPLINE 7 ULTRA RED BERRY X 24G|1.00|unidad| |3300.00|3300.00|1|unidad||||
3|1|1450|7798304841421|1|TORPEDO FRUTILLA|1.00|unidad| |2000.00|2000.00|1|unidad||||
3|1|1450|7798304841414|1|TORPEDO LIMON|1.00|unidad| |2000.00|2000.00|1|unidad||||
3|1|1450|7798024760460|1|TRIPLE MIGA BLANCO J.COCIDO Y QUESO X 3 UN|1.00|unidad| |8700.00|8700.00|1|unidad||||
3|1|1450|7798024760477|1|TRIPLE MIGA NEGRO J.COCIDO Y QUESO X 3 UN|1.00|unidad| |8700.00|8700.00|1|unidad||||
3|1|1450|7622202839962|1|VARIEDAD GALLETITAS DULCES SURTIDAS X 390GR.|1.00|unidad|VARIEDAD|5500.00|5500.00|1|unidad||||
3|1|1450|0016871111111|1|VASO REUTILIZABLE|1.00|unidad| |4000.00|4000.00|1|unidad||||
3|1|1450|0000000004361|0|VAUQUITA TABLETA DE DULCE DE LECHE X 25 GR.|1.00|unidad| |180.00|180.00|1|unidad||||
3|1|1450|7790315100184|1|VDS LEVITE CERO AGUA S/G MANZANA PET X 500cc|1.00|unidad| |3100.00|3100.00|1|unidad||||
3|1|1450|0021352111111|1|VDS LEVITE CERO AGUA S/G NARANJA PET X 500cc|1.00|unidad| |3100.00|3100.00|1|unidad||||
3|1|1450|0021347111111|1|VILLA DEL SUR LEVITE S/G MANZANA PET X 500cc|1.00|unidad| |3100.00|3100.00|1|unidad||||
3|1|1450|7798062548655|1|VILLA DEL SUR LEVITE S/G NARANJA PET X 500cc|1.00|unidad| |3100.00|3100.00|1|unidad||||
3|1|1450|0021349111111|1|VILLA DEL SUR LEVITE S/G PERA PET X 500cc|1.00|unidad| |3100.00|3100.00|1|unidad||||
3|1|1450|7799155000982|1|VILLA DEL SUR LEVITE S/G POMELO PET X 500cc|1.00|unidad| |3100.00|3100.00|1|unidad||||
3|1|1450|7799155000210|1|VILLAVICENCIO AGUA FINAMENTE GASIFICADA PET X 1.5L|1.00|unidad| |4800.00|4800.00|1|unidad||||
3|1|1450|7799155000203|1|VILLAVICENCIO AGUA FINAMENTE GASIFICADA PET X 500C|1.00|unidad| |3300.00|3300.00|1|unidad||||
3|1|1450|0022000293220|1|Wrigleys Doubl 12.5g|1.00|unidad| |2500.00|2500.00|1|unidad||||
3|1|1450|0022000293305|1|Wrigleys Spear 12.5g|1.00|unidad| |2500.00|2500.00|1|unidad||||
3|1|1450|7791337010826|1|Yogurisimo Botellita Frutilla x 190g|1.00|unidad| |5500.00|5500.00|1|unidad||||
3|1|1450|7798187760246|1|ZAFRAN BARRA DE CEREAL ALM/COCO X 28G|1.00|unidad| |1800.00|1800.00|1|unidad||||
3|1|1450|7798187760277|1|ZAFRAN BARRA DE CEREAL CAJU/ZAPALLO 28G|1.00|unidad| |1800.00|1800.00|1|unidad||||
3|1|1450|7798187760253|1|ZAFRAN BARRA DE CEREAL MANI/CACAO 28G|1.00|unidad| |1800.00|1800.00|1|unidad||||
3|1|1450|7798187760260|1|ZAFRAN BARRA DE CEREAL MZNA/CHIA 28G|1.00|unidad| |1800.00|1800.00|1|unidad||||
3|1|1469|7791813434412|1|7UP FREE PET X 1.5L|1.00|unidad| |5200.00|5200.00|1|unidad||||
3|1|1469|0000000023897|0|AFEITADORA BIC COMFORT  3|1.00|unidad| |820.00|820.00|1|unidad||||
3|1|1469|7790580109882|1|AGUILA EXTRAFINO 60% CACAO X 150 GR|1.00|unidad| |16100.00|16100.00|1|unidad||||
3|1|1469|7790040133594|1|AGUILA MINITORTA BROWNIE X 72G|1.00|unidad| |3100.00|3100.00|1|unidad||||
3|1|1469|7790040298705|1|AGUILA MINITORTA DDLECHE/MOUSSE SAB.VAINILLA X 72G|1.00|unidad| |3100.00|3100.00|1|unidad||||
3|1|1469|0000000023956|0|ALFAJOR CHOCOLATE|1.00|unidad| |2350.00|2350.00|1|unidad||||
3|1|1469|0000000023280|0|ALFAJORES DE MAICENA|1.00|unidad| |2350.00|2350.00|1|unidad||||
3|1|1469|7790580607418|1|ARCOR CHOCOLATE BLANCO TABLETA X 25 GR|1.00|unidad| |2500.00|2500.00|1|unidad||||
3|1|1469|7790580607210|1|ARCOR CHOCOLATE CON LECHE TABLETA X 25GR|1.00|unidad| |2500.00|2500.00|1|unidad||||
3|1|1469|0000000001339|0|ARCOR OBLEA RELLENA C/PASTA DE TURRON Y MANI X 25G|1.00|unidad| |700.00|700.00|1|unidad||||
3|1|1469|7793360294600|1|BC JUGO MANZANA TETRA X 200CC|1.00|unidad| |1300.00|1300.00|1|unidad||||
3|1|1469|7793360246609|1|BC JUGO NARANJA TETRA X 200CC.|1.00|unidad| |1300.00|1300.00|1|unidad||||
3|1|1469|7790580154264|1|BEB MULTIFRUTA BC 24X200ML|1.00|unidad| |1300.00|1300.00|1|unidad||||
3|1|1469|7792730020559|1|BIZNIKKE NEVADO CHOCOLATE TABLETA X 120 GR.|1.00|unidad| |9200.00|9200.00|1|unidad||||
3|1|1469|7790580722708|1|BOMBON TOFI LECHE X 15G|1.00|unidad| |2100.00|2100.00|1|unidad||||
3|1|1469|7790040613607|1|Bon O Bon Alfajor Chocolate Blanco x40 gr|1.00|unidad| |2100.00|2100.00|1|unidad||||
3|1|1469|7790040613706|1|BON O BON ALFAJOR CHOCOLATE NEGRO/LECHE X 40G|1.00|unidad| |2100.00|2100.00|1|unidad||||
3|1|1469|0000000021586|0|BON-O-BON BOMBON AGUILA X 15G|1.00|unidad| |1100.00|1100.00|1|unidad||||
3|1|1469|7790580119058|1|BON-O-BON BOMBON CHOCOLATE BLANCO X 15G|1.00|unidad| |1100.00|1100.00|1|unidad||||
3|1|1469|0000000021587|0|BON-O-BON BOMBON CHOCOLINA X 15G|1.00|unidad| |1100.00|1100.00|1|unidad||||
3|1|1469|7792360072409|1|BONAFIDE BOCADITO DDL X 16G|1.00|unidad| |1800.00|1800.00|1|unidad||||
3|1|1469|0000000021151|0|BROWNIE ARTESANAL|1.00|unidad| |5850.00|5850.00|1|unidad||||
3|1|1469|0000000023273|0|BUDIN BANANA Y DDL|1.00|unidad| |5300.00|5300.00|1|unidad||||
3|1|1469|0000000021701|0|BUDIN DE FRUTOS SECOS|1.00|unidad| |5300.00|5300.00|1|unidad||||
3|1|1469|0000000021700|0|BUDIN DE LIMON Y ARANDANOS|1.00|unidad| |5300.00|5300.00|1|unidad||||
3|1|1469|7790407022011|1|CABSHA BOCADITO X 10G|1.00|unidad| |1000.00|1000.00|1|unidad||||
3|1|1469|7798128000271|1|CACHAFAZ ALFAJOR MOUSSE X 50G|1.00|unidad| |3400.00|3400.00|1|unidad||||
3|1|1469|7622201818739|1|CADBURY CHOCOLATE C/LECHE TRES SUEÑOS X 82G|1.00|unidad| |8200.00|8200.00|1|unidad||||
3|1|1469|7622201818654|1|CADBURY CHOCOLATE RELLENO YOGHURT FRUTILLA X 29G|1.00|unidad| |3500.00|3500.00|1|unidad||||
3|1|1469|7622202271250|1|Caram. Halls 12u Strong Nvo|1.00|unidad| |1350.00|1350.00|1|unidad||||
3|1|1469|7622202247286|1|Caram. Halls Cherry Nvo 28 Grs|1.00|unidad| |1350.00|1350.00|1|unidad||||
3|1|1469|7790895649301|1|CEPITA 20% NARANJA 200ML|1.00|unidad| |2200.00|2200.00|1|unidad||||
3|1|1469|7790895009853|1|CEPITA JUGO MANZANA BOTELLA X 1L|1.00|unidad| |6100.00|6100.00|1|unidad||||
3|1|1469|7790895000720|1|CEPITA JUGO MANZANA TETRA X 200CC.|1.00|unidad| |2200.00|2200.00|1|unidad||||
3|1|1469|7790895647017|1|CEPITA JUGO MANZANA ZINC TETRA X 1 LT.|1.00|unidad| |4450.00|4450.00|1|unidad||||
3|1|1469|7790895000737|1|CEPITA JUGO MULTIFRUTA TETRA X 200CC|1.00|unidad| |2200.00|2200.00|1|unidad||||
3|1|1469|7790895647123|1|CEPITA JUGO MULTIFRUTA ZINC TETRA X 1 LT.|1.00|unidad| |4450.00|4450.00|1|unidad||||
3|1|1469|7790895648267|1|CEPITA NARANJA 20% 1L|1.00|unidad| |4450.00|4450.00|1|unidad||||
3|1|1469|7790895009815|1|CEPITA NARANJA 995CC|1.00|unidad| |6100.00|6100.00|1|unidad||||
3|1|1469|0000000022630|0|CEREAL MIX BARRA DE CEREAL C/FRUTILLA&YOGHURT X26G|1.00|unidad| |2000.00|2000.00|1|unidad||||
3|1|1469|0000000001341|0|CEREAL MIX BARRA DE CEREAL X 23G|1.00|unidad| |2000.00|2000.00|1|unidad||||
3|1|1469|0000000022631|0|CEREAL MIX BARRA DE CEREAL YOGH/FRUTIL.L.X26g|1.00|unidad| |2000.00|2000.00|1|unidad||||
3|1|1469|7790580123345|1|CH. TL7 MENTHOL 20X16X14G|1.00|unidad| |2300.00|2300.00|1|unidad||||
3|1|1469|0000000019822|0|CH. TL7 VIBR. STRAW. 20X16X14G|1.00|unidad| |2300.00|2300.00|1|unidad||||
3|1|1469|7790580104252|1|CH. TL7 VIOL. CHERRY 20X16X14G|1.00|unidad| |2300.00|2300.00|1|unidad||||
3|1|1469|7790580317607|1|CH. TL7 XPLOS. MINT 20X16X14G|1.00|unidad| |2300.00|2300.00|1|unidad||||
3|1|1469|8445290701961|1|Choc Bananita Dolca 30 grs|1.00|unidad| |2400.00|2400.00|1|unidad||||
3|1|1469|8445290701596|1|Choc. Bananita Dolca 14grs|1.00|unidad| |1400.00|1400.00|1|unidad||||
3|1|1469|7622202328947|1|Choc. Milka 55g Leche NVO|1.00|unidad| |6400.00|6400.00|1|unidad||||
3|1|1469|7790070418296|1|Chocoarroz Blanco est. 22g|1.00|unidad| |2000.00|2000.00|1|unidad||||
3|1|1469|7790070418203|1|Chocoarroz DL 22 gr|1.00|unidad| |2000.00|2000.00|1|unidad||||
3|1|1469|7790580103521|1|CHOCOLATE LECHE CON CONFITES COFLER X 55 G|1.00|unidad| |6200.00|6200.00|1|unidad||||
3|1|1469|7798304840851|1|CHOMPAlmedC/SsaDDL6x180g|1.00|unidad| |10700.00|10700.00|1|unidad||||
3|1|1469|7798130953640|1|CHUPETIN COCO POP X 17 G|1.00|unidad| |3600.00|3600.00|1|unidad||||
3|1|1469|7798130954777|1|CHUPETIN EMOTI POP 11GR|1.00|unidad| |3600.00|3600.00|1|unidad||||
3|1|1469|0000000023604|0|CIRCULAR MEMBRILLO X UN|1.00|unidad| |1700.00|1700.00|1|unidad||||
3|1|1469|7798085680516|1|CITRIC JUGO NARANJA MANGO TETRA X 500CC|1.00|unidad| |3850.00|3850.00|1|unidad||||
3|1|1469|7798085681834|1|CITRIC JUGO NARANJA TETRA X 1L|1.00|unidad| |5750.00|5750.00|1|unidad||||
3|1|1469|7798085681445|1|CITRIC JUGO NARANJA TETRA X 250CC|1.00|unidad| |2200.00|2200.00|1|unidad||||
3|1|1469|7798085681452|1|CITRIC JUGO NARANJA TETRA X 500CC|1.00|unidad| |3850.00|3850.00|1|unidad||||
3|1|1469|7798085680295|1|CITRIC JUGO NARANJA/ DURAZNO TETRA X 500CC|1.00|unidad| |3850.00|3850.00|1|unidad||||
3|1|1469|7790895000997|1|COCA-COLA X 2.25L|1.00|unidad| |8950.00|8950.00|1|unidad||||
3|1|1469|7790040659605|1|COFLER BLOCK ALFAJOR CHOCOLATE X 60 G|1.00|unidad| |3100.00|3100.00|1|unidad||||
3|1|1469|0000000018365|0|COFLER BLOCK CHOCOLATE C/LECHE Y MANI TAB.X 110GR|1.00|unidad| |8300.00|8300.00|1|unidad||||
3|1|1469|0000000015301|0|COFLER BLOCK CHOCOLATE C/LECHE Y MANI TAB.X 38GR|1.00|unidad| |3400.00|3400.00|1|unidad||||
3|1|1469|7790580105013|1|COFLER BLOCK CHOCOLATE X 170G|1.00|unidad| |14000.00|14000.00|1|unidad||||
3|1|1469|7790580115579|1|COFLER BLOCK CHOCOLATE X 1KG|1.00|unidad| |66200.00|66200.00|1|unidad||||
3|1|1469|7790580103385|1|COFLER CHOCOLATE AIREADO BCO/LECHE X 27 GR.|1.00|unidad| |3600.00|3600.00|1|unidad||||
3|1|1469|7790580103378|1|COFLER CHOCOLATE AIREADO BLANCO X 27 GR.|1.00|unidad| |3600.00|3600.00|1|unidad||||
3|1|1469|7790580115869|1|COFLER CHOCOLATE AIREADO BON O BON X 67G|1.00|unidad| |7000.00|7000.00|1|unidad||||
3|1|1469|7790580103361|1|COFLER CHOCOLATE AIREADO LECHE X 27 GR.|1.00|unidad| |3600.00|3600.00|1|unidad||||
3|1|1469|7790580043407|1|COFLER CHOCOLATE AIREADO LECHE X 55G|1.00|unidad| |7100.00|7100.00|1|unidad||||
3|1|1469|7790580003531|1|COFLER CHOCOLATE BCO&COOK X 55G|1.00|unidad| |6200.00|6200.00|1|unidad||||
3|1|1469|7790580043506|1|COFLER CHOCOLATE LECHE CON ALMENDRAS X 55G|1.00|unidad| |6200.00|6200.00|1|unidad||||
3|1|1469|0000000024109|0|CRIOLLITO X UN|1.00|unidad| |1700.00|1700.00|1|unidad||||
3|1|1469|0000000023957|0|CROISSANT J Y Q|1.00|unidad| |6400.00|6400.00|1|unidad||||
3|1|1469|7798024760798|1|CROQUE MONSIEUR J Y Q BLANCO X UN|1.00|unidad| |10100.00|10100.00|1|unidad||||
3|1|1469|7798024760804|1|CROQUE MONSIEUR J Y Q NEGRO X UN|1.00|unidad| |10100.00|10100.00|1|unidad||||
3|1|1469|0000000020568|0|CUADRADO DE PASTA FROLA|1.00|unidad| |5300.00|5300.00|1|unidad||||
3|1|1469|7795735000106|1|DON SATUR TALITAS X 140GR|1.00|unidad| |2800.00|2800.00|1|unidad||||
3|1|1469|7790206007509|1|DOS CORAZONES BOCADITO CHOC.C/LECHE RELL. X 26GR|1.00|unidad| |2200.00|2200.00|1|unidad||||
3|1|1469|7792799000035|1|ECO DE LOS ANDES AGUA CON GAS PET X 500CC.|1.00|unidad| |3300.00|3300.00|1|unidad||||
3|1|1469|7798128000486|1|EL CACHAFAZ ALFAJOR BLANCO FLOWPACK X 60 GR|1.00|unidad| |3300.00|3300.00|1|unidad||||
3|1|1469|7798128000462|1|EL CACHAFAZ ALFAJOR CHOCOLATE FLOWPACK X 60 GR|1.00|unidad| |3200.00|3200.00|1|unidad||||
3|1|1469|7798128001940|1|EL CACHAFAZ ALFAJOR DE MAICENA X 76G|1.00|unidad| |3300.00|3300.00|1|unidad||||
3|1|1469|7798128001797|1|EL CACHAFAZ CONITO DULCE DE LECHE X 38G|1.00|unidad| |2700.00|2700.00|1|unidad||||
3|1|1469|7798024760569|1|ENSALADA CESAR  PREMIUM X UN|1.00|unidad| |14300.00|14300.00|1|unidad||||
3|1|1469|7798024760392|1|ENSALADA CHEF PREMIUM X UN|1.00|unidad| |14300.00|14300.00|1|unidad||||
3|1|1469|7798024766417|1|ENSALADA MIX VEG.C/PECHUGUITAS AL SESAMO X UN|1.00|unidad| |14300.00|14300.00|1|unidad||||
3|1|1469|7613035242524|1|EPA DDL MAX 88GR|1.00|unidad| |6800.00|6800.00|1|unidad||||
3|1|1469|7613035242500|1|EPA ROCKER X 88G|1.00|unidad| |6800.00|6800.00|1|unidad||||
3|1|1469|7898024390121|1|FERRERO ROCHER BOMBON CHOC.RELL.PAQ.3 UNID X 37.5G|1.00|unidad| |5600.00|5600.00|1|unidad||||
3|1|1469|7798024760255|1|FIGAZZITAS DE SALAME Y QUESO X 2 UN|1.00|unidad| |9100.00|9100.00|1|unidad||||
3|1|1469|7798147780062|1|Franui sabor Black 150gr|1.00|unidad| |8500.00|8500.00|1|unidad||||
3|1|1469|7798147783223|1|Franui sabor Leche 150gr|1.00|unidad| |8500.00|8500.00|1|unidad||||
3|1|1469|7790070431936|1|Gallo YoguBar 20gr|1.00|unidad| |1800.00|1800.00|1|unidad||||
3|1|1469|0067061111111|1|GATORADE COOL BLUE PET X 500CC|1.00|unidad| |4300.00|4300.00|1|unidad||||
3|1|1469|0071971211111|1|GATORADE FRUTOS TROPICALES PET X 750CC|1.00|unidad| |5200.00|5200.00|1|unidad||||
3|1|1469|0066011111111|1|GATORADE MANZANA PET X 500CC|1.00|unidad| |4300.00|4300.00|1|unidad||||
3|1|1469|0042831111111|1|GATORADE MANZANA PET X 750CC|1.00|unidad| |5100.00|5100.00|1|unidad||||
3|1|1469|0006602111111|1|GATORADE NARANJA PET X 500CC|1.00|unidad| |4300.00|4300.00|1|unidad||||
3|1|1469|7798024766103|1|GRANDWICH PANINI GRIGLIATTI JAM/QUE/TOM/HUE X 210G|1.00|unidad| |7350.00|7350.00|1|unidad||||
3|1|1469|0000000023445|0|HALLS FREE MENTA X 28 G|1.00|unidad| |1500.00|1500.00|1|unidad||||
3|1|1469|7791249450277|1|HALLS MENTA LYPTUS CARAMELOS DUROS PAQ.X 28G|1.00|unidad| |1300.00|1300.00|1|unidad||||
3|1|1469|0000000023603|0|ICEDREAM CIRCULAR PASTELERA X UN|1.00|unidad| |1700.00|1700.00|1|unidad||||
3|1|1469|0028411111111|1|JORGITO ALFAJOR BLANCO X 50G|1.00|unidad| |1800.00|1800.00|1|unidad||||
3|1|1469|0011111112842|1|JORGITO ALFAJOR CHOCOLATE X 55G|1.00|unidad| |1800.00|1800.00|1|unidad||||
3|1|1469|7790957000545|1|JORGITO MINI ALFAJOR CHOCOLATE PAQ.X 6 UNID.|1.00|unidad| |4900.00|4900.00|1|unidad||||
3|1|1469|7790957000538|1|JORGITO MINI ALFAJOR GLACEADO PAQ.X 6 UNID.X 155GR|1.00|unidad| |4900.00|4900.00|1|unidad||||
3|1|1469|0000080052760|1|KINDER BUENO OBLEA CHOCOLATE CON LECHE X 43G|1.00|unidad| |4900.00|4900.00|1|unidad||||
3|1|1469|0000077949677|1|KINDER CHOCOLATE X 50G|1.00|unidad| |5700.00|5700.00|1|unidad||||
3|1|1469|7891000379073|1|KIT KAT DARK OBLEA BAÑADA CHOCOLATE X 41.5G|1.00|unidad| |3000.00|3000.00|1|unidad||||
3|1|1469|7891000379028|1|KIT KAT OBLEA BAÑADA CHOCOLATE BLANCO X 41.5G|1.00|unidad| |3000.00|3000.00|1|unidad||||
3|1|1469|7791337007260|1|Leche chocolatada Cindor 200ml|1.00|unidad| |3800.00|3800.00|1|unidad||||
3|1|1469|7791337007253|1|Leche chocolatada Cindor x 1L|1.00|unidad| |11500.00|11500.00|1|unidad||||
3|1|1469|7798368470391|1|LUCCIANO´S CHANTILLY X 100GR (02)|1.00|unidad| |7400.00|7400.00|1|unidad||||
3|1|1469|7798368470384|1|LUCCIANO´S CHOCOLATE C/CROCANTE X 100GR (01)|1.00|unidad| |7400.00|7400.00|1|unidad||||
3|1|1469|7798368470421|1|LUCCIANO´S CHOCOLATE X 90GR (05)|1.00|unidad| |7400.00|7400.00|1|unidad||||
3|1|1469|7798368470438|1|LUCCIANO´S DDL C/ CROCANTE X 90GR (06)|1.00|unidad| |7400.00|7400.00|1|unidad||||
3|1|1469|0000000024240|0|LUCCIANO´S DDL X 90GR (03)|1.00|unidad| |6000.00|6000.00|1|unidad||||
3|1|1469|7798368470476|1|LUCCIANO´S MINION ICE POP X 100GR (10)|1.00|unidad| |7900.00|7900.00|1|unidad||||
3|1|1469|7798368470469|1|LUCCIANO´S OLI KING X 90GR (09)|1.00|unidad| |7800.00|7800.00|1|unidad||||
3|1|1469|7798368470735|1|LUCCIANO´S PISTACCHIO X 95GR (08)|1.00|unidad| |7800.00|7800.00|1|unidad||||
3|1|1469|7798368470414|1|LUCCIANO´S SORBETE PATAGONIA X 90GR (04)|1.00|unidad| |7400.00|7400.00|1|unidad||||
3|1|1469|7613034797469|1|LUXOR BOMBON HELADO 53G|1.00|unidad| |3100.00|3100.00|1|unidad||||
3|1|1469|7797453001441|1|M&M Chocolate 48 Grs|1.00|unidad| |5000.00|5000.00|1|unidad||||
3|1|1469|7797453001458|1|M&M MANI PAQ. X 49 GR|1.00|unidad| |5000.00|5000.00|1|unidad||||
3|1|1469|7790387015324|1|MAÑANITA YERBA 4FLEX X 500 GR|1.00|unidad| |4600.00|4600.00|1|unidad||||
3|1|1469|7790206006106|1|MARROC BOCADITO X 14 GR.|1.00|unidad| |1250.00|1250.00|1|unidad||||
3|1|1469|7798024760125|1|MAX PREMIUM JyQ-TOM-HUE- PAN NGO X UN|1.00|unidad| |10600.00|10600.00|1|unidad||||
3|1|1469|7798024766172|1|MAX PREMIUM POLLO-RU-PAR-PAN NGO X UN|1.00|unidad| |10600.00|10600.00|1|unidad||||
3|1|1469|7798024760552|1|MAX TRIANGULO LIGHT POLLO-LEC-PAN NGO X UN|1.00|unidad| |10600.00|10600.00|1|unidad||||
3|1|1469|0000000023602|0|MEDIALUNA DE GRASA X UN|1.00|unidad| |1700.00|1700.00|1|unidad||||
3|1|1469|0000000023601|0|MEDIALUNA DE MANTECA X UN|1.00|unidad| |1700.00|1700.00|1|unidad||||
3|1|1469|7891000120057|1|MEGA AMERICANA CON ALMENDRAS X 74g|1.00|unidad| |7600.00|7600.00|1|unidad||||
3|1|1469|0000000020546|0|MENTHO-PLUS ACIDOS CEREZA X 27.2G|1.00|unidad| |1900.00|1900.00|1|unidad||||
3|1|1469|0000000020540|0|MENTHO-PLUS ACIDOS NARANJA X 27.2G|1.00|unidad| |1900.00|1900.00|1|unidad||||
3|1|1469|0000000021660|0|MENTHO-PLUS CARAMELOS INHALANTES DE CEREZA X 29.4G|1.00|unidad| |1000.00|1000.00|1|unidad||||
3|1|1469|0000000021663|0|MENTHO-PLUS CARAMELOS INHALANTES MIEL X 29.4G|1.00|unidad| |1000.00|1000.00|1|unidad||||
3|1|1469|0000000021661|0|MENTHO-PLUS CARAMELOS INHALANTES STRONG X 29.4G|1.00|unidad| |1000.00|1000.00|1|unidad||||
3|1|1469|0000000017476|0|MENTHO-PLUS CARAMELOS SIN AZUCAR CHERRY X 27.3G|1.00|unidad| |1900.00|1900.00|1|unidad||||
3|1|1469|0000000017474|0|MENTHO-PLUS CARAMELOS SIN AZUCAR MENTOL X 27.3G|1.00|unidad| |1900.00|1900.00|1|unidad||||
3|1|1469|0000000021664|0|MENTHOPLUS MENTA X 29.4G|1.00|unidad| |1000.00|1000.00|1|unidad||||
3|1|1469|0000000021662|0|MENTHOPLUS MENTOL X 29.4G|1.00|unidad| |1000.00|1000.00|1|unidad||||
3|1|1469|0000000021044|0|MENTHOPLUS ZERO CARAMELOS DURAZNO X 26.6G|1.00|unidad| |1900.00|1900.00|1|unidad||||
3|1|1469|0000000021047|0|MENTHOPLUS ZERO CARAMELOS STRONG X 26.6G|1.00|unidad| |1900.00|1900.00|1|unidad||||
3|1|1469|7895144699851|1|MENTOS CARAMELOS MASTICABLES SAB.FRUTA X 29.7GR|1.00|unidad| |1300.00|1300.00|1|unidad||||
3|1|1469|7895144699844|1|MENTOS CARAMELOS MASTICABLES SAB.MENTA X 29.7GR|1.00|unidad| |1300.00|1300.00|1|unidad||||
3|1|1469|0000000021770|0|MERMELADAS X UNIDAD|1.00|unidad| |60.00|60.00|1|unidad||||
3|1|1469|0000077903785|1|MILKA ALFAJOR MOUSSE TRIPLE X 55 GR.|1.00|unidad| |3000.00|3000.00|1|unidad||||
3|1|1469|7622300457303|1|MILKA ALFAJOR TRIPLE BLANCO X 55G|1.00|unidad| |3000.00|3000.00|1|unidad||||
3|1|1469|7622300844967|1|MILKA CHOCOLATE BLANCO CON DULCE DE LECHE X 67.5G|1.00|unidad| |7200.00|7200.00|1|unidad||||
3|1|1469|7622300844943|1|MILKA CHOCOLATE C DULCE DE LECHE X 67.5G|1.00|unidad| |7400.00|7400.00|1|unidad||||
3|1|1469|0000000021565|0|MILKA CHOCOLATE C/LECHE ALMENDRAS|1.00|unidad| |3510.00|3510.00|1|unidad||||
3|1|1469|7622300990114|1|MILKA CHOCOLATE CON LECHE X 150G|1.00|unidad| |14100.00|14100.00|1|unidad||||
3|1|1469|7622201818937|1|MILKA LEGER CHOCOLATE LECHE TABLETA X 50G|1.00|unidad| |6100.00|6100.00|1|unidad||||
3|1|1469|7790580116958|1|MOGUL CARAMELO DE GOMA DINOS X 30G|1.00|unidad| |850.00|850.00|1|unidad||||
3|1|1469|7790580129507|1|MOGUL CARAMELOS DE GOMA ACIDOS BOLSA X 60G|1.00|unidad| |1400.00|1400.00|1|unidad||||
3|1|1469|7790580169312|1|MOGUL CARAMELOS DE GOMA CEREBRITOS X 30G|1.00|unidad| |1200.00|1200.00|1|unidad||||
3|1|1469|7790580116460|1|MOGUL CARAMELOS DE GOMA EXTREME ACIDO ROLLO X 35G|1.00|unidad| |1200.00|1200.00|1|unidad||||
3|1|1469|7790580603809|1|MOGUL CARAMELOS DE GOMA FRUTALES ROLLO X 35G|1.00|unidad| |1200.00|1200.00|1|unidad||||
3|1|1469|7790580199913|1|MOGUL CARAMELOS DE GOMA OSITOS X 30 GR|1.00|unidad| |1200.00|1200.00|1|unidad||||
3|1|1469|7790580200114|1|MOGUL CARAMELOS DE GOMA TIBURON X 30G|1.00|unidad| |1200.00|1200.00|1|unidad||||
3|1|1469|7798422620014|1|MONSTER ENERGY GREEN X 473CC|1.00|unidad| |5500.00|5500.00|1|unidad||||
3|1|1469|7798422620045|1|MONSTER MANGO LOCO 473|1.00|unidad| |5500.00|5500.00|1|unidad||||
3|1|1469|7798422620021|1|MONSTER ULTRA x 473 CC|1.00|unidad| |5500.00|5500.00|1|unidad||||
3|1|1469|1111111111142|1|MUFFIN CHIPS CHOC X UN|1.00|unidad| |4300.00|4300.00|1|unidad||||
3|1|1469|1111111111145|1|MUFFIN VAINILLA C/DDL X UN|1.00|unidad| |4300.00|4300.00|1|unidad||||
3|1|1469|7798304841261|1|NESQUIK NUTRIACTIV B HEL.CHOCOLATE CON CALCIN-N|1.00|unidad| |1900.00|1900.00|1|unidad||||
3|1|1469|7622210723468|1|OREO GALLETITAS BAÑADAS CHOCOLATE x17gr|1.00|unidad| |210.00|210.00|1|unidad||||
3|1|1469|7899975800523|1|Oreo Palito AR 20 x 65g|1.00|unidad| |6800.00|6800.00|1|unidad||||
3|1|1469|7899975800509|1|OREO SANDWICH AR 81GR|1.00|unidad| |6800.00|6800.00|1|unidad||||
3|1|1469|7798304841124|1|OREO TACITA X 95G|1.00|unidad| |6800.00|6800.00|1|unidad||||
3|1|1469|0000000024088|0|PAN DE CHOCOLATE X UN|1.00|unidad| |4300.00|4300.00|1|unidad||||
3|1|1469|7798024766110|1|PANINI GRIGLIATTI DE PECETO X 210G|1.00|unidad| |7350.00|7350.00|1|unidad||||
3|1|1469|7791007000764|1|PAÑUELOS DESCARTABLES CAJA X 75 UNID|1.00|unidad| |3600.00|3600.00|1|unidad||||
3|1|1469|7791070003482|1|PAÑUELOS DESCARTABLES X UNID|1.00|unidad| |700.00|700.00|1|unidad||||
3|1|1469|7798024760781|1|PEBETE PECHUGA CRISPY X UN|1.00|unidad| |10200.00|10200.00|1|unidad||||
3|1|1469|7798024760361|1|PECHUGA GRILLE C/VEGETAL DEL HUERTO X UN|1.00|unidad| |12700.00|12700.00|1|unidad||||
3|1|1469|0000077915481|1|PEPITOS ALFAJOR TRIPLE DE CHOCOLATE X 57GR|1.00|unidad| |3000.00|3000.00|1|unidad||||
3|1|1469|7791813828365|1|PEPSI BLACK PET X 500CC|1.00|unidad| |3450.00|3450.00|1|unidad||||
3|1|1469|1111111111200|1|PICO DULCE CHUPETIN X 14 GR.|1.00|unidad| |500.00|500.00|1|unidad||||
3|1|1469|7790895641183|1|POWERADE FRUTAS TROPICALES PET X 500CC|1.00|unidad| |3500.00|3500.00|1|unidad||||
3|1|1469|7790895640018|1|POWERADE MANZANA PET X 500CC|1.00|unidad| |3500.00|3500.00|1|unidad||||
3|1|1469|7790895640025|1|POWERADE MOUNTAIN BLAST PET X 500CC|1.00|unidad| |3500.00|3500.00|1|unidad||||
3|1|1469|7791519200021|1|PRIME PRESERVATIVO ANATOMICO CAJA X 3 UNID.|1.00|unidad| |6300.00|6300.00|1|unidad||||
3|1|1469|7791519200076|1|PRIME PRESERVATIVO ESPERMICIDA CAJA X 3 UNID.|1.00|unidad| |6300.00|6300.00|1|unidad||||
3|1|1469|7791519000676|1|PRIME PRESERVATIVO EXTRA LUBRICADO CAJA X 3 UNID.|1.00|unidad| |6300.00|6300.00|1|unidad||||
3|1|1469|7791519200045|1|PRIME PRESERVATIVO SUPERFINO CAJA X 3 UNID.|1.00|unidad| |6300.00|6300.00|1|unidad||||
3|1|1469|7791519200090|1|PRIME PRESERVATIVO TACHAS CAJA X 3 UNID.|1.00|unidad| |6300.00|6300.00|1|unidad||||
3|1|1469|7791519200069|1|PRIME PRESERVATIVO TEXTURADO CAJA X 3 UNID.|1.00|unidad| |6300.00|6300.00|1|unidad||||
3|1|1469|7790742167101|1|Queso Finlandia Chef Cheddar 150gr PAQUETE INSUMO|1.00|unidad| |685.00|685.00|1|unidad||||
3|1|1469|0045011111111|1|RED BULL ENERGY DRINK LATA X 250 CC|1.00|unidad| |5500.00|5500.00|1|unidad||||
3|1|1469|0000090435225|1|RED BULL ENERGY DRINK LATA X 355 CC|1.00|unidad| |6900.00|6900.00|1|unidad||||
3|1|1469|9002490232054|1|RED BULL ENERGY DRINK SUGAR FREE LATA X 250CC|1.00|unidad| |5500.00|5500.00|1|unidad||||
3|1|1469|7790580327415|1|ROCKLETS CONFITES DE CHOCOLATE PAQ. X 40 GR|1.00|unidad| |3100.00|3100.00|1|unidad||||
3|1|1469|7790580327613|1|ROCKLETS NARANJA MANI C/CHOCOLATE CONFITADO X 40G|1.00|unidad| |3100.00|3100.00|1|unidad||||
3|1|1469|7798024760507|1|ROLL CHICKEN CAESAR X 210GR|1.00|unidad| |10600.00|10600.00|1|unidad||||
3|1|1469|0000000023605|0|SACRAMENTO MEMBRILLO X UN|1.00|unidad| |1700.00|1700.00|1|unidad||||
3|1|1469|7790580716806|1|SALADIX GALLETITAS SAB. CALABRESA CAJA X 100G|1.00|unidad| |3200.00|3200.00|1|unidad||||
3|1|1469|7790580716707|1|SALADIX GALLETITAS SAB. JAMON CAJA X 100G|1.00|unidad| |3200.00|3200.00|1|unidad||||
3|1|1469|7790580697303|1|SALADIX GALLETITAS SAB. PIZZA CAJA X 100G|1.00|unidad| |3200.00|3200.00|1|unidad||||
3|1|1469|7790040374607|1|SALADIX GALLETITAS SAB.DUO CAJA X 80G|1.00|unidad| |3200.00|3200.00|1|unidad||||
3|1|1469|7790040123434|1|SALADIX GALLETITAS SAB.KESITOS X80G|1.00|unidad| |2700.00|2700.00|1|unidad||||
3|1|1469|0000077956699|1|SHOT ALFAJOR TRISHOT TRIPLE X 60G|1.00|unidad| |3000.00|3000.00|1|unidad||||
3|1|1469|7622300424084|1|SHOT CHOCOLATE CON LECHE Y MANI TABLETA X 170 GR|1.00|unidad| |12500.00|12500.00|1|unidad||||
3|1|1469|0000077914217|1|SHOT CHOCOLATE LECHE CON MANI TABLETA X 35G|1.00|unidad| |3000.00|3000.00|1|unidad||||
3|1|1469|7798304841803|1|SIN PARAR CHOCOLATE DULCE DE LECHE X 90G|1.00|unidad| |3000.00|3000.00|1|unidad||||
3|1|1469|7798304841797|1|SIN PARAR DULCE DE LECHE Y AMERICANA X 90G|1.00|unidad| |3000.00|3000.00|1|unidad||||
3|1|1469|7798304841780|1|SIN PARAR FRUTILLA CREMA X 90G|1.00|unidad| |3000.00|3000.00|1|unidad||||
3|1|1469|0022000018465|1|SKITTLES CONFITES ORIGINAL FRUIT PAQ.X 61.5GR|1.00|unidad| |4700.00|4700.00|1|unidad||||
3|1|1469|0022000018489|1|SKITTLES CONFITES WILDBERRY PAQ.X 61.5GR|1.00|unidad| |4700.00|4700.00|1|unidad||||
3|1|1469|7790895646027|1|SMART WATER C/G 591 ML|1.00|unidad| |3500.00|3500.00|1|unidad||||
3|1|1469|7790895645778|1|SMART WATER S/G 591 ML|1.00|unidad| |3500.00|3500.00|1|unidad||||
3|1|1469|7506174512248|1|SNICKERS BARRA RELL.MANI CUB.C/CHOCOLATE X 48 GR|1.00|unidad| |4700.00|4700.00|1|unidad||||
3|1|1469|0522111111111|1|SPEED UNLIMITED LATA X 250CC|1.00|unidad| |4200.00|4200.00|1|unidad||||
3|1|1469|0040000000518|1|STARBURST CARAMELO MASTICABLE SURTIDO PAQ.X 58.7G|1.00|unidad| |5100.00|5100.00|1|unidad||||
3|1|1469|7790580060206|1|SUGUS CARAMELO MASTICABLE SUELTO X 3.3 GR|1.00|unidad| |50.00|50.00|1|unidad||||
3|1|1469|7790580056001|1|SUGUS CONFITADOS CONFITES DE CARAMELO SURT.X 50 G|1.00|unidad| |2000.00|2000.00|1|unidad||||
3|1|1469|7790387000849|1|TARAGUI MATE COCIDO X 25 UNID S ENS|1.00|unidad| |135.00|135.00|1|unidad||||
3|1|1469|0029601111111|1|TARAGUI MATE LISTO X 35 GR.|1.00|unidad| |4000.00|4000.00|1|unidad||||
3|1|1469|0029621111111|1|TARAGUI TERMO MATE-LISTO CAPACIDAD 500 CC.|1.00|unidad| |5900.00|5900.00|1|unidad||||
3|1|1469|7790387013627|1|TARAGUI YERBA 4FLEX X 500 GR.|1.00|unidad| |4600.00|4600.00|1|unidad||||
3|1|1469|0000077939234|1|TERRABUSI ALFAJOR CHOCOLATE X 50 GR|1.00|unidad| |2000.00|2000.00|1|unidad||||
3|1|1469|0000077903792|1|TERRABUSI ALFAJOR TRIPLE CHOCOLATE X 70G.|1.00|unidad| |3000.00|3000.00|1|unidad||||
3|1|1469|0000077903860|1|TERRABUSI ALFAJOR TRIPLE TIPO TORTA CHOCOLAT.X 70G|1.00|unidad| |3000.00|3000.00|1|unidad||||
3|1|1469|7622300335052|1|TERRABUSI SNACKY X 60GR|1.00|unidad| |4600.00|4600.00|1|unidad||||
3|1|1469|7861002910314|1|TIC TAC PASTILLAS SABOR MENTA CAJA X 16 GR.|1.00|unidad| |1600.00|1600.00|1|unidad||||
3|1|1469|7861002910321|1|TIC TAC PASTILLAS SABOR NARANJA CAJA X 16 GR.|1.00|unidad| |1600.00|1600.00|1|unidad||||
3|1|1469|7790580746612|1|TOFI CHOCOLATE C/LECHE RELLENO D.LECHE X 55G|1.00|unidad| |420.00|420.00|1|unidad||||
3|1|1469|7798024760354|1|TOP PBT DE JAMON COCIDO Y QUESO X UN|1.00|unidad| |9100.00|9100.00|1|unidad||||
3|1|1469|0000000019823|0|TOPLINE 7 CHICLE S/AZUCAR ATM STRONG X 14G|1.00|unidad| |2300.00|2300.00|1|unidad||||
3|1|1469|0000000018843|0|TOPLINE 7 CHICLE S/AZUCAR MANDARINA  CAJA X 14G|1.00|unidad| |2300.00|2300.00|1|unidad||||
3|1|1469|7790580120573|1|TOPLINE 7 ULTRA CLEAN X 24G|1.00|unidad| |3600.00|3600.00|1|unidad||||
3|1|1469|7790580120702|1|TOPLINE 7 ULTRA GREEN MINT X 24G|1.00|unidad| |3600.00|3600.00|1|unidad||||
3|1|1469|7790580121013|1|TOPLINE 7 ULTRA RED BERRY X 24G|1.00|unidad| |3600.00|3600.00|1|unidad||||
3|1|1469|7798304841421|1|TORPEDO FRUTILLA|1.00|unidad| |2100.00|2100.00|1|unidad||||
3|1|1469|7798304841414|1|TORPEDO LIMON|1.00|unidad| |2100.00|2100.00|1|unidad||||
3|1|1469|7798024760460|1|TRIPLE MIGA BLANCO J.COCIDO Y QUESO X 3 UN|1.00|unidad| |9600.00|9600.00|1|unidad||||
3|1|1469|7798024760477|1|TRIPLE MIGA NEGRO J.COCIDO Y QUESO X 3 UN|1.00|unidad| |9600.00|9600.00|1|unidad||||
3|1|1469|7622202839962|1|VARIEDAD GALLETITAS DULCES SURTIDAS X 390GR.|1.00|unidad|VARIEDAD|5800.00|5800.00|1|unidad||||
3|1|1469|0016871111111|1|VASO REUTILIZABLE|1.00|unidad| |4500.00|4500.00|1|unidad||||
3|1|1469|0000000004361|0|VAUQUITA TABLETA DE DULCE DE LECHE X 25 GR.|1.00|unidad| |190.00|190.00|1|unidad||||
3|1|1469|7790315100184|1|VDS LEVITE CERO AGUA S/G MANZANA PET X 500cc|1.00|unidad| |3450.00|3450.00|1|unidad||||
3|1|1469|0021352111111|1|VDS LEVITE CERO AGUA S/G NARANJA PET X 500cc|1.00|unidad| |3450.00|3450.00|1|unidad||||
3|1|1469|0021347111111|1|VILLA DEL SUR LEVITE S/G MANZANA PET X 500cc|1.00|unidad| |3450.00|3450.00|1|unidad||||
3|1|1469|7798062548655|1|VILLA DEL SUR LEVITE S/G NARANJA PET X 500cc|1.00|unidad| |3450.00|3450.00|1|unidad||||
3|1|1469|0021349111111|1|VILLA DEL SUR LEVITE S/G PERA PET X 500cc|1.00|unidad| |3450.00|3450.00|1|unidad||||
3|1|1469|7799155000982|1|VILLA DEL SUR LEVITE S/G POMELO PET X 500cc|1.00|unidad| |3450.00|3450.00|1|unidad||||
3|1|1469|7799155000210|1|VILLAVICENCIO AGUA FINAMENTE GASIFICADA PET X 1.5L|1.00|unidad| |5300.00|5300.00|1|unidad||||
3|1|1469|7799155000203|1|VILLAVICENCIO AGUA FINAMENTE GASIFICADA PET X 500C|1.00|unidad| |3650.00|3650.00|1|unidad||||
3|1|1469|0022000293220|1|Wrigleys Doubl 12.5g|1.00|unidad| |2600.00|2600.00|1|unidad||||
3|1|1469|0022000293305|1|Wrigleys Spear 12.5g|1.00|unidad| |2600.00|2600.00|1|unidad||||
3|1|1469|7791337010826|1|Yogurisimo Botellita Frutilla x 190g|1.00|unidad| |5500.00|5500.00|1|unidad||||
3|1|1469|7798187760246|1|ZAFRAN BARRA DE CEREAL ALM/COCO X 28G|1.00|unidad| |1900.00|1900.00|1|unidad||||
3|1|1469|7798187760277|1|ZAFRAN BARRA DE CEREAL CAJU/ZAPALLO 28G|1.00|unidad| |1900.00|1900.00|1|unidad||||
3|1|1469|7798187760253|1|ZAFRAN BARRA DE CEREAL MANI/CACAO 28G|1.00|unidad| |1900.00|1900.00|1|unidad||||
3|1|1469|7798187760260|1|ZAFRAN BARRA DE CEREAL MZNA/CHIA 28G|1.00|unidad| |1900.00|1900.00|1|unidad||||
3|1|1478|7791813434412|1|7UP FREE PET X 1.5L|1.00|unidad| |4700.00|4700.00|1|unidad||||
3|1|1478|0000000023897|0|AFEITADORA BIC COMFORT  3|1.00|unidad| |820.00|820.00|1|unidad||||
3|1|1478|7790580109882|1|AGUILA EXTRAFINO 60% CACAO X 150 GR|1.00|unidad| |15200.00|15200.00|1|unidad||||
3|1|1478|7790040133594|1|AGUILA MINITORTA BROWNIE X 72G|1.00|unidad| |2800.00|2800.00|1|unidad||||
3|1|1478|7790040298705|1|AGUILA MINITORTA DDLECHE/MOUSSE SAB.VAINILLA X 72G|1.00|unidad| |2800.00|2800.00|1|unidad||||
3|1|1478|0000000023956|0|ALFAJOR CHOCOLATE|1.00|unidad| |2100.00|2100.00|1|unidad||||
3|1|1478|0000000023280|0|ALFAJORES DE MAICENA|1.00|unidad| |2100.00|2100.00|1|unidad||||
3|1|1478|7790580607418|1|ARCOR CHOCOLATE BLANCO TABLETA X 25 GR|1.00|unidad| |2200.00|2200.00|1|unidad||||
3|1|1478|7790580607210|1|ARCOR CHOCOLATE CON LECHE TABLETA X 25GR|1.00|unidad| |2200.00|2200.00|1|unidad||||
3|1|1478|0000000001339|0|ARCOR OBLEA RELLENA C/PASTA DE TURRON Y MANI X 25G|1.00|unidad| |700.00|700.00|1|unidad||||
3|1|1478|7793360294600|1|BC JUGO MANZANA TETRA X 200CC|1.00|unidad| |1100.00|1100.00|1|unidad||||
3|1|1478|7793360246609|1|BC JUGO NARANJA TETRA X 200CC.|1.00|unidad| |1100.00|1100.00|1|unidad||||
3|1|1478|7790580154264|1|BEB MULTIFRUTA BC 24X200ML|1.00|unidad| |1100.00|1100.00|1|unidad||||
3|1|1478|7792730020559|1|BIZNIKKE NEVADO CHOCOLATE TABLETA X 120 GR.|1.00|unidad| |8900.00|8900.00|1|unidad||||
3|1|1478|7790580722708|1|BOMBON TOFI LECHE X 15G|1.00|unidad| |1800.00|1800.00|1|unidad||||
3|1|1478|7790040613607|1|Bon O Bon Alfajor Chocolate Blanco x40 gr|1.00|unidad| |1800.00|1800.00|1|unidad||||
3|1|1478|7790040613706|1|BON O BON ALFAJOR CHOCOLATE NEGRO/LECHE X 40G|1.00|unidad| |1800.00|1800.00|1|unidad||||
3|1|1478|0000000021586|0|BON-O-BON BOMBON AGUILA X 15G|1.00|unidad| |1100.00|1100.00|1|unidad||||
3|1|1478|7790580119058|1|BON-O-BON BOMBON CHOCOLATE BLANCO X 15G|1.00|unidad| |1100.00|1100.00|1|unidad||||
3|1|1478|0000000021587|0|BON-O-BON BOMBON CHOCOLINA X 15G|1.00|unidad| |1100.00|1100.00|1|unidad||||
3|1|1478|7792360072409|1|BONAFIDE BOCADITO DDL X 16G|1.00|unidad| |1600.00|1600.00|1|unidad||||
3|1|1478|0000000021151|0|BROWNIE ARTESANAL|1.00|unidad| |5300.00|5300.00|1|unidad||||
3|1|1478|0000000023273|0|BUDIN BANANA Y DDL|1.00|unidad| |4800.00|4800.00|1|unidad||||
3|1|1478|0000000021701|0|BUDIN DE FRUTOS SECOS|1.00|unidad| |4800.00|4800.00|1|unidad||||
3|1|1478|0000000021700|0|BUDIN DE LIMON Y ARANDANOS|1.00|unidad| |4800.00|4800.00|1|unidad||||
3|1|1478|7790407022011|1|CABSHA BOCADITO X 10G|1.00|unidad| |1000.00|1000.00|1|unidad||||
3|1|1478|7798128000271|1|CACHAFAZ ALFAJOR MOUSSE X 50G|1.00|unidad| |3200.00|3200.00|1|unidad||||
3|1|1478|7622201818739|1|CADBURY CHOCOLATE C/LECHE TRES SUEÑOS X 82G|1.00|unidad| |7800.00|7800.00|1|unidad||||
3|1|1478|7622201818654|1|CADBURY CHOCOLATE RELLENO YOGHURT FRUTILLA X 29G|1.00|unidad| |3300.00|3300.00|1|unidad||||
3|1|1478|7622202271250|1|Caram. Halls 12u Strong Nvo|1.00|unidad| |1300.00|1300.00|1|unidad||||
3|1|1478|7622202247286|1|Caram. Halls Cherry Nvo 28 Grs|1.00|unidad| |1300.00|1300.00|1|unidad||||
3|1|1478|7790895649301|1|CEPITA 20% NARANJA 200ML|1.00|unidad| |2100.00|2100.00|1|unidad||||
3|1|1478|7790895009853|1|CEPITA JUGO MANZANA BOTELLA X 1L|1.00|unidad| |5800.00|5800.00|1|unidad||||
3|1|1478|7790895000720|1|CEPITA JUGO MANZANA TETRA X 200CC.|1.00|unidad| |2100.00|2100.00|1|unidad||||
3|1|1478|7790895647017|1|CEPITA JUGO MANZANA ZINC TETRA X 1 LT.|1.00|unidad| |4200.00|4200.00|1|unidad||||
3|1|1478|7790895000737|1|CEPITA JUGO MULTIFRUTA TETRA X 200CC|1.00|unidad| |2100.00|2100.00|1|unidad||||
3|1|1478|7790895647123|1|CEPITA JUGO MULTIFRUTA ZINC TETRA X 1 LT.|1.00|unidad| |4200.00|4200.00|1|unidad||||
3|1|1478|7790895648267|1|CEPITA NARANJA 20% 1L|1.00|unidad| |4200.00|4200.00|1|unidad||||
3|1|1478|7790895009815|1|CEPITA NARANJA 995CC|1.00|unidad| |5800.00|5800.00|1|unidad||||
3|1|1478|0000000022630|0|CEREAL MIX BARRA DE CEREAL C/FRUTILLA&YOGHURT X26G|1.00|unidad| |1700.00|1700.00|1|unidad||||
3|1|1478|0000000001341|0|CEREAL MIX BARRA DE CEREAL X 23G|1.00|unidad| |1700.00|1700.00|1|unidad||||
3|1|1478|0000000022631|0|CEREAL MIX BARRA DE CEREAL YOGH/FRUTIL.L.X26g|1.00|unidad| |1700.00|1700.00|1|unidad||||
3|1|1478|7790580123345|1|CH. TL7 MENTHOL 20X16X14G|1.00|unidad| |1900.00|1900.00|1|unidad||||
3|1|1478|0000000019822|0|CH. TL7 VIBR. STRAW. 20X16X14G|1.00|unidad| |1900.00|1900.00|1|unidad||||
3|1|1478|7790580104252|1|CH. TL7 VIOL. CHERRY 20X16X14G|1.00|unidad| |1900.00|1900.00|1|unidad||||
3|1|1478|7790580317607|1|CH. TL7 XPLOS. MINT 20X16X14G|1.00|unidad| |1900.00|1900.00|1|unidad||||
3|1|1478|8445290701961|1|Choc Bananita Dolca 30 grs|1.00|unidad| |2200.00|2200.00|1|unidad||||
3|1|1478|8445290701596|1|Choc. Bananita Dolca 14grs|1.00|unidad| |1200.00|1200.00|1|unidad||||
3|1|1478|7622202328947|1|Choc. Milka 55g Leche NVO|1.00|unidad| |6100.00|6100.00|1|unidad||||
3|1|1478|7790070418296|1|Chocoarroz Blanco est. 22g|1.00|unidad| |1800.00|1800.00|1|unidad||||
3|1|1478|7790070418203|1|Chocoarroz DL 22 gr|1.00|unidad| |1800.00|1800.00|1|unidad||||
3|1|1478|7790580103521|1|CHOCOLATE LECHE CON CONFITES COFLER X 55 G|1.00|unidad| |5800.00|5800.00|1|unidad||||
3|1|1478|7798304840851|1|CHOMPAlmedC/SsaDDL6x180g|1.00|unidad| |10200.00|10200.00|1|unidad||||
3|1|1478|7798130953640|1|CHUPETIN COCO POP X 17 G|1.00|unidad| |3500.00|3500.00|1|unidad||||
3|1|1478|7798130954777|1|CHUPETIN EMOTI POP 11GR|1.00|unidad| |3500.00|3500.00|1|unidad||||
3|1|1478|0000000023604|0|CIRCULAR MEMBRILLO X UN|1.00|unidad| |1500.00|1500.00|1|unidad||||
3|1|1478|7798085680516|1|CITRIC JUGO NARANJA MANGO TETRA X 500CC|1.00|unidad| |3700.00|3700.00|1|unidad||||
3|1|1478|7798085681834|1|CITRIC JUGO NARANJA TETRA X 1L|1.00|unidad| |5500.00|5500.00|1|unidad||||
3|1|1478|7798085681445|1|CITRIC JUGO NARANJA TETRA X 250CC|1.00|unidad| |2100.00|2100.00|1|unidad||||
3|1|1478|7798085681452|1|CITRIC JUGO NARANJA TETRA X 500CC|1.00|unidad| |3700.00|3700.00|1|unidad||||
3|1|1478|7798085680295|1|CITRIC JUGO NARANJA/ DURAZNO TETRA X 500CC|1.00|unidad| |3700.00|3700.00|1|unidad||||
3|1|1478|7790895000997|1|COCA-COLA X 2.25L|1.00|unidad| |8500.00|8500.00|1|unidad||||
3|1|1478|7790040659605|1|COFLER BLOCK ALFAJOR CHOCOLATE X 60 G|1.00|unidad| |2800.00|2800.00|1|unidad||||
3|1|1478|0000000018365|0|COFLER BLOCK CHOCOLATE C/LECHE Y MANI TAB.X 110GR|1.00|unidad| |7800.00|7800.00|1|unidad||||
3|1|1478|0000000015301|0|COFLER BLOCK CHOCOLATE C/LECHE Y MANI TAB.X 38GR|1.00|unidad| |3100.00|3100.00|1|unidad||||
3|1|1478|7790580105013|1|COFLER BLOCK CHOCOLATE X 170G|1.00|unidad| |13200.00|13200.00|1|unidad||||
3|1|1478|7790580115579|1|COFLER BLOCK CHOCOLATE X 1KG|1.00|unidad| |62900.00|62900.00|1|unidad||||
3|1|1478|7790580103385|1|COFLER CHOCOLATE AIREADO BCO/LECHE X 27 GR.|1.00|unidad| |3300.00|3300.00|1|unidad||||
3|1|1478|7790580103378|1|COFLER CHOCOLATE AIREADO BLANCO X 27 GR.|1.00|unidad| |3300.00|3300.00|1|unidad||||
3|1|1478|7790580115869|1|COFLER CHOCOLATE AIREADO BON O BON X 67G|1.00|unidad| |6500.00|6500.00|1|unidad||||
3|1|1478|7790580103361|1|COFLER CHOCOLATE AIREADO LECHE X 27 GR.|1.00|unidad| |3300.00|3300.00|1|unidad||||
3|1|1478|7790580043407|1|COFLER CHOCOLATE AIREADO LECHE X 55G|1.00|unidad| |6600.00|6600.00|1|unidad||||
3|1|1478|7790580003531|1|COFLER CHOCOLATE BCO&COOK X 55G|1.00|unidad| |5800.00|5800.00|1|unidad||||
3|1|1478|7790580043506|1|COFLER CHOCOLATE LECHE CON ALMENDRAS X 55G|1.00|unidad| |5800.00|5800.00|1|unidad||||
3|1|1478|0000000024109|0|CRIOLLITO X UN|1.00|unidad| |1500.00|1500.00|1|unidad||||
3|1|1478|0000000023957|0|CROISSANT J Y Q|1.00|unidad| |5800.00|5800.00|1|unidad||||
3|1|1478|7798024760798|1|CROQUE MONSIEUR J Y Q BLANCO X UN|1.00|unidad| |9100.00|9100.00|1|unidad||||
3|1|1478|7798024760804|1|CROQUE MONSIEUR J Y Q NEGRO X UN|1.00|unidad| |9100.00|9100.00|1|unidad||||
3|1|1478|0000000020568|0|CUADRADO DE PASTA FROLA|1.00|unidad| |4800.00|4800.00|1|unidad||||
3|1|1478|0000000023543|0|DELIVERY MEDIALUNAS X 6 UNIDADES|1.00|unidad| |205.00|205.00|1|unidad||||
3|1|1478|7795735000106|1|DON SATUR TALITAS X 140GR|1.00|unidad| |2200.00|2200.00|1|unidad||||
3|1|1478|7790206007509|1|DOS CORAZONES BOCADITO CHOC.C/LECHE RELL. X 26GR|1.00|unidad| |2100.00|2100.00|1|unidad||||
3|1|1478|7792799000035|1|ECO DE LOS ANDES AGUA CON GAS PET X 500CC.|1.00|unidad| |3000.00|3000.00|1|unidad||||
3|1|1478|7798128000486|1|EL CACHAFAZ ALFAJOR BLANCO FLOWPACK X 60 GR|1.00|unidad| |3100.00|3100.00|1|unidad||||
3|1|1478|7798128000462|1|EL CACHAFAZ ALFAJOR CHOCOLATE FLOWPACK X 60 GR|1.00|unidad| |3000.00|3000.00|1|unidad||||
3|1|1478|7798128001940|1|EL CACHAFAZ ALFAJOR DE MAICENA X 76G|1.00|unidad| |3100.00|3100.00|1|unidad||||
3|1|1478|7798128001797|1|EL CACHAFAZ CONITO DULCE DE LECHE X 38G|1.00|unidad| |2600.00|2600.00|1|unidad||||
3|1|1478|7798024760569|1|ENSALADA CESAR  PREMIUM X UN|1.00|unidad| |13000.00|13000.00|1|unidad||||
3|1|1478|7798024760392|1|ENSALADA CHEF PREMIUM X UN|1.00|unidad| |13000.00|13000.00|1|unidad||||
3|1|1478|7798024766417|1|ENSALADA MIX VEG.C/PECHUGUITAS AL SESAMO X UN|1.00|unidad| |13000.00|13000.00|1|unidad||||
3|1|1478|7613035242524|1|EPA DDL MAX 88GR|1.00|unidad| |6500.00|6500.00|1|unidad||||
3|1|1478|7613035242500|1|EPA ROCKER X 88G|1.00|unidad| |6500.00|6500.00|1|unidad||||
3|1|1478|7898024390121|1|FERRERO ROCHER BOMBON CHOC.RELL.PAQ.3 UNID X 37.5G|1.00|unidad| |5400.00|5400.00|1|unidad||||
3|1|1478|7798024760255|1|FIGAZZITAS DE SALAME Y QUESO X 2 UN|1.00|unidad| |8200.00|8200.00|1|unidad||||
3|1|1478|7798147780062|1|Franui sabor Black 150gr|1.00|unidad| |8500.00|8500.00|1|unidad||||
3|1|1478|7798147783223|1|Franui sabor Leche 150gr|1.00|unidad| |8500.00|8500.00|1|unidad||||
3|1|1478|7790070431936|1|Gallo YoguBar 20gr|1.00|unidad| |1700.00|1700.00|1|unidad||||
3|1|1478|0067061111111|1|GATORADE COOL BLUE PET X 500CC|1.00|unidad| |3900.00|3900.00|1|unidad||||
3|1|1478|0071971211111|1|GATORADE FRUTOS TROPICALES PET X 750CC|1.00|unidad| |4700.00|4700.00|1|unidad||||
3|1|1478|0066011111111|1|GATORADE MANZANA PET X 500CC|1.00|unidad| |3900.00|3900.00|1|unidad||||
3|1|1478|0042831111111|1|GATORADE MANZANA PET X 750CC|1.00|unidad| |4600.00|4600.00|1|unidad||||
3|1|1478|0006602111111|1|GATORADE NARANJA PET X 500CC|1.00|unidad| |3900.00|3900.00|1|unidad||||
3|1|1478|7798024766103|1|GRANDWICH PANINI GRIGLIATTI JAM/QUE/TOM/HUE X 210G|1.00|unidad| |6650.00|6650.00|1|unidad||||
3|1|1478|0000000023445|0|HALLS FREE MENTA X 28 G|1.00|unidad| |1450.00|1450.00|1|unidad||||
3|1|1478|7791249450277|1|HALLS MENTA LYPTUS CARAMELOS DUROS PAQ.X 28G|1.00|unidad| |1250.00|1250.00|1|unidad||||
3|1|1478|0000000023603|0|ICEDREAM CIRCULAR PASTELERA X UN|1.00|unidad| |1500.00|1500.00|1|unidad||||
3|1|1478|0028411111111|1|JORGITO ALFAJOR BLANCO X 50G|1.00|unidad| |1600.00|1600.00|1|unidad||||
3|1|1478|0011111112842|1|JORGITO ALFAJOR CHOCOLATE X 55G|1.00|unidad| |1600.00|1600.00|1|unidad||||
3|1|1478|7790957000545|1|JORGITO MINI ALFAJOR CHOCOLATE PAQ.X 6 UNID.|1.00|unidad| |4600.00|4600.00|1|unidad||||
3|1|1478|7790957000538|1|JORGITO MINI ALFAJOR GLACEADO PAQ.X 6 UNID.X 155GR|1.00|unidad| |4600.00|4600.00|1|unidad||||
3|1|1478|0000080052760|1|KINDER BUENO OBLEA CHOCOLATE CON LECHE X 43G|1.00|unidad| |4800.00|4800.00|1|unidad||||
3|1|1478|0000077949677|1|KINDER CHOCOLATE X 50G|1.00|unidad| |5500.00|5500.00|1|unidad||||
3|1|1478|7891000379073|1|KIT KAT DARK OBLEA BAÑADA CHOCOLATE X 41.5G|1.00|unidad| |2800.00|2800.00|1|unidad||||
3|1|1478|7891000379028|1|KIT KAT OBLEA BAÑADA CHOCOLATE BLANCO X 41.5G|1.00|unidad| |2800.00|2800.00|1|unidad||||
3|1|1478|7791337007260|1|Leche chocolatada Cindor 200ml|1.00|unidad| |3800.00|3800.00|1|unidad||||
3|1|1478|7791337007253|1|Leche chocolatada Cindor x 1L|1.00|unidad| |11500.00|11500.00|1|unidad||||
3|1|1478|7798368470391|1|LUCCIANO´S CHANTILLY X 100GR (02)|1.00|unidad| |7400.00|7400.00|1|unidad||||
3|1|1478|7798368470384|1|LUCCIANO´S CHOCOLATE C/CROCANTE X 100GR (01)|1.00|unidad| |7400.00|7400.00|1|unidad||||
3|1|1478|7798368470421|1|LUCCIANO´S CHOCOLATE X 90GR (05)|1.00|unidad| |7400.00|7400.00|1|unidad||||
3|1|1478|7798368470438|1|LUCCIANO´S DDL C/ CROCANTE X 90GR (06)|1.00|unidad| |7400.00|7400.00|1|unidad||||
3|1|1478|0000000024240|0|LUCCIANO´S DDL X 90GR (03)|1.00|unidad| |6000.00|6000.00|1|unidad||||
3|1|1478|7798368470476|1|LUCCIANO´S MINION ICE POP X 100GR (10)|1.00|unidad| |7900.00|7900.00|1|unidad||||
3|1|1478|7798368470469|1|LUCCIANO´S OLI KING X 90GR (09)|1.00|unidad| |7800.00|7800.00|1|unidad||||
3|1|1478|7798368470735|1|LUCCIANO´S PISTACCHIO X 95GR (08)|1.00|unidad| |7800.00|7800.00|1|unidad||||
3|1|1478|7798368470414|1|LUCCIANO´S SORBETE PATAGONIA X 90GR (04)|1.00|unidad| |7400.00|7400.00|1|unidad||||
3|1|1478|7613034797469|1|LUXOR BOMBON HELADO 53G|1.00|unidad| |3000.00|3000.00|1|unidad||||
3|1|1478|7797453001441|1|M&M Chocolate 48 Grs|1.00|unidad| |4800.00|4800.00|1|unidad||||
3|1|1478|7797453001458|1|M&M MANI PAQ. X 49 GR|1.00|unidad| |4800.00|4800.00|1|unidad||||
3|1|1478|7790387015324|1|MAÑANITA YERBA 4FLEX X 500 GR|1.00|unidad| |4400.00|4400.00|1|unidad||||
3|1|1478|7790206006106|1|MARROC BOCADITO X 14 GR.|1.00|unidad| |1200.00|1200.00|1|unidad||||
3|1|1478|7798024760125|1|MAX PREMIUM JyQ-TOM-HUE- PAN NGO X UN|1.00|unidad| |9600.00|9600.00|1|unidad||||
3|1|1478|7798024766172|1|MAX PREMIUM POLLO-RU-PAR-PAN NGO X UN|1.00|unidad| |9600.00|9600.00|1|unidad||||
3|1|1478|7798024760552|1|MAX TRIANGULO LIGHT POLLO-LEC-PAN NGO X UN|1.00|unidad| |9600.00|9600.00|1|unidad||||
3|1|1478|0000000023602|0|MEDIALUNA DE GRASA X UN|1.00|unidad| |1500.00|1500.00|1|unidad||||
3|1|1478|0000000023601|0|MEDIALUNA DE MANTECA X UN|1.00|unidad| |1500.00|1500.00|1|unidad||||
3|1|1478|7891000120057|1|MEGA AMERICANA CON ALMENDRAS X 74g|1.00|unidad| |7400.00|7400.00|1|unidad||||
3|1|1478|0000000020546|0|MENTHO-PLUS ACIDOS CEREZA X 27.2G|1.00|unidad| |1600.00|1600.00|1|unidad||||
3|1|1478|0000000020540|0|MENTHO-PLUS ACIDOS NARANJA X 27.2G|1.00|unidad| |1600.00|1600.00|1|unidad||||
3|1|1478|0000000021660|0|MENTHO-PLUS CARAMELOS INHALANTES DE CEREZA X 29.4G|1.00|unidad| |1000.00|1000.00|1|unidad||||
3|1|1478|0000000021663|0|MENTHO-PLUS CARAMELOS INHALANTES MIEL X 29.4G|1.00|unidad| |1000.00|1000.00|1|unidad||||
3|1|1478|0000000021661|0|MENTHO-PLUS CARAMELOS INHALANTES STRONG X 29.4G|1.00|unidad| |1000.00|1000.00|1|unidad||||
3|1|1478|0000000017476|0|MENTHO-PLUS CARAMELOS SIN AZUCAR CHERRY X 27.3G|1.00|unidad| |1600.00|1600.00|1|unidad||||
3|1|1478|0000000017474|0|MENTHO-PLUS CARAMELOS SIN AZUCAR MENTOL X 27.3G|1.00|unidad| |1600.00|1600.00|1|unidad||||
3|1|1478|0000000021664|0|MENTHOPLUS MENTA X 29.4G|1.00|unidad| |1000.00|1000.00|1|unidad||||
3|1|1478|0000000021662|0|MENTHOPLUS MENTOL X 29.4G|1.00|unidad| |1000.00|1000.00|1|unidad||||
3|1|1478|0000000021044|0|MENTHOPLUS ZERO CARAMELOS DURAZNO X 26.6G|1.00|unidad| |1600.00|1600.00|1|unidad||||
3|1|1478|0000000021047|0|MENTHOPLUS ZERO CARAMELOS STRONG X 26.6G|1.00|unidad| |1600.00|1600.00|1|unidad||||
3|1|1478|7895144699851|1|MENTOS CARAMELOS MASTICABLES SAB.FRUTA X 29.7GR|1.00|unidad| |1200.00|1200.00|1|unidad||||
3|1|1478|7895144699844|1|MENTOS CARAMELOS MASTICABLES SAB.MENTA X 29.7GR|1.00|unidad| |1200.00|1200.00|1|unidad||||
3|1|1478|0000000021770|0|MERMELADAS X UNIDAD|1.00|unidad| |50.00|50.00|1|unidad||||
3|1|1478|0000077903785|1|MILKA ALFAJOR MOUSSE TRIPLE X 55 GR.|1.00|unidad| |2800.00|2800.00|1|unidad||||
3|1|1478|7622300457303|1|MILKA ALFAJOR TRIPLE BLANCO X 55G|1.00|unidad| |2800.00|2800.00|1|unidad||||
3|1|1478|7622300844967|1|MILKA CHOCOLATE BLANCO CON DULCE DE LECHE X 67.5G|1.00|unidad| |7100.00|7100.00|1|unidad||||
3|1|1478|7622300844943|1|MILKA CHOCOLATE C DULCE DE LECHE X 67.5G|1.00|unidad| |7100.00|7100.00|1|unidad||||
3|1|1478|0000000021565|0|MILKA CHOCOLATE C/LECHE ALMENDRAS|1.00|unidad| |3290.00|3290.00|1|unidad||||
3|1|1478|7622300990114|1|MILKA CHOCOLATE CON LECHE X 150G|1.00|unidad| |13800.00|13800.00|1|unidad||||
3|1|1478|7622201818937|1|MILKA LEGER CHOCOLATE LECHE TABLETA X 50G|1.00|unidad| |5800.00|5800.00|1|unidad||||
3|1|1478|7790580116958|1|MOGUL CARAMELO DE GOMA DINOS X 30G|1.00|unidad| |800.00|800.00|1|unidad||||
3|1|1478|7790580129507|1|MOGUL CARAMELOS DE GOMA ACIDOS BOLSA X 60G|1.00|unidad| |1350.00|1350.00|1|unidad||||
3|1|1478|7790580169312|1|MOGUL CARAMELOS DE GOMA CEREBRITOS X 30G|1.00|unidad| |1200.00|1200.00|1|unidad||||
3|1|1478|7790580116460|1|MOGUL CARAMELOS DE GOMA EXTREME ACIDO ROLLO X 35G|1.00|unidad| |1200.00|1200.00|1|unidad||||
3|1|1478|7790580603809|1|MOGUL CARAMELOS DE GOMA FRUTALES ROLLO X 35G|1.00|unidad| |1200.00|1200.00|1|unidad||||
3|1|1478|7790580199913|1|MOGUL CARAMELOS DE GOMA OSITOS X 30 GR|1.00|unidad| |1200.00|1200.00|1|unidad||||
3|1|1478|7790580200114|1|MOGUL CARAMELOS DE GOMA TIBURON X 30G|1.00|unidad| |1200.00|1200.00|1|unidad||||
3|1|1478|7798422620014|1|MONSTER ENERGY GREEN X 473CC|1.00|unidad| |5200.00|5200.00|1|unidad||||
3|1|1478|7798422620045|1|MONSTER MANGO LOCO 473|1.00|unidad| |5200.00|5200.00|1|unidad||||
3|1|1478|7798422620021|1|MONSTER ULTRA x 473 CC|1.00|unidad| |5200.00|5200.00|1|unidad||||
3|1|1478|1111111111142|1|MUFFIN CHIPS CHOC X UN|1.00|unidad| |3900.00|3900.00|1|unidad||||
3|1|1478|1111111111145|1|MUFFIN VAINILLA C/DDL X UN|1.00|unidad| |3900.00|3900.00|1|unidad||||
3|1|1478|7798304841261|1|NESQUIK NUTRIACTIV B HEL.CHOCOLATE CON CALCIN-N|1.00|unidad| |1800.00|1800.00|1|unidad||||
3|1|1478|7622210723468|1|OREO GALLETITAS BAÑADAS CHOCOLATE x17gr|1.00|unidad| |200.00|200.00|1|unidad||||
3|1|1478|7899975800523|1|Oreo Palito AR 20 x 65g|1.00|unidad| |6500.00|6500.00|1|unidad||||
3|1|1478|7899975800509|1|OREO SANDWICH AR 81GR|1.00|unidad| |6500.00|6500.00|1|unidad||||
3|1|1478|7798304841124|1|OREO TACITA X 95G|1.00|unidad| |6500.00|6500.00|1|unidad||||
3|1|1478|0000000024088|0|PAN DE CHOCOLATE X UN|1.00|unidad| |3900.00|3900.00|1|unidad||||
3|1|1478|7798024766110|1|PANINI GRIGLIATTI DE PECETO X 210G|1.00|unidad| |6650.00|6650.00|1|unidad||||
3|1|1478|7791007000764|1|PAÑUELOS DESCARTABLES CAJA X 75 UNID|1.00|unidad| |3600.00|3600.00|1|unidad||||
3|1|1478|7791070003482|1|PAÑUELOS DESCARTABLES X UNID|1.00|unidad| |700.00|700.00|1|unidad||||
3|1|1478|7798024760781|1|PEBETE PECHUGA CRISPY X UN|1.00|unidad| |9200.00|9200.00|1|unidad||||
3|1|1478|7798024760361|1|PECHUGA GRILLE C/VEGETAL DEL HUERTO X UN|1.00|unidad| |11500.00|11500.00|1|unidad||||
3|1|1478|0000077915481|1|PEPITOS ALFAJOR TRIPLE DE CHOCOLATE X 57GR|1.00|unidad| |2800.00|2800.00|1|unidad||||
3|1|1478|7791813828365|1|PEPSI BLACK PET X 500CC|1.00|unidad| |3100.00|3100.00|1|unidad||||
3|1|1478|1111111111200|1|PICO DULCE CHUPETIN X 14 GR.|1.00|unidad| |500.00|500.00|1|unidad||||
3|1|1478|7790895641183|1|POWERADE FRUTAS TROPICALES PET X 500CC|1.00|unidad| |3300.00|3300.00|1|unidad||||
3|1|1478|7790895640018|1|POWERADE MANZANA PET X 500CC|1.00|unidad| |3300.00|3300.00|1|unidad||||
3|1|1478|7790895640025|1|POWERADE MOUNTAIN BLAST PET X 500CC|1.00|unidad| |3300.00|3300.00|1|unidad||||
3|1|1478|7791519200021|1|PRIME PRESERVATIVO ANATOMICO CAJA X 3 UNID.|1.00|unidad| |6000.00|6000.00|1|unidad||||
3|1|1478|7791519200076|1|PRIME PRESERVATIVO ESPERMICIDA CAJA X 3 UNID.|1.00|unidad| |6000.00|6000.00|1|unidad||||
3|1|1478|7791519000676|1|PRIME PRESERVATIVO EXTRA LUBRICADO CAJA X 3 UNID.|1.00|unidad| |6000.00|6000.00|1|unidad||||
3|1|1478|7791519200045|1|PRIME PRESERVATIVO SUPERFINO CAJA X 3 UNID.|1.00|unidad| |6000.00|6000.00|1|unidad||||
3|1|1478|7791519200090|1|PRIME PRESERVATIVO TACHAS CAJA X 3 UNID.|1.00|unidad| |6000.00|6000.00|1|unidad||||
3|1|1478|7791519200069|1|PRIME PRESERVATIVO TEXTURADO CAJA X 3 UNID.|1.00|unidad| |6000.00|6000.00|1|unidad||||
3|1|1478|7790742167101|1|Queso Finlandia Chef Cheddar 150gr PAQUETE INSUMO|1.00|unidad| |0.01|0.01|1|unidad||||
3|1|1478|0045011111111|1|RED BULL ENERGY DRINK LATA X 250 CC|1.00|unidad| |5000.00|5000.00|1|unidad||||
3|1|1478|0000090435225|1|RED BULL ENERGY DRINK LATA X 355 CC|1.00|unidad| |6200.00|6200.00|1|unidad||||
3|1|1478|9002490232054|1|RED BULL ENERGY DRINK SUGAR FREE LATA X 250CC|1.00|unidad| |5000.00|5000.00|1|unidad||||
3|1|1478|7790580327415|1|ROCKLETS CONFITES DE CHOCOLATE PAQ. X 40 GR|1.00|unidad| |2800.00|2800.00|1|unidad||||
3|1|1478|7790580327613|1|ROCKLETS NARANJA MANI C/CHOCOLATE CONFITADO X 40G|1.00|unidad| |2800.00|2800.00|1|unidad||||
3|1|1478|7798024760507|1|ROLL CHICKEN CAESAR X 210GR|1.00|unidad| |9600.00|9600.00|1|unidad||||
3|1|1478|0000000023605|0|SACRAMENTO MEMBRILLO X UN|1.00|unidad| |1500.00|1500.00|1|unidad||||
3|1|1478|7790580716806|1|SALADIX GALLETITAS SAB. CALABRESA CAJA X 100G|1.00|unidad| |2900.00|2900.00|1|unidad||||
3|1|1478|7790580716707|1|SALADIX GALLETITAS SAB. JAMON CAJA X 100G|1.00|unidad| |2900.00|2900.00|1|unidad||||
3|1|1478|7790580697303|1|SALADIX GALLETITAS SAB. PIZZA CAJA X 100G|1.00|unidad| |2900.00|2900.00|1|unidad||||
3|1|1478|7790040374607|1|SALADIX GALLETITAS SAB.DUO CAJA X 80G|1.00|unidad| |2900.00|2900.00|1|unidad||||
3|1|1478|7790040123434|1|SALADIX GALLETITAS SAB.KESITOS X80G|1.00|unidad| |2500.00|2500.00|1|unidad||||
3|1|1478|0000077956699|1|SHOT ALFAJOR TRISHOT TRIPLE X 60G|1.00|unidad| |2800.00|2800.00|1|unidad||||
3|1|1478|7622300424084|1|SHOT CHOCOLATE CON LECHE Y MANI TABLETA X 170 GR|1.00|unidad| |11900.00|11900.00|1|unidad||||
3|1|1478|0000077914217|1|SHOT CHOCOLATE LECHE CON MANI TABLETA X 35G|1.00|unidad| |2900.00|2900.00|1|unidad||||
3|1|1478|7798304841803|1|SIN PARAR CHOCOLATE DULCE DE LECHE X 90G|1.00|unidad| |2900.00|2900.00|1|unidad||||
3|1|1478|7798304841797|1|SIN PARAR DULCE DE LECHE Y AMERICANA X 90G|1.00|unidad| |2900.00|2900.00|1|unidad||||
3|1|1478|7798304841780|1|SIN PARAR FRUTILLA CREMA X 90G|1.00|unidad| |2900.00|2900.00|1|unidad||||
3|1|1478|0022000018465|1|SKITTLES CONFITES ORIGINAL FRUIT PAQ.X 61.5GR|1.00|unidad| |4500.00|4500.00|1|unidad||||
3|1|1478|0022000018489|1|SKITTLES CONFITES WILDBERRY PAQ.X 61.5GR|1.00|unidad| |4500.00|4500.00|1|unidad||||
3|1|1478|7790895646027|1|SMART WATER C/G 591 ML|1.00|unidad| |3300.00|3300.00|1|unidad||||
3|1|1478|7790895645778|1|SMART WATER S/G 591 ML|1.00|unidad| |3300.00|3300.00|1|unidad||||
3|1|1478|7506174512248|1|SNICKERS BARRA RELL.MANI CUB.C/CHOCOLATE X 48 GR|1.00|unidad| |4500.00|4500.00|1|unidad||||
3|1|1478|0522111111111|1|SPEED UNLIMITED LATA X 250CC|1.00|unidad| |3800.00|3800.00|1|unidad||||
3|1|1478|0040000000518|1|STARBURST CARAMELO MASTICABLE SURTIDO PAQ.X 58.7G|1.00|unidad| |4900.00|4900.00|1|unidad||||
3|1|1478|7790580060206|1|SUGUS CARAMELO MASTICABLE SUELTO X 3.3 GR|1.00|unidad| |50.00|50.00|1|unidad||||
3|1|1478|7790580056001|1|SUGUS CONFITADOS CONFITES DE CARAMELO SURT.X 50 G|1.00|unidad| |2000.00|2000.00|1|unidad||||
3|1|1478|7790387000849|1|TARAGUI MATE COCIDO X 25 UNID S ENS|1.00|unidad| |130.00|130.00|1|unidad||||
3|1|1478|0029601111111|1|TARAGUI MATE LISTO X 35 GR.|1.00|unidad| |3900.00|3900.00|1|unidad||||
3|1|1478|0029621111111|1|TARAGUI TERMO MATE-LISTO CAPACIDAD 500 CC.|1.00|unidad| |5800.00|5800.00|1|unidad||||
3|1|1478|7790387013627|1|TARAGUI YERBA 4FLEX X 500 GR.|1.00|unidad| |4400.00|4400.00|1|unidad||||
3|1|1478|0000077939234|1|TERRABUSI ALFAJOR CHOCOLATE X 50 GR|1.00|unidad| |1900.00|1900.00|1|unidad||||
3|1|1478|0000077903792|1|TERRABUSI ALFAJOR TRIPLE CHOCOLATE X 70G.|1.00|unidad| |2800.00|2800.00|1|unidad||||
3|1|1478|0000077903860|1|TERRABUSI ALFAJOR TRIPLE TIPO TORTA CHOCOLAT.X 70G|1.00|unidad| |2800.00|2800.00|1|unidad||||
3|1|1478|7622300335052|1|TERRABUSI SNACKY X 60GR|1.00|unidad| |4400.00|4400.00|1|unidad||||
3|1|1478|7861002910314|1|TIC TAC PASTILLAS SABOR MENTA CAJA X 16 GR.|1.00|unidad| |1500.00|1500.00|1|unidad||||
3|1|1478|7861002910321|1|TIC TAC PASTILLAS SABOR NARANJA CAJA X 16 GR.|1.00|unidad| |1500.00|1500.00|1|unidad||||
3|1|1478|7790580746612|1|TOFI CHOCOLATE C/LECHE RELLENO D.LECHE X 55G|1.00|unidad| |400.00|400.00|1|unidad||||
3|1|1478|7798024760354|1|TOP PBT DE JAMON COCIDO Y QUESO X UN|1.00|unidad| |8200.00|8200.00|1|unidad||||
3|1|1478|0000000019823|0|TOPLINE 7 CHICLE S/AZUCAR ATM STRONG X 14G|1.00|unidad| |1900.00|1900.00|1|unidad||||
3|1|1478|0000000018843|0|TOPLINE 7 CHICLE S/AZUCAR MANDARINA  CAJA X 14G|1.00|unidad| |1900.00|1900.00|1|unidad||||
3|1|1478|7790580120573|1|TOPLINE 7 ULTRA CLEAN X 24G|1.00|unidad| |3300.00|3300.00|1|unidad||||
3|1|1478|7790580120702|1|TOPLINE 7 ULTRA GREEN MINT X 24G|1.00|unidad| |3300.00|3300.00|1|unidad||||
3|1|1478|7790580121013|1|TOPLINE 7 ULTRA RED BERRY X 24G|1.00|unidad| |3300.00|3300.00|1|unidad||||
3|1|1478|7798304841421|1|TORPEDO FRUTILLA|1.00|unidad| |2000.00|2000.00|1|unidad||||
3|1|1478|7798304841414|1|TORPEDO LIMON|1.00|unidad| |2000.00|2000.00|1|unidad||||
3|1|1478|7798024760460|1|TRIPLE MIGA BLANCO J.COCIDO Y QUESO X 3 UN|1.00|unidad| |8700.00|8700.00|1|unidad||||
3|1|1478|7798024760477|1|TRIPLE MIGA NEGRO J.COCIDO Y QUESO X 3 UN|1.00|unidad| |8700.00|8700.00|1|unidad||||
3|1|1478|7622202839962|1|VARIEDAD GALLETITAS DULCES SURTIDAS X 390GR.|1.00|unidad|VARIEDAD|5500.00|5500.00|1|unidad||||
3|1|1478|0016871111111|1|VASO REUTILIZABLE|1.00|unidad| |4000.00|4000.00|1|unidad||||
3|1|1478|0000000004361|0|VAUQUITA TABLETA DE DULCE DE LECHE X 25 GR.|1.00|unidad| |180.00|180.00|1|unidad||||
3|1|1478|7790315100184|1|VDS LEVITE CERO AGUA S/G MANZANA PET X 500cc|1.00|unidad| |3100.00|3100.00|1|unidad||||
3|1|1478|0021352111111|1|VDS LEVITE CERO AGUA S/G NARANJA PET X 500cc|1.00|unidad| |3100.00|3100.00|1|unidad||||
3|1|1478|0021347111111|1|VILLA DEL SUR LEVITE S/G MANZANA PET X 500cc|1.00|unidad| |3100.00|3100.00|1|unidad||||
3|1|1478|7798062548655|1|VILLA DEL SUR LEVITE S/G NARANJA PET X 500cc|1.00|unidad| |3100.00|3100.00|1|unidad||||
3|1|1478|0021349111111|1|VILLA DEL SUR LEVITE S/G PERA PET X 500cc|1.00|unidad| |3100.00|3100.00|1|unidad||||
3|1|1478|7799155000982|1|VILLA DEL SUR LEVITE S/G POMELO PET X 500cc|1.00|unidad| |3100.00|3100.00|1|unidad||||
3|1|1478|7799155000210|1|VILLAVICENCIO AGUA FINAMENTE GASIFICADA PET X 1.5L|1.00|unidad| |4800.00|4800.00|1|unidad||||
3|1|1478|7799155000203|1|VILLAVICENCIO AGUA FINAMENTE GASIFICADA PET X 500C|1.00|unidad| |3300.00|3300.00|1|unidad||||
3|1|1478|0022000293220|1|Wrigleys Doubl 12.5g|1.00|unidad| |2500.00|2500.00|1|unidad||||
3|1|1478|0022000293305|1|Wrigleys Spear 12.5g|1.00|unidad| |2500.00|2500.00|1|unidad||||
3|1|1478|7791337010826|1|Yogurisimo Botellita Frutilla x 190g|1.00|unidad| |5500.00|5500.00|1|unidad||||
3|1|1478|7798187760246|1|ZAFRAN BARRA DE CEREAL ALM/COCO X 28G|1.00|unidad| |1800.00|1800.00|1|unidad||||
3|1|1478|7798187760277|1|ZAFRAN BARRA DE CEREAL CAJU/ZAPALLO 28G|1.00|unidad| |1800.00|1800.00|1|unidad||||
3|1|1478|7798187760253|1|ZAFRAN BARRA DE CEREAL MANI/CACAO 28G|1.00|unidad| |1800.00|1800.00|1|unidad||||
3|1|1478|7798187760260|1|ZAFRAN BARRA DE CEREAL MZNA/CHIA 28G|1.00|unidad| |1800.00|1800.00|1|unidad||||
3|1|1482|7791813434412|1|7UP FREE PET X 1.5L|1.00|unidad| |4700.00|4700.00|1|unidad||||
3|1|1482|0000000023897|0|AFEITADORA BIC COMFORT  3|1.00|unidad| |820.00|820.00|1|unidad||||
3|1|1482|7790580109882|1|AGUILA EXTRAFINO 60% CACAO X 150 GR|1.00|unidad| |15200.00|15200.00|1|unidad||||
3|1|1482|7790040133594|1|AGUILA MINITORTA BROWNIE X 72G|1.00|unidad| |2800.00|2800.00|1|unidad||||
3|1|1482|7790040298705|1|AGUILA MINITORTA DDLECHE/MOUSSE SAB.VAINILLA X 72G|1.00|unidad| |2800.00|2800.00|1|unidad||||
3|1|1482|0000000023956|0|ALFAJOR CHOCOLATE|1.00|unidad| |2100.00|2100.00|1|unidad||||
3|1|1482|0000000023280|0|ALFAJORES DE MAICENA|1.00|unidad| |2100.00|2100.00|1|unidad||||
3|1|1482|7790580607418|1|ARCOR CHOCOLATE BLANCO TABLETA X 25 GR|1.00|unidad| |2200.00|2200.00|1|unidad||||
3|1|1482|7790580607210|1|ARCOR CHOCOLATE CON LECHE TABLETA X 25GR|1.00|unidad| |2200.00|2200.00|1|unidad||||
3|1|1482|0000000001339|0|ARCOR OBLEA RELLENA C/PASTA DE TURRON Y MANI X 25G|1.00|unidad| |700.00|700.00|1|unidad||||
3|1|1482|7793360294600|1|BC JUGO MANZANA TETRA X 200CC|1.00|unidad| |1100.00|1100.00|1|unidad||||
3|1|1482|7793360246609|1|BC JUGO NARANJA TETRA X 200CC.|1.00|unidad| |1100.00|1100.00|1|unidad||||
3|1|1482|7790580154264|1|BEB MULTIFRUTA BC 24X200ML|1.00|unidad| |1100.00|1100.00|1|unidad||||
3|1|1482|7792730020559|1|BIZNIKKE NEVADO CHOCOLATE TABLETA X 120 GR.|1.00|unidad| |8900.00|8900.00|1|unidad||||
3|1|1482|7790580722708|1|BOMBON TOFI LECHE X 15G|1.00|unidad| |1800.00|1800.00|1|unidad||||
3|1|1482|7790040613607|1|Bon O Bon Alfajor Chocolate Blanco x40 gr|1.00|unidad| |1800.00|1800.00|1|unidad||||
3|1|1482|7790040613706|1|BON O BON ALFAJOR CHOCOLATE NEGRO/LECHE X 40G|1.00|unidad| |1800.00|1800.00|1|unidad||||
3|1|1482|0000000021586|0|BON-O-BON BOMBON AGUILA X 15G|1.00|unidad| |1100.00|1100.00|1|unidad||||
3|1|1482|7790580119058|1|BON-O-BON BOMBON CHOCOLATE BLANCO X 15G|1.00|unidad| |1100.00|1100.00|1|unidad||||
3|1|1482|0000000021587|0|BON-O-BON BOMBON CHOCOLINA X 15G|1.00|unidad| |1100.00|1100.00|1|unidad||||
3|1|1482|7792360072409|1|BONAFIDE BOCADITO DDL X 16G|1.00|unidad| |1600.00|1600.00|1|unidad||||
3|1|1482|0000000021151|0|BROWNIE ARTESANAL|1.00|unidad| |5300.00|5300.00|1|unidad||||
3|1|1482|0000000023273|0|BUDIN BANANA Y DDL|1.00|unidad| |4800.00|4800.00|1|unidad||||
3|1|1482|0000000021701|0|BUDIN DE FRUTOS SECOS|1.00|unidad| |4800.00|4800.00|1|unidad||||
3|1|1482|0000000021700|0|BUDIN DE LIMON Y ARANDANOS|1.00|unidad| |4800.00|4800.00|1|unidad||||
3|1|1482|7790407022011|1|CABSHA BOCADITO X 10G|1.00|unidad| |1000.00|1000.00|1|unidad||||
3|1|1482|7798128000271|1|CACHAFAZ ALFAJOR MOUSSE X 50G|1.00|unidad| |3200.00|3200.00|1|unidad||||
3|1|1482|7622201818739|1|CADBURY CHOCOLATE C/LECHE TRES SUEÑOS X 82G|1.00|unidad| |7800.00|7800.00|1|unidad||||
3|1|1482|7622201818654|1|CADBURY CHOCOLATE RELLENO YOGHURT FRUTILLA X 29G|1.00|unidad| |3300.00|3300.00|1|unidad||||
3|1|1482|7622202271250|1|Caram. Halls 12u Strong Nvo|1.00|unidad| |1300.00|1300.00|1|unidad||||
3|1|1482|7622202247286|1|Caram. Halls Cherry Nvo 28 Grs|1.00|unidad| |1300.00|1300.00|1|unidad||||
3|1|1482|7790895649301|1|CEPITA 20% NARANJA 200ML|1.00|unidad| |2100.00|2100.00|1|unidad||||
3|1|1482|7790895009853|1|CEPITA JUGO MANZANA BOTELLA X 1L|1.00|unidad| |5800.00|5800.00|1|unidad||||
3|1|1482|7790895000720|1|CEPITA JUGO MANZANA TETRA X 200CC.|1.00|unidad| |2100.00|2100.00|1|unidad||||
3|1|1482|7790895647017|1|CEPITA JUGO MANZANA ZINC TETRA X 1 LT.|1.00|unidad| |4200.00|4200.00|1|unidad||||
3|1|1482|7790895000737|1|CEPITA JUGO MULTIFRUTA TETRA X 200CC|1.00|unidad| |2100.00|2100.00|1|unidad||||
3|1|1482|7790895647123|1|CEPITA JUGO MULTIFRUTA ZINC TETRA X 1 LT.|1.00|unidad| |4200.00|4200.00|1|unidad||||
3|1|1482|7790895648267|1|CEPITA NARANJA 20% 1L|1.00|unidad| |4200.00|4200.00|1|unidad||||
3|1|1482|7790895009815|1|CEPITA NARANJA 995CC|1.00|unidad| |5800.00|5800.00|1|unidad||||
3|1|1482|0000000022630|0|CEREAL MIX BARRA DE CEREAL C/FRUTILLA&YOGHURT X26G|1.00|unidad| |1700.00|1700.00|1|unidad||||
3|1|1482|0000000001341|0|CEREAL MIX BARRA DE CEREAL X 23G|1.00|unidad| |1700.00|1700.00|1|unidad||||
3|1|1482|0000000022631|0|CEREAL MIX BARRA DE CEREAL YOGH/FRUTIL.L.X26g|1.00|unidad| |1700.00|1700.00|1|unidad||||
3|1|1482|7790580123345|1|CH. TL7 MENTHOL 20X16X14G|1.00|unidad| |1900.00|1900.00|1|unidad||||
3|1|1482|0000000019822|0|CH. TL7 VIBR. STRAW. 20X16X14G|1.00|unidad| |1900.00|1900.00|1|unidad||||
3|1|1482|7790580104252|1|CH. TL7 VIOL. CHERRY 20X16X14G|1.00|unidad| |1900.00|1900.00|1|unidad||||
3|1|1482|7790580317607|1|CH. TL7 XPLOS. MINT 20X16X14G|1.00|unidad| |1900.00|1900.00|1|unidad||||
3|1|1482|8445290701961|1|Choc Bananita Dolca 30 grs|1.00|unidad| |2200.00|2200.00|1|unidad||||
3|1|1482|8445290701596|1|Choc. Bananita Dolca 14grs|1.00|unidad| |1200.00|1200.00|1|unidad||||
3|1|1482|7622202328947|1|Choc. Milka 55g Leche NVO|1.00|unidad| |6100.00|6100.00|1|unidad||||
3|1|1482|7790070418296|1|Chocoarroz Blanco est. 22g|1.00|unidad| |1800.00|1800.00|1|unidad||||
3|1|1482|7790070418203|1|Chocoarroz DL 22 gr|1.00|unidad| |1800.00|1800.00|1|unidad||||
3|1|1482|7790580103521|1|CHOCOLATE LECHE CON CONFITES COFLER X 55 G|1.00|unidad| |5800.00|5800.00|1|unidad||||
3|1|1482|7798304840851|1|CHOMPAlmedC/SsaDDL6x180g|1.00|unidad| |10200.00|10200.00|1|unidad||||
3|1|1482|7798130953640|1|CHUPETIN COCO POP X 17 G|1.00|unidad| |3500.00|3500.00|1|unidad||||
3|1|1482|7798130954777|1|CHUPETIN EMOTI POP 11GR|1.00|unidad| |3500.00|3500.00|1|unidad||||
3|1|1482|0000000023604|0|CIRCULAR MEMBRILLO X UN|1.00|unidad| |1500.00|1500.00|1|unidad||||
3|1|1482|7798085680516|1|CITRIC JUGO NARANJA MANGO TETRA X 500CC|1.00|unidad| |3700.00|3700.00|1|unidad||||
3|1|1482|7798085681834|1|CITRIC JUGO NARANJA TETRA X 1L|1.00|unidad| |5500.00|5500.00|1|unidad||||
3|1|1482|7798085681445|1|CITRIC JUGO NARANJA TETRA X 250CC|1.00|unidad| |2100.00|2100.00|1|unidad||||
3|1|1482|7798085681452|1|CITRIC JUGO NARANJA TETRA X 500CC|1.00|unidad| |3700.00|3700.00|1|unidad||||
3|1|1482|7798085680295|1|CITRIC JUGO NARANJA/ DURAZNO TETRA X 500CC|1.00|unidad| |3700.00|3700.00|1|unidad||||
3|1|1482|7790895000997|1|COCA-COLA X 2.25L|1.00|unidad| |8500.00|8500.00|1|unidad||||
3|1|1482|7790040659605|1|COFLER BLOCK ALFAJOR CHOCOLATE X 60 G|1.00|unidad| |2800.00|2800.00|1|unidad||||
3|1|1482|0000000018365|0|COFLER BLOCK CHOCOLATE C/LECHE Y MANI TAB.X 110GR|1.00|unidad| |7800.00|7800.00|1|unidad||||
3|1|1482|0000000015301|0|COFLER BLOCK CHOCOLATE C/LECHE Y MANI TAB.X 38GR|1.00|unidad| |3100.00|3100.00|1|unidad||||
3|1|1482|7790580105013|1|COFLER BLOCK CHOCOLATE X 170G|1.00|unidad| |13200.00|13200.00|1|unidad||||
3|1|1482|7790580115579|1|COFLER BLOCK CHOCOLATE X 1KG|1.00|unidad| |62900.00|62900.00|1|unidad||||
3|1|1482|7790580103385|1|COFLER CHOCOLATE AIREADO BCO/LECHE X 27 GR.|1.00|unidad| |3300.00|3300.00|1|unidad||||
3|1|1482|7790580103378|1|COFLER CHOCOLATE AIREADO BLANCO X 27 GR.|1.00|unidad| |3300.00|3300.00|1|unidad||||
3|1|1482|7790580115869|1|COFLER CHOCOLATE AIREADO BON O BON X 67G|1.00|unidad| |6500.00|6500.00|1|unidad||||
3|1|1482|7790580103361|1|COFLER CHOCOLATE AIREADO LECHE X 27 GR.|1.00|unidad| |3300.00|3300.00|1|unidad||||
3|1|1482|7790580043407|1|COFLER CHOCOLATE AIREADO LECHE X 55G|1.00|unidad| |6600.00|6600.00|1|unidad||||
3|1|1482|7790580003531|1|COFLER CHOCOLATE BCO&COOK X 55G|1.00|unidad| |5800.00|5800.00|1|unidad||||
3|1|1482|7790580043506|1|COFLER CHOCOLATE LECHE CON ALMENDRAS X 55G|1.00|unidad| |5800.00|5800.00|1|unidad||||
3|1|1482|0000000024109|0|CRIOLLITO X UN|1.00|unidad| |1500.00|1500.00|1|unidad||||
3|1|1482|0000000023957|0|CROISSANT J Y Q|1.00|unidad| |5800.00|5800.00|1|unidad||||
3|1|1482|7798024760798|1|CROQUE MONSIEUR J Y Q BLANCO X UN|1.00|unidad| |9100.00|9100.00|1|unidad||||
3|1|1482|7798024760804|1|CROQUE MONSIEUR J Y Q NEGRO X UN|1.00|unidad| |9100.00|9100.00|1|unidad||||
3|1|1482|0000000020568|0|CUADRADO DE PASTA FROLA|1.00|unidad| |4800.00|4800.00|1|unidad||||
3|1|1482|0000000023543|0|DELIVERY MEDIALUNAS X 6 UNIDADES|1.00|unidad| |205.00|205.00|1|unidad||||
3|1|1482|7795735000106|1|DON SATUR TALITAS X 140GR|1.00|unidad| |2200.00|2200.00|1|unidad||||
3|1|1482|7790206007509|1|DOS CORAZONES BOCADITO CHOC.C/LECHE RELL. X 26GR|1.00|unidad| |2100.00|2100.00|1|unidad||||
3|1|1482|7792799000035|1|ECO DE LOS ANDES AGUA CON GAS PET X 500CC.|1.00|unidad| |3000.00|3000.00|1|unidad||||
3|1|1482|7798128000486|1|EL CACHAFAZ ALFAJOR BLANCO FLOWPACK X 60 GR|1.00|unidad| |3100.00|3100.00|1|unidad||||
3|1|1482|7798128000462|1|EL CACHAFAZ ALFAJOR CHOCOLATE FLOWPACK X 60 GR|1.00|unidad| |3000.00|3000.00|1|unidad||||
3|1|1482|7798128001940|1|EL CACHAFAZ ALFAJOR DE MAICENA X 76G|1.00|unidad| |3100.00|3100.00|1|unidad||||
3|1|1482|7798128001797|1|EL CACHAFAZ CONITO DULCE DE LECHE X 38G|1.00|unidad| |2600.00|2600.00|1|unidad||||
3|1|1482|7798024760569|1|ENSALADA CESAR  PREMIUM X UN|1.00|unidad| |13000.00|13000.00|1|unidad||||
3|1|1482|7798024760392|1|ENSALADA CHEF PREMIUM X UN|1.00|unidad| |13000.00|13000.00|1|unidad||||
3|1|1482|7798024766417|1|ENSALADA MIX VEG.C/PECHUGUITAS AL SESAMO X UN|1.00|unidad| |13000.00|13000.00|1|unidad||||
3|1|1482|7613035242524|1|EPA DDL MAX 88GR|1.00|unidad| |6500.00|6500.00|1|unidad||||
3|1|1482|7613035242500|1|EPA ROCKER X 88G|1.00|unidad| |6500.00|6500.00|1|unidad||||
3|1|1482|7898024390121|1|FERRERO ROCHER BOMBON CHOC.RELL.PAQ.3 UNID X 37.5G|1.00|unidad| |5400.00|5400.00|1|unidad||||
3|1|1482|7798024760255|1|FIGAZZITAS DE SALAME Y QUESO X 2 UN|1.00|unidad| |8200.00|8200.00|1|unidad||||
3|1|1482|7798147780062|1|Franui sabor Black 150gr|1.00|unidad| |8500.00|8500.00|1|unidad||||
3|1|1482|7798147783223|1|Franui sabor Leche 150gr|1.00|unidad| |8500.00|8500.00|1|unidad||||
3|1|1482|7790070431936|1|Gallo YoguBar 20gr|1.00|unidad| |1700.00|1700.00|1|unidad||||
3|1|1482|0067061111111|1|GATORADE COOL BLUE PET X 500CC|1.00|unidad| |3900.00|3900.00|1|unidad||||
3|1|1482|0071971211111|1|GATORADE FRUTOS TROPICALES PET X 750CC|1.00|unidad| |4700.00|4700.00|1|unidad||||
3|1|1482|0066011111111|1|GATORADE MANZANA PET X 500CC|1.00|unidad| |3900.00|3900.00|1|unidad||||
3|1|1482|0042831111111|1|GATORADE MANZANA PET X 750CC|1.00|unidad| |4600.00|4600.00|1|unidad||||
3|1|1482|0006602111111|1|GATORADE NARANJA PET X 500CC|1.00|unidad| |3900.00|3900.00|1|unidad||||
3|1|1482|7798024766103|1|GRANDWICH PANINI GRIGLIATTI JAM/QUE/TOM/HUE X 210G|1.00|unidad| |6650.00|6650.00|1|unidad||||
3|1|1482|0000000023445|0|HALLS FREE MENTA X 28 G|1.00|unidad| |1450.00|1450.00|1|unidad||||
3|1|1482|7791249450277|1|HALLS MENTA LYPTUS CARAMELOS DUROS PAQ.X 28G|1.00|unidad| |1250.00|1250.00|1|unidad||||
3|1|1482|0000000023603|0|ICEDREAM CIRCULAR PASTELERA X UN|1.00|unidad| |1500.00|1500.00|1|unidad||||
3|1|1482|0028411111111|1|JORGITO ALFAJOR BLANCO X 50G|1.00|unidad| |1600.00|1600.00|1|unidad||||
3|1|1482|0011111112842|1|JORGITO ALFAJOR CHOCOLATE X 55G|1.00|unidad| |1600.00|1600.00|1|unidad||||
3|1|1482|7790957000545|1|JORGITO MINI ALFAJOR CHOCOLATE PAQ.X 6 UNID.|1.00|unidad| |4600.00|4600.00|1|unidad||||
3|1|1482|7790957000538|1|JORGITO MINI ALFAJOR GLACEADO PAQ.X 6 UNID.X 155GR|1.00|unidad| |4600.00|4600.00|1|unidad||||
3|1|1482|0000080052760|1|KINDER BUENO OBLEA CHOCOLATE CON LECHE X 43G|1.00|unidad| |4800.00|4800.00|1|unidad||||
3|1|1482|0000077949677|1|KINDER CHOCOLATE X 50G|1.00|unidad| |5500.00|5500.00|1|unidad||||
3|1|1482|7891000379073|1|KIT KAT DARK OBLEA BAÑADA CHOCOLATE X 41.5G|1.00|unidad| |2800.00|2800.00|1|unidad||||
3|1|1482|7891000379028|1|KIT KAT OBLEA BAÑADA CHOCOLATE BLANCO X 41.5G|1.00|unidad| |2800.00|2800.00|1|unidad||||
3|1|1482|7791337007260|1|Leche chocolatada Cindor 200ml|1.00|unidad| |3800.00|3800.00|1|unidad||||
3|1|1482|7791337007253|1|Leche chocolatada Cindor x 1L|1.00|unidad| |11500.00|11500.00|1|unidad||||
3|1|1482|7798368470391|1|LUCCIANO´S CHANTILLY X 100GR (02)|1.00|unidad| |7400.00|7400.00|1|unidad||||
3|1|1482|7798368470384|1|LUCCIANO´S CHOCOLATE C/CROCANTE X 100GR (01)|1.00|unidad| |7400.00|7400.00|1|unidad||||
3|1|1482|7798368470421|1|LUCCIANO´S CHOCOLATE X 90GR (05)|1.00|unidad| |7400.00|7400.00|1|unidad||||
3|1|1482|7798368470438|1|LUCCIANO´S DDL C/ CROCANTE X 90GR (06)|1.00|unidad| |7400.00|7400.00|1|unidad||||
3|1|1482|0000000024240|0|LUCCIANO´S DDL X 90GR (03)|1.00|unidad| |6000.00|6000.00|1|unidad||||
3|1|1482|7798368470476|1|LUCCIANO´S MINION ICE POP X 100GR (10)|1.00|unidad| |7900.00|7900.00|1|unidad||||
3|1|1482|7798368470469|1|LUCCIANO´S OLI KING X 90GR (09)|1.00|unidad| |7800.00|7800.00|1|unidad||||
3|1|1482|7798368470735|1|LUCCIANO´S PISTACCHIO X 95GR (08)|1.00|unidad| |7800.00|7800.00|1|unidad||||
3|1|1482|7798368470414|1|LUCCIANO´S SORBETE PATAGONIA X 90GR (04)|1.00|unidad| |7400.00|7400.00|1|unidad||||
3|1|1482|7613034797469|1|LUXOR BOMBON HELADO 53G|1.00|unidad| |3000.00|3000.00|1|unidad||||
3|1|1482|7797453001441|1|M&M Chocolate 48 Grs|1.00|unidad| |4800.00|4800.00|1|unidad||||
3|1|1482|7797453001458|1|M&M MANI PAQ. X 49 GR|1.00|unidad| |4800.00|4800.00|1|unidad||||
3|1|1482|7790387015324|1|MAÑANITA YERBA 4FLEX X 500 GR|1.00|unidad| |4400.00|4400.00|1|unidad||||
3|1|1482|7790206006106|1|MARROC BOCADITO X 14 GR.|1.00|unidad| |1200.00|1200.00|1|unidad||||
3|1|1482|7798024760125|1|MAX PREMIUM JyQ-TOM-HUE- PAN NGO X UN|1.00|unidad| |9600.00|9600.00|1|unidad||||
3|1|1482|7798024766172|1|MAX PREMIUM POLLO-RU-PAR-PAN NGO X UN|1.00|unidad| |9600.00|9600.00|1|unidad||||
3|1|1482|7798024760552|1|MAX TRIANGULO LIGHT POLLO-LEC-PAN NGO X UN|1.00|unidad| |9600.00|9600.00|1|unidad||||
3|1|1482|0000000023602|0|MEDIALUNA DE GRASA X UN|1.00|unidad| |1500.00|1500.00|1|unidad||||
3|1|1482|0000000023601|0|MEDIALUNA DE MANTECA X UN|1.00|unidad| |1500.00|1500.00|1|unidad||||
3|1|1482|7891000120057|1|MEGA AMERICANA CON ALMENDRAS X 74g|1.00|unidad| |7400.00|7400.00|1|unidad||||
3|1|1482|0000000020546|0|MENTHO-PLUS ACIDOS CEREZA X 27.2G|1.00|unidad| |1600.00|1600.00|1|unidad||||
3|1|1482|0000000020540|0|MENTHO-PLUS ACIDOS NARANJA X 27.2G|1.00|unidad| |1600.00|1600.00|1|unidad||||
3|1|1482|0000000021660|0|MENTHO-PLUS CARAMELOS INHALANTES DE CEREZA X 29.4G|1.00|unidad| |1000.00|1000.00|1|unidad||||
3|1|1482|0000000021663|0|MENTHO-PLUS CARAMELOS INHALANTES MIEL X 29.4G|1.00|unidad| |1000.00|1000.00|1|unidad||||
3|1|1482|0000000021661|0|MENTHO-PLUS CARAMELOS INHALANTES STRONG X 29.4G|1.00|unidad| |1000.00|1000.00|1|unidad||||
3|1|1482|0000000017476|0|MENTHO-PLUS CARAMELOS SIN AZUCAR CHERRY X 27.3G|1.00|unidad| |1600.00|1600.00|1|unidad||||
3|1|1482|0000000017474|0|MENTHO-PLUS CARAMELOS SIN AZUCAR MENTOL X 27.3G|1.00|unidad| |1600.00|1600.00|1|unidad||||
3|1|1482|0000000021664|0|MENTHOPLUS MENTA X 29.4G|1.00|unidad| |1000.00|1000.00|1|unidad||||
3|1|1482|0000000021662|0|MENTHOPLUS MENTOL X 29.4G|1.00|unidad| |1000.00|1000.00|1|unidad||||
3|1|1482|0000000021044|0|MENTHOPLUS ZERO CARAMELOS DURAZNO X 26.6G|1.00|unidad| |1600.00|1600.00|1|unidad||||
3|1|1482|0000000021047|0|MENTHOPLUS ZERO CARAMELOS STRONG X 26.6G|1.00|unidad| |1600.00|1600.00|1|unidad||||
3|1|1482|7895144699851|1|MENTOS CARAMELOS MASTICABLES SAB.FRUTA X 29.7GR|1.00|unidad| |1200.00|1200.00|1|unidad||||
3|1|1482|7895144699844|1|MENTOS CARAMELOS MASTICABLES SAB.MENTA X 29.7GR|1.00|unidad| |1200.00|1200.00|1|unidad||||
3|1|1482|0000000021770|0|MERMELADAS X UNIDAD|1.00|unidad| |50.00|50.00|1|unidad||||
3|1|1482|0000077903785|1|MILKA ALFAJOR MOUSSE TRIPLE X 55 GR.|1.00|unidad| |2800.00|2800.00|1|unidad||||
3|1|1482|7622300457303|1|MILKA ALFAJOR TRIPLE BLANCO X 55G|1.00|unidad| |2800.00|2800.00|1|unidad||||
3|1|1482|7622300844967|1|MILKA CHOCOLATE BLANCO CON DULCE DE LECHE X 67.5G|1.00|unidad| |7100.00|7100.00|1|unidad||||
3|1|1482|7622300844943|1|MILKA CHOCOLATE C DULCE DE LECHE X 67.5G|1.00|unidad| |7100.00|7100.00|1|unidad||||
3|1|1482|0000000021565|0|MILKA CHOCOLATE C/LECHE ALMENDRAS|1.00|unidad| |3290.00|3290.00|1|unidad||||
3|1|1482|7622300990114|1|MILKA CHOCOLATE CON LECHE X 150G|1.00|unidad| |13800.00|13800.00|1|unidad||||
3|1|1482|7622201818937|1|MILKA LEGER CHOCOLATE LECHE TABLETA X 50G|1.00|unidad| |5800.00|5800.00|1|unidad||||
3|1|1482|7790580116958|1|MOGUL CARAMELO DE GOMA DINOS X 30G|1.00|unidad| |800.00|800.00|1|unidad||||
3|1|1482|7790580129507|1|MOGUL CARAMELOS DE GOMA ACIDOS BOLSA X 60G|1.00|unidad| |1350.00|1350.00|1|unidad||||
3|1|1482|7790580169312|1|MOGUL CARAMELOS DE GOMA CEREBRITOS X 30G|1.00|unidad| |1200.00|1200.00|1|unidad||||
3|1|1482|7790580116460|1|MOGUL CARAMELOS DE GOMA EXTREME ACIDO ROLLO X 35G|1.00|unidad| |1200.00|1200.00|1|unidad||||
3|1|1482|7790580603809|1|MOGUL CARAMELOS DE GOMA FRUTALES ROLLO X 35G|1.00|unidad| |1200.00|1200.00|1|unidad||||
3|1|1482|7790580199913|1|MOGUL CARAMELOS DE GOMA OSITOS X 30 GR|1.00|unidad| |1200.00|1200.00|1|unidad||||
3|1|1482|7790580200114|1|MOGUL CARAMELOS DE GOMA TIBURON X 30G|1.00|unidad| |1200.00|1200.00|1|unidad||||
3|1|1482|7798422620014|1|MONSTER ENERGY GREEN X 473CC|1.00|unidad| |5200.00|5200.00|1|unidad||||
3|1|1482|7798422620045|1|MONSTER MANGO LOCO 473|1.00|unidad| |5200.00|5200.00|1|unidad||||
3|1|1482|7798422620021|1|MONSTER ULTRA x 473 CC|1.00|unidad| |5200.00|5200.00|1|unidad||||
3|1|1482|1111111111142|1|MUFFIN CHIPS CHOC X UN|1.00|unidad| |3900.00|3900.00|1|unidad||||
3|1|1482|1111111111145|1|MUFFIN VAINILLA C/DDL X UN|1.00|unidad| |3900.00|3900.00|1|unidad||||
3|1|1482|7798304841261|1|NESQUIK NUTRIACTIV B HEL.CHOCOLATE CON CALCIN-N|1.00|unidad| |1800.00|1800.00|1|unidad||||
3|1|1482|7622210723468|1|OREO GALLETITAS BAÑADAS CHOCOLATE x17gr|1.00|unidad| |200.00|200.00|1|unidad||||
3|1|1482|7899975800523|1|Oreo Palito AR 20 x 65g|1.00|unidad| |6500.00|6500.00|1|unidad||||
3|1|1482|7899975800509|1|OREO SANDWICH AR 81GR|1.00|unidad| |6500.00|6500.00|1|unidad||||
3|1|1482|7798304841124|1|OREO TACITA X 95G|1.00|unidad| |6500.00|6500.00|1|unidad||||
3|1|1482|0000000024088|0|PAN DE CHOCOLATE X UN|1.00|unidad| |3900.00|3900.00|1|unidad||||
3|1|1482|7798024766110|1|PANINI GRIGLIATTI DE PECETO X 210G|1.00|unidad| |6650.00|6650.00|1|unidad||||
3|1|1482|7791007000764|1|PAÑUELOS DESCARTABLES CAJA X 75 UNID|1.00|unidad| |3600.00|3600.00|1|unidad||||
3|1|1482|7791070003482|1|PAÑUELOS DESCARTABLES X UNID|1.00|unidad| |700.00|700.00|1|unidad||||
3|1|1482|7798024760781|1|PEBETE PECHUGA CRISPY X UN|1.00|unidad| |9200.00|9200.00|1|unidad||||
3|1|1482|7798024760361|1|PECHUGA GRILLE C/VEGETAL DEL HUERTO X UN|1.00|unidad| |11500.00|11500.00|1|unidad||||
3|1|1482|0000077915481|1|PEPITOS ALFAJOR TRIPLE DE CHOCOLATE X 57GR|1.00|unidad| |2800.00|2800.00|1|unidad||||
3|1|1482|7791813828365|1|PEPSI BLACK PET X 500CC|1.00|unidad| |3100.00|3100.00|1|unidad||||
3|1|1482|1111111111200|1|PICO DULCE CHUPETIN X 14 GR.|1.00|unidad| |500.00|500.00|1|unidad||||
3|1|1482|7790895641183|1|POWERADE FRUTAS TROPICALES PET X 500CC|1.00|unidad| |3300.00|3300.00|1|unidad||||
3|1|1482|7790895640018|1|POWERADE MANZANA PET X 500CC|1.00|unidad| |3300.00|3300.00|1|unidad||||
3|1|1482|7790895640025|1|POWERADE MOUNTAIN BLAST PET X 500CC|1.00|unidad| |3300.00|3300.00|1|unidad||||
3|1|1482|7791519200021|1|PRIME PRESERVATIVO ANATOMICO CAJA X 3 UNID.|1.00|unidad| |6000.00|6000.00|1|unidad||||
3|1|1482|7791519200076|1|PRIME PRESERVATIVO ESPERMICIDA CAJA X 3 UNID.|1.00|unidad| |6000.00|6000.00|1|unidad||||
3|1|1482|7791519000676|1|PRIME PRESERVATIVO EXTRA LUBRICADO CAJA X 3 UNID.|1.00|unidad| |6000.00|6000.00|1|unidad||||
3|1|1482|7791519200045|1|PRIME PRESERVATIVO SUPERFINO CAJA X 3 UNID.|1.00|unidad| |6000.00|6000.00|1|unidad||||
3|1|1482|7791519200090|1|PRIME PRESERVATIVO TACHAS CAJA X 3 UNID.|1.00|unidad| |6000.00|6000.00|1|unidad||||
3|1|1482|7791519200069|1|PRIME PRESERVATIVO TEXTURADO CAJA X 3 UNID.|1.00|unidad| |6000.00|6000.00|1|unidad||||
3|1|1482|7790742167101|1|Queso Finlandia Chef Cheddar 150gr PAQUETE INSUMO|1.00|unidad| |0.01|0.01|1|unidad||||
3|1|1482|0045011111111|1|RED BULL ENERGY DRINK LATA X 250 CC|1.00|unidad| |5000.00|5000.00|1|unidad||||
3|1|1482|0000090435225|1|RED BULL ENERGY DRINK LATA X 355 CC|1.00|unidad| |6200.00|6200.00|1|unidad||||
3|1|1482|9002490232054|1|RED BULL ENERGY DRINK SUGAR FREE LATA X 250CC|1.00|unidad| |5000.00|5000.00|1|unidad||||
3|1|1482|7790580327415|1|ROCKLETS CONFITES DE CHOCOLATE PAQ. X 40 GR|1.00|unidad| |2800.00|2800.00|1|unidad||||
3|1|1482|7790580327613|1|ROCKLETS NARANJA MANI C/CHOCOLATE CONFITADO X 40G|1.00|unidad| |2800.00|2800.00|1|unidad||||
3|1|1482|7798024760507|1|ROLL CHICKEN CAESAR X 210GR|1.00|unidad| |9600.00|9600.00|1|unidad||||
3|1|1482|0000000023605|0|SACRAMENTO MEMBRILLO X UN|1.00|unidad| |1500.00|1500.00|1|unidad||||
3|1|1482|7790580716806|1|SALADIX GALLETITAS SAB. CALABRESA CAJA X 100G|1.00|unidad| |2900.00|2900.00|1|unidad||||
3|1|1482|7790580716707|1|SALADIX GALLETITAS SAB. JAMON CAJA X 100G|1.00|unidad| |2900.00|2900.00|1|unidad||||
3|1|1482|7790580697303|1|SALADIX GALLETITAS SAB. PIZZA CAJA X 100G|1.00|unidad| |2900.00|2900.00|1|unidad||||
3|1|1482|7790040374607|1|SALADIX GALLETITAS SAB.DUO CAJA X 80G|1.00|unidad| |2900.00|2900.00|1|unidad||||
3|1|1482|7790040123434|1|SALADIX GALLETITAS SAB.KESITOS X80G|1.00|unidad| |2500.00|2500.00|1|unidad||||
3|1|1482|0000077956699|1|SHOT ALFAJOR TRISHOT TRIPLE X 60G|1.00|unidad| |2800.00|2800.00|1|unidad||||
3|1|1482|7622300424084|1|SHOT CHOCOLATE CON LECHE Y MANI TABLETA X 170 GR|1.00|unidad| |11900.00|11900.00|1|unidad||||
3|1|1482|0000077914217|1|SHOT CHOCOLATE LECHE CON MANI TABLETA X 35G|1.00|unidad| |2900.00|2900.00|1|unidad||||
3|1|1482|7798304841803|1|SIN PARAR CHOCOLATE DULCE DE LECHE X 90G|1.00|unidad| |2900.00|2900.00|1|unidad||||
3|1|1482|7798304841797|1|SIN PARAR DULCE DE LECHE Y AMERICANA X 90G|1.00|unidad| |2900.00|2900.00|1|unidad||||
3|1|1482|7798304841780|1|SIN PARAR FRUTILLA CREMA X 90G|1.00|unidad| |2900.00|2900.00|1|unidad||||
3|1|1482|0022000018465|1|SKITTLES CONFITES ORIGINAL FRUIT PAQ.X 61.5GR|1.00|unidad| |4500.00|4500.00|1|unidad||||
3|1|1482|0022000018489|1|SKITTLES CONFITES WILDBERRY PAQ.X 61.5GR|1.00|unidad| |4500.00|4500.00|1|unidad||||
3|1|1482|7790895646027|1|SMART WATER C/G 591 ML|1.00|unidad| |3300.00|3300.00|1|unidad||||
3|1|1482|7790895645778|1|SMART WATER S/G 591 ML|1.00|unidad| |3300.00|3300.00|1|unidad||||
3|1|1482|7506174512248|1|SNICKERS BARRA RELL.MANI CUB.C/CHOCOLATE X 48 GR|1.00|unidad| |4500.00|4500.00|1|unidad||||
3|1|1482|0522111111111|1|SPEED UNLIMITED LATA X 250CC|1.00|unidad| |3800.00|3800.00|1|unidad||||
3|1|1482|0040000000518|1|STARBURST CARAMELO MASTICABLE SURTIDO PAQ.X 58.7G|1.00|unidad| |4900.00|4900.00|1|unidad||||
3|1|1482|7790580060206|1|SUGUS CARAMELO MASTICABLE SUELTO X 3.3 GR|1.00|unidad| |50.00|50.00|1|unidad||||
3|1|1482|7790580056001|1|SUGUS CONFITADOS CONFITES DE CARAMELO SURT.X 50 G|1.00|unidad| |2000.00|2000.00|1|unidad||||
3|1|1482|7790387000849|1|TARAGUI MATE COCIDO X 25 UNID S ENS|1.00|unidad| |130.00|130.00|1|unidad||||
3|1|1482|0029601111111|1|TARAGUI MATE LISTO X 35 GR.|1.00|unidad| |3900.00|3900.00|1|unidad||||
3|1|1482|0029621111111|1|TARAGUI TERMO MATE-LISTO CAPACIDAD 500 CC.|1.00|unidad| |5800.00|5800.00|1|unidad||||
3|1|1482|7790387013627|1|TARAGUI YERBA 4FLEX X 500 GR.|1.00|unidad| |4400.00|4400.00|1|unidad||||
3|1|1482|0000077939234|1|TERRABUSI ALFAJOR CHOCOLATE X 50 GR|1.00|unidad| |1900.00|1900.00|1|unidad||||
3|1|1482|0000077903792|1|TERRABUSI ALFAJOR TRIPLE CHOCOLATE X 70G.|1.00|unidad| |2800.00|2800.00|1|unidad||||
3|1|1482|0000077903860|1|TERRABUSI ALFAJOR TRIPLE TIPO TORTA CHOCOLAT.X 70G|1.00|unidad| |2800.00|2800.00|1|unidad||||
3|1|1482|7622300335052|1|TERRABUSI SNACKY X 60GR|1.00|unidad| |4400.00|4400.00|1|unidad||||
3|1|1482|7861002910314|1|TIC TAC PASTILLAS SABOR MENTA CAJA X 16 GR.|1.00|unidad| |1500.00|1500.00|1|unidad||||
3|1|1482|7861002910321|1|TIC TAC PASTILLAS SABOR NARANJA CAJA X 16 GR.|1.00|unidad| |1500.00|1500.00|1|unidad||||
3|1|1482|7790580746612|1|TOFI CHOCOLATE C/LECHE RELLENO D.LECHE X 55G|1.00|unidad| |400.00|400.00|1|unidad||||
3|1|1482|7798024760354|1|TOP PBT DE JAMON COCIDO Y QUESO X UN|1.00|unidad| |8200.00|8200.00|1|unidad||||
3|1|1482|0000000019823|0|TOPLINE 7 CHICLE S/AZUCAR ATM STRONG X 14G|1.00|unidad| |1900.00|1900.00|1|unidad||||
3|1|1482|0000000018843|0|TOPLINE 7 CHICLE S/AZUCAR MANDARINA  CAJA X 14G|1.00|unidad| |1900.00|1900.00|1|unidad||||
3|1|1482|7790580120573|1|TOPLINE 7 ULTRA CLEAN X 24G|1.00|unidad| |3300.00|3300.00|1|unidad||||
3|1|1482|7790580120702|1|TOPLINE 7 ULTRA GREEN MINT X 24G|1.00|unidad| |3300.00|3300.00|1|unidad||||
3|1|1482|7790580121013|1|TOPLINE 7 ULTRA RED BERRY X 24G|1.00|unidad| |3300.00|3300.00|1|unidad||||
3|1|1482|7798304841421|1|TORPEDO FRUTILLA|1.00|unidad| |2000.00|2000.00|1|unidad||||
3|1|1482|7798304841414|1|TORPEDO LIMON|1.00|unidad| |2000.00|2000.00|1|unidad||||
3|1|1482|7798024760460|1|TRIPLE MIGA BLANCO J.COCIDO Y QUESO X 3 UN|1.00|unidad| |8700.00|8700.00|1|unidad||||
3|1|1482|7798024760477|1|TRIPLE MIGA NEGRO J.COCIDO Y QUESO X 3 UN|1.00|unidad| |8700.00|8700.00|1|unidad||||
3|1|1482|7622202839962|1|VARIEDAD GALLETITAS DULCES SURTIDAS X 390GR.|1.00|unidad|VARIEDAD|5500.00|5500.00|1|unidad||||
3|1|1482|0016871111111|1|VASO REUTILIZABLE|1.00|unidad| |4000.00|4000.00|1|unidad||||
3|1|1482|0000000004361|0|VAUQUITA TABLETA DE DULCE DE LECHE X 25 GR.|1.00|unidad| |180.00|180.00|1|unidad||||
3|1|1482|7790315100184|1|VDS LEVITE CERO AGUA S/G MANZANA PET X 500cc|1.00|unidad| |3100.00|3100.00|1|unidad||||
3|1|1482|0021352111111|1|VDS LEVITE CERO AGUA S/G NARANJA PET X 500cc|1.00|unidad| |3100.00|3100.00|1|unidad||||
3|1|1482|0021347111111|1|VILLA DEL SUR LEVITE S/G MANZANA PET X 500cc|1.00|unidad| |3100.00|3100.00|1|unidad||||
3|1|1482|7798062548655|1|VILLA DEL SUR LEVITE S/G NARANJA PET X 500cc|1.00|unidad| |3100.00|3100.00|1|unidad||||
3|1|1482|0021349111111|1|VILLA DEL SUR LEVITE S/G PERA PET X 500cc|1.00|unidad| |3100.00|3100.00|1|unidad||||
3|1|1482|7799155000982|1|VILLA DEL SUR LEVITE S/G POMELO PET X 500cc|1.00|unidad| |3100.00|3100.00|1|unidad||||
3|1|1482|7799155000210|1|VILLAVICENCIO AGUA FINAMENTE GASIFICADA PET X 1.5L|1.00|unidad| |4800.00|4800.00|1|unidad||||
3|1|1482|7799155000203|1|VILLAVICENCIO AGUA FINAMENTE GASIFICADA PET X 500C|1.00|unidad| |3300.00|3300.00|1|unidad||||
3|1|1482|0022000293220|1|Wrigleys Doubl 12.5g|1.00|unidad| |2500.00|2500.00|1|unidad||||
3|1|1482|0022000293305|1|Wrigleys Spear 12.5g|1.00|unidad| |2500.00|2500.00|1|unidad||||
3|1|1482|7791337010826|1|Yogurisimo Botellita Frutilla x 190g|1.00|unidad| |5500.00|5500.00|1|unidad||||
3|1|1482|7798187760246|1|ZAFRAN BARRA DE CEREAL ALM/COCO X 28G|1.00|unidad| |1800.00|1800.00|1|unidad||||
3|1|1482|7798187760277|1|ZAFRAN BARRA DE CEREAL CAJU/ZAPALLO 28G|1.00|unidad| |1800.00|1800.00|1|unidad||||
3|1|1482|7798187760253|1|ZAFRAN BARRA DE CEREAL MANI/CACAO 28G|1.00|unidad| |1800.00|1800.00|1|unidad||||
3|1|1482|7798187760260|1|ZAFRAN BARRA DE CEREAL MZNA/CHIA 28G|1.00|unidad| |1800.00|1800.00|1|unidad||||
3|1|1506|7791813434412|1|7UP FREE PET X 1.5L|1.00|unidad| |5200.00|5200.00|1|unidad||||
3|1|1506|0000000023897|0|AFEITADORA BIC COMFORT  3|1.00|unidad| |820.00|820.00|1|unidad||||
3|1|1506|7790580109882|1|AGUILA EXTRAFINO 60% CACAO X 150 GR|1.00|unidad| |16100.00|16100.00|1|unidad||||
3|1|1506|7790040133594|1|AGUILA MINITORTA BROWNIE X 72G|1.00|unidad| |3100.00|3100.00|1|unidad||||
3|1|1506|7790040298705|1|AGUILA MINITORTA DDLECHE/MOUSSE SAB.VAINILLA X 72G|1.00|unidad| |3100.00|3100.00|1|unidad||||
3|1|1506|0000000023956|0|ALFAJOR CHOCOLATE|1.00|unidad| |2350.00|2350.00|1|unidad||||
3|1|1506|0000000023280|0|ALFAJORES DE MAICENA|1.00|unidad| |2350.00|2350.00|1|unidad||||
3|1|1506|7790580607418|1|ARCOR CHOCOLATE BLANCO TABLETA X 25 GR|1.00|unidad| |2500.00|2500.00|1|unidad||||
3|1|1506|7790580607210|1|ARCOR CHOCOLATE CON LECHE TABLETA X 25GR|1.00|unidad| |2500.00|2500.00|1|unidad||||
3|1|1506|0000000001339|0|ARCOR OBLEA RELLENA C/PASTA DE TURRON Y MANI X 25G|1.00|unidad| |700.00|700.00|1|unidad||||
3|1|1506|7793360294600|1|BC JUGO MANZANA TETRA X 200CC|1.00|unidad| |1300.00|1300.00|1|unidad||||
3|1|1506|7793360246609|1|BC JUGO NARANJA TETRA X 200CC.|1.00|unidad| |1300.00|1300.00|1|unidad||||
3|1|1506|7790580154264|1|BEB MULTIFRUTA BC 24X200ML|1.00|unidad| |1300.00|1300.00|1|unidad||||
3|1|1506|7792730020559|1|BIZNIKKE NEVADO CHOCOLATE TABLETA X 120 GR.|1.00|unidad| |9200.00|9200.00|1|unidad||||
3|1|1506|7790580722708|1|BOMBON TOFI LECHE X 15G|1.00|unidad| |2100.00|2100.00|1|unidad||||
3|1|1506|7790040613607|1|Bon O Bon Alfajor Chocolate Blanco x40 gr|1.00|unidad| |2100.00|2100.00|1|unidad||||
3|1|1506|7790040613706|1|BON O BON ALFAJOR CHOCOLATE NEGRO/LECHE X 40G|1.00|unidad| |2100.00|2100.00|1|unidad||||
3|1|1506|0000000021586|0|BON-O-BON BOMBON AGUILA X 15G|1.00|unidad| |1100.00|1100.00|1|unidad||||
3|1|1506|7790580119058|1|BON-O-BON BOMBON CHOCOLATE BLANCO X 15G|1.00|unidad| |1100.00|1100.00|1|unidad||||
3|1|1506|0000000021587|0|BON-O-BON BOMBON CHOCOLINA X 15G|1.00|unidad| |1100.00|1100.00|1|unidad||||
3|1|1506|7792360072409|1|BONAFIDE BOCADITO DDL X 16G|1.00|unidad| |1800.00|1800.00|1|unidad||||
3|1|1506|0000000021151|0|BROWNIE ARTESANAL|1.00|unidad| |5850.00|5850.00|1|unidad||||
3|1|1506|0000000023273|0|BUDIN BANANA Y DDL|1.00|unidad| |5300.00|5300.00|1|unidad||||
3|1|1506|0000000021701|0|BUDIN DE FRUTOS SECOS|1.00|unidad| |5300.00|5300.00|1|unidad||||
3|1|1506|0000000021700|0|BUDIN DE LIMON Y ARANDANOS|1.00|unidad| |5300.00|5300.00|1|unidad||||
3|1|1506|7790407022011|1|CABSHA BOCADITO X 10G|1.00|unidad| |1000.00|1000.00|1|unidad||||
3|1|1506|7798128000271|1|CACHAFAZ ALFAJOR MOUSSE X 50G|1.00|unidad| |3400.00|3400.00|1|unidad||||
3|1|1506|7622201818739|1|CADBURY CHOCOLATE C/LECHE TRES SUEÑOS X 82G|1.00|unidad| |8200.00|8200.00|1|unidad||||
3|1|1506|7622201818654|1|CADBURY CHOCOLATE RELLENO YOGHURT FRUTILLA X 29G|1.00|unidad| |3500.00|3500.00|1|unidad||||
3|1|1506|7622202271250|1|Caram. Halls 12u Strong Nvo|1.00|unidad| |1350.00|1350.00|1|unidad||||
3|1|1506|7622202247286|1|Caram. Halls Cherry Nvo 28 Grs|1.00|unidad| |1350.00|1350.00|1|unidad||||
3|1|1506|7790895649301|1|CEPITA 20% NARANJA 200ML|1.00|unidad| |2200.00|2200.00|1|unidad||||
3|1|1506|7790895009853|1|CEPITA JUGO MANZANA BOTELLA X 1L|1.00|unidad| |6100.00|6100.00|1|unidad||||
3|1|1506|7790895000720|1|CEPITA JUGO MANZANA TETRA X 200CC.|1.00|unidad| |2200.00|2200.00|1|unidad||||
3|1|1506|7790895647017|1|CEPITA JUGO MANZANA ZINC TETRA X 1 LT.|1.00|unidad| |4450.00|4450.00|1|unidad||||
3|1|1506|7790895000737|1|CEPITA JUGO MULTIFRUTA TETRA X 200CC|1.00|unidad| |2200.00|2200.00|1|unidad||||
3|1|1506|7790895647123|1|CEPITA JUGO MULTIFRUTA ZINC TETRA X 1 LT.|1.00|unidad| |4450.00|4450.00|1|unidad||||
3|1|1506|7790895648267|1|CEPITA NARANJA 20% 1L|1.00|unidad| |4450.00|4450.00|1|unidad||||
3|1|1506|7790895009815|1|CEPITA NARANJA 995CC|1.00|unidad| |6100.00|6100.00|1|unidad||||
3|1|1506|0000000022630|0|CEREAL MIX BARRA DE CEREAL C/FRUTILLA&YOGHURT X26G|1.00|unidad| |2000.00|2000.00|1|unidad||||
3|1|1506|0000000001341|0|CEREAL MIX BARRA DE CEREAL X 23G|1.00|unidad| |2000.00|2000.00|1|unidad||||
3|1|1506|0000000022631|0|CEREAL MIX BARRA DE CEREAL YOGH/FRUTIL.L.X26g|1.00|unidad| |2000.00|2000.00|1|unidad||||
3|1|1506|7790580123345|1|CH. TL7 MENTHOL 20X16X14G|1.00|unidad| |2300.00|2300.00|1|unidad||||
3|1|1506|0000000019822|0|CH. TL7 VIBR. STRAW. 20X16X14G|1.00|unidad| |2300.00|2300.00|1|unidad||||
3|1|1506|7790580104252|1|CH. TL7 VIOL. CHERRY 20X16X14G|1.00|unidad| |2300.00|2300.00|1|unidad||||
3|1|1506|7790580317607|1|CH. TL7 XPLOS. MINT 20X16X14G|1.00|unidad| |2300.00|2300.00|1|unidad||||
3|1|1506|8445290701961|1|Choc Bananita Dolca 30 grs|1.00|unidad| |2400.00|2400.00|1|unidad||||
3|1|1506|8445290701596|1|Choc. Bananita Dolca 14grs|1.00|unidad| |1400.00|1400.00|1|unidad||||
3|1|1506|7622202328947|1|Choc. Milka 55g Leche NVO|1.00|unidad| |6400.00|6400.00|1|unidad||||
3|1|1506|7790070418296|1|Chocoarroz Blanco est. 22g|1.00|unidad| |2000.00|2000.00|1|unidad||||
3|1|1506|7790070418203|1|Chocoarroz DL 22 gr|1.00|unidad| |2000.00|2000.00|1|unidad||||
3|1|1506|7790580103521|1|CHOCOLATE LECHE CON CONFITES COFLER X 55 G|1.00|unidad| |6200.00|6200.00|1|unidad||||
3|1|1506|7798304840851|1|CHOMPAlmedC/SsaDDL6x180g|1.00|unidad| |10700.00|10700.00|1|unidad||||
3|1|1506|7798130953640|1|CHUPETIN COCO POP X 17 G|1.00|unidad| |3600.00|3600.00|1|unidad||||
3|1|1506|7798130954777|1|CHUPETIN EMOTI POP 11GR|1.00|unidad| |3600.00|3600.00|1|unidad||||
3|1|1506|0000000023604|0|CIRCULAR MEMBRILLO X UN|1.00|unidad| |1700.00|1700.00|1|unidad||||
3|1|1506|7798085680516|1|CITRIC JUGO NARANJA MANGO TETRA X 500CC|1.00|unidad| |3850.00|3850.00|1|unidad||||
3|1|1506|7798085681834|1|CITRIC JUGO NARANJA TETRA X 1L|1.00|unidad| |5750.00|5750.00|1|unidad||||
3|1|1506|7798085681445|1|CITRIC JUGO NARANJA TETRA X 250CC|1.00|unidad| |2200.00|2200.00|1|unidad||||
3|1|1506|7798085681452|1|CITRIC JUGO NARANJA TETRA X 500CC|1.00|unidad| |3850.00|3850.00|1|unidad||||
3|1|1506|7798085680295|1|CITRIC JUGO NARANJA/ DURAZNO TETRA X 500CC|1.00|unidad| |3850.00|3850.00|1|unidad||||
3|1|1506|7790895000997|1|COCA-COLA X 2.25L|1.00|unidad| |8950.00|8950.00|1|unidad||||
3|1|1506|7790040659605|1|COFLER BLOCK ALFAJOR CHOCOLATE X 60 G|1.00|unidad| |3100.00|3100.00|1|unidad||||
3|1|1506|0000000018365|0|COFLER BLOCK CHOCOLATE C/LECHE Y MANI TAB.X 110GR|1.00|unidad| |8300.00|8300.00|1|unidad||||
3|1|1506|0000000015301|0|COFLER BLOCK CHOCOLATE C/LECHE Y MANI TAB.X 38GR|1.00|unidad| |3400.00|3400.00|1|unidad||||
3|1|1506|7790580105013|1|COFLER BLOCK CHOCOLATE X 170G|1.00|unidad| |14000.00|14000.00|1|unidad||||
3|1|1506|7790580115579|1|COFLER BLOCK CHOCOLATE X 1KG|1.00|unidad| |66200.00|66200.00|1|unidad||||
3|1|1506|7790580103385|1|COFLER CHOCOLATE AIREADO BCO/LECHE X 27 GR.|1.00|unidad| |3600.00|3600.00|1|unidad||||
3|1|1506|7790580103378|1|COFLER CHOCOLATE AIREADO BLANCO X 27 GR.|1.00|unidad| |3600.00|3600.00|1|unidad||||
3|1|1506|7790580115869|1|COFLER CHOCOLATE AIREADO BON O BON X 67G|1.00|unidad| |7000.00|7000.00|1|unidad||||
3|1|1506|7790580103361|1|COFLER CHOCOLATE AIREADO LECHE X 27 GR.|1.00|unidad| |3600.00|3600.00|1|unidad||||
3|1|1506|7790580043407|1|COFLER CHOCOLATE AIREADO LECHE X 55G|1.00|unidad| |7100.00|7100.00|1|unidad||||
3|1|1506|7790580003531|1|COFLER CHOCOLATE BCO&COOK X 55G|1.00|unidad| |6200.00|6200.00|1|unidad||||
3|1|1506|7790580043506|1|COFLER CHOCOLATE LECHE CON ALMENDRAS X 55G|1.00|unidad| |6200.00|6200.00|1|unidad||||
3|1|1506|0000000024109|0|CRIOLLITO X UN|1.00|unidad| |1700.00|1700.00|1|unidad||||
3|1|1506|0000000023957|0|CROISSANT J Y Q|1.00|unidad| |6400.00|6400.00|1|unidad||||
3|1|1506|7798024760798|1|CROQUE MONSIEUR J Y Q BLANCO X UN|1.00|unidad| |10100.00|10100.00|1|unidad||||
3|1|1506|7798024760804|1|CROQUE MONSIEUR J Y Q NEGRO X UN|1.00|unidad| |10100.00|10100.00|1|unidad||||
3|1|1506|0000000020568|0|CUADRADO DE PASTA FROLA|1.00|unidad| |5300.00|5300.00|1|unidad||||
3|1|1506|0000000023543|0|DELIVERY MEDIALUNAS X 6 UNIDADES|1.00|unidad| |205.00|205.00|1|unidad||||
3|1|1506|7795735000106|1|DON SATUR TALITAS X 140GR|1.00|unidad| |2800.00|2800.00|1|unidad||||
3|1|1506|7790206007509|1|DOS CORAZONES BOCADITO CHOC.C/LECHE RELL. X 26GR|1.00|unidad| |2200.00|2200.00|1|unidad||||
3|1|1506|7792799000035|1|ECO DE LOS ANDES AGUA CON GAS PET X 500CC.|1.00|unidad| |3300.00|3300.00|1|unidad||||
3|1|1506|7798128000486|1|EL CACHAFAZ ALFAJOR BLANCO FLOWPACK X 60 GR|1.00|unidad| |3300.00|3300.00|1|unidad||||
3|1|1506|7798128000462|1|EL CACHAFAZ ALFAJOR CHOCOLATE FLOWPACK X 60 GR|1.00|unidad| |3200.00|3200.00|1|unidad||||
3|1|1506|7798128001940|1|EL CACHAFAZ ALFAJOR DE MAICENA X 76G|1.00|unidad| |3300.00|3300.00|1|unidad||||
3|1|1506|7798128001797|1|EL CACHAFAZ CONITO DULCE DE LECHE X 38G|1.00|unidad| |2700.00|2700.00|1|unidad||||
3|1|1506|7798024760569|1|ENSALADA CESAR  PREMIUM X UN|1.00|unidad| |14300.00|14300.00|1|unidad||||
3|1|1506|7798024760392|1|ENSALADA CHEF PREMIUM X UN|1.00|unidad| |14300.00|14300.00|1|unidad||||
3|1|1506|7798024766417|1|ENSALADA MIX VEG.C/PECHUGUITAS AL SESAMO X UN|1.00|unidad| |14300.00|14300.00|1|unidad||||
3|1|1506|7613035242524|1|EPA DDL MAX 88GR|1.00|unidad| |6800.00|6800.00|1|unidad||||
3|1|1506|7613035242500|1|EPA ROCKER X 88G|1.00|unidad| |6800.00|6800.00|1|unidad||||
3|1|1506|7898024390121|1|FERRERO ROCHER BOMBON CHOC.RELL.PAQ.3 UNID X 37.5G|1.00|unidad| |5600.00|5600.00|1|unidad||||
3|1|1506|7798024760255|1|FIGAZZITAS DE SALAME Y QUESO X 2 UN|1.00|unidad| |9100.00|9100.00|1|unidad||||
3|1|1506|7798147780062|1|Franui sabor Black 150gr|1.00|unidad| |8500.00|8500.00|1|unidad||||
3|1|1506|7798147783223|1|Franui sabor Leche 150gr|1.00|unidad| |8500.00|8500.00|1|unidad||||
3|1|1506|7790070431936|1|Gallo YoguBar 20gr|1.00|unidad| |1800.00|1800.00|1|unidad||||
3|1|1506|0067061111111|1|GATORADE COOL BLUE PET X 500CC|1.00|unidad| |4300.00|4300.00|1|unidad||||
3|1|1506|0071971211111|1|GATORADE FRUTOS TROPICALES PET X 750CC|1.00|unidad| |5200.00|5200.00|1|unidad||||
3|1|1506|0066011111111|1|GATORADE MANZANA PET X 500CC|1.00|unidad| |4300.00|4300.00|1|unidad||||
3|1|1506|0042831111111|1|GATORADE MANZANA PET X 750CC|1.00|unidad| |5100.00|5100.00|1|unidad||||
3|1|1506|0006602111111|1|GATORADE NARANJA PET X 500CC|1.00|unidad| |4300.00|4300.00|1|unidad||||
3|1|1506|7798024766103|1|GRANDWICH PANINI GRIGLIATTI JAM/QUE/TOM/HUE X 210G|1.00|unidad| |7350.00|7350.00|1|unidad||||
3|1|1506|0000000023445|0|HALLS FREE MENTA X 28 G|1.00|unidad| |1500.00|1500.00|1|unidad||||
3|1|1506|7791249450277|1|HALLS MENTA LYPTUS CARAMELOS DUROS PAQ.X 28G|1.00|unidad| |1300.00|1300.00|1|unidad||||
3|1|1506|0000000023603|0|ICEDREAM CIRCULAR PASTELERA X UN|1.00|unidad| |1700.00|1700.00|1|unidad||||
3|1|1506|0028411111111|1|JORGITO ALFAJOR BLANCO X 50G|1.00|unidad| |1800.00|1800.00|1|unidad||||
3|1|1506|0011111112842|1|JORGITO ALFAJOR CHOCOLATE X 55G|1.00|unidad| |1800.00|1800.00|1|unidad||||
3|1|1506|7790957000545|1|JORGITO MINI ALFAJOR CHOCOLATE PAQ.X 6 UNID.|1.00|unidad| |4900.00|4900.00|1|unidad||||
3|1|1506|7790957000538|1|JORGITO MINI ALFAJOR GLACEADO PAQ.X 6 UNID.X 155GR|1.00|unidad| |4900.00|4900.00|1|unidad||||
3|1|1506|0000080052760|1|KINDER BUENO OBLEA CHOCOLATE CON LECHE X 43G|1.00|unidad| |4900.00|4900.00|1|unidad||||
3|1|1506|0000077949677|1|KINDER CHOCOLATE X 50G|1.00|unidad| |5700.00|5700.00|1|unidad||||
3|1|1506|7891000379073|1|KIT KAT DARK OBLEA BAÑADA CHOCOLATE X 41.5G|1.00|unidad| |3000.00|3000.00|1|unidad||||
3|1|1506|7891000379028|1|KIT KAT OBLEA BAÑADA CHOCOLATE BLANCO X 41.5G|1.00|unidad| |3000.00|3000.00|1|unidad||||
3|1|1506|7791337007260|1|Leche chocolatada Cindor 200ml|1.00|unidad| |3800.00|3800.00|1|unidad||||
3|1|1506|7791337007253|1|Leche chocolatada Cindor x 1L|1.00|unidad| |11500.00|11500.00|1|unidad||||
3|1|1506|7798368470391|1|LUCCIANO´S CHANTILLY X 100GR (02)|1.00|unidad| |7400.00|7400.00|1|unidad||||
3|1|1506|7798368470384|1|LUCCIANO´S CHOCOLATE C/CROCANTE X 100GR (01)|1.00|unidad| |7400.00|7400.00|1|unidad||||
3|1|1506|7798368470421|1|LUCCIANO´S CHOCOLATE X 90GR (05)|1.00|unidad| |7400.00|7400.00|1|unidad||||
3|1|1506|7798368470438|1|LUCCIANO´S DDL C/ CROCANTE X 90GR (06)|1.00|unidad| |7400.00|7400.00|1|unidad||||
3|1|1506|0000000024240|0|LUCCIANO´S DDL X 90GR (03)|1.00|unidad| |6000.00|6000.00|1|unidad||||
3|1|1506|7798368470476|1|LUCCIANO´S MINION ICE POP X 100GR (10)|1.00|unidad| |7900.00|7900.00|1|unidad||||
3|1|1506|7798368470469|1|LUCCIANO´S OLI KING X 90GR (09)|1.00|unidad| |7800.00|7800.00|1|unidad||||
3|1|1506|7798368470735|1|LUCCIANO´S PISTACCHIO X 95GR (08)|1.00|unidad| |7800.00|7800.00|1|unidad||||
3|1|1506|7798368470414|1|LUCCIANO´S SORBETE PATAGONIA X 90GR (04)|1.00|unidad| |7400.00|7400.00|1|unidad||||
3|1|1506|7613034797469|1|LUXOR BOMBON HELADO 53G|1.00|unidad| |3100.00|3100.00|1|unidad||||
3|1|1506|7797453001441|1|M&M Chocolate 48 Grs|1.00|unidad| |5000.00|5000.00|1|unidad||||
3|1|1506|7797453001458|1|M&M MANI PAQ. X 49 GR|1.00|unidad| |5000.00|5000.00|1|unidad||||
3|1|1506|7790387015324|1|MAÑANITA YERBA 4FLEX X 500 GR|1.00|unidad| |4600.00|4600.00|1|unidad||||
3|1|1506|7790206006106|1|MARROC BOCADITO X 14 GR.|1.00|unidad| |1250.00|1250.00|1|unidad||||
3|1|1506|7798024760125|1|MAX PREMIUM JyQ-TOM-HUE- PAN NGO X UN|1.00|unidad| |10600.00|10600.00|1|unidad||||
3|1|1506|7798024766172|1|MAX PREMIUM POLLO-RU-PAR-PAN NGO X UN|1.00|unidad| |10600.00|10600.00|1|unidad||||
3|1|1506|7798024760552|1|MAX TRIANGULO LIGHT POLLO-LEC-PAN NGO X UN|1.00|unidad| |10600.00|10600.00|1|unidad||||
3|1|1506|0000000023602|0|MEDIALUNA DE GRASA X UN|1.00|unidad| |1700.00|1700.00|1|unidad||||
3|1|1506|0000000023601|0|MEDIALUNA DE MANTECA X UN|1.00|unidad| |1700.00|1700.00|1|unidad||||
3|1|1506|7891000120057|1|MEGA AMERICANA CON ALMENDRAS X 74g|1.00|unidad| |7600.00|7600.00|1|unidad||||
3|1|1506|0000000020546|0|MENTHO-PLUS ACIDOS CEREZA X 27.2G|1.00|unidad| |1900.00|1900.00|1|unidad||||
3|1|1506|0000000020540|0|MENTHO-PLUS ACIDOS NARANJA X 27.2G|1.00|unidad| |1900.00|1900.00|1|unidad||||
3|1|1506|0000000021660|0|MENTHO-PLUS CARAMELOS INHALANTES DE CEREZA X 29.4G|1.00|unidad| |1000.00|1000.00|1|unidad||||
3|1|1506|0000000021663|0|MENTHO-PLUS CARAMELOS INHALANTES MIEL X 29.4G|1.00|unidad| |1000.00|1000.00|1|unidad||||
3|1|1506|0000000021661|0|MENTHO-PLUS CARAMELOS INHALANTES STRONG X 29.4G|1.00|unidad| |1000.00|1000.00|1|unidad||||
3|1|1506|0000000017476|0|MENTHO-PLUS CARAMELOS SIN AZUCAR CHERRY X 27.3G|1.00|unidad| |1900.00|1900.00|1|unidad||||
3|1|1506|0000000017474|0|MENTHO-PLUS CARAMELOS SIN AZUCAR MENTOL X 27.3G|1.00|unidad| |1900.00|1900.00|1|unidad||||
3|1|1506|0000000021664|0|MENTHOPLUS MENTA X 29.4G|1.00|unidad| |1000.00|1000.00|1|unidad||||
3|1|1506|0000000021662|0|MENTHOPLUS MENTOL X 29.4G|1.00|unidad| |1000.00|1000.00|1|unidad||||
3|1|1506|0000000021044|0|MENTHOPLUS ZERO CARAMELOS DURAZNO X 26.6G|1.00|unidad| |1900.00|1900.00|1|unidad||||
3|1|1506|0000000021047|0|MENTHOPLUS ZERO CARAMELOS STRONG X 26.6G|1.00|unidad| |1900.00|1900.00|1|unidad||||
3|1|1506|7895144699851|1|MENTOS CARAMELOS MASTICABLES SAB.FRUTA X 29.7GR|1.00|unidad| |1300.00|1300.00|1|unidad||||
3|1|1506|7895144699844|1|MENTOS CARAMELOS MASTICABLES SAB.MENTA X 29.7GR|1.00|unidad| |1300.00|1300.00|1|unidad||||
3|1|1506|0000000021770|0|MERMELADAS X UNIDAD|1.00|unidad| |60.00|60.00|1|unidad||||
3|1|1506|0000077903785|1|MILKA ALFAJOR MOUSSE TRIPLE X 55 GR.|1.00|unidad| |3000.00|3000.00|1|unidad||||
3|1|1506|7622300457303|1|MILKA ALFAJOR TRIPLE BLANCO X 55G|1.00|unidad| |3000.00|3000.00|1|unidad||||
3|1|1506|7622300844967|1|MILKA CHOCOLATE BLANCO CON DULCE DE LECHE X 67.5G|1.00|unidad| |7200.00|7200.00|1|unidad||||
3|1|1506|7622300844943|1|MILKA CHOCOLATE C DULCE DE LECHE X 67.5G|1.00|unidad| |7400.00|7400.00|1|unidad||||
3|1|1506|0000000021565|0|MILKA CHOCOLATE C/LECHE ALMENDRAS|1.00|unidad| |3510.00|3510.00|1|unidad||||
3|1|1506|7622300990114|1|MILKA CHOCOLATE CON LECHE X 150G|1.00|unidad| |14100.00|14100.00|1|unidad||||
3|1|1506|7622201818937|1|MILKA LEGER CHOCOLATE LECHE TABLETA X 50G|1.00|unidad| |6100.00|6100.00|1|unidad||||
3|1|1506|7790580116958|1|MOGUL CARAMELO DE GOMA DINOS X 30G|1.00|unidad| |850.00|850.00|1|unidad||||
3|1|1506|7790580129507|1|MOGUL CARAMELOS DE GOMA ACIDOS BOLSA X 60G|1.00|unidad| |1400.00|1400.00|1|unidad||||
3|1|1506|7790580169312|1|MOGUL CARAMELOS DE GOMA CEREBRITOS X 30G|1.00|unidad| |1200.00|1200.00|1|unidad||||
3|1|1506|7790580116460|1|MOGUL CARAMELOS DE GOMA EXTREME ACIDO ROLLO X 35G|1.00|unidad| |1200.00|1200.00|1|unidad||||
3|1|1506|7790580603809|1|MOGUL CARAMELOS DE GOMA FRUTALES ROLLO X 35G|1.00|unidad| |1200.00|1200.00|1|unidad||||
3|1|1506|7790580199913|1|MOGUL CARAMELOS DE GOMA OSITOS X 30 GR|1.00|unidad| |1200.00|1200.00|1|unidad||||
3|1|1506|7790580200114|1|MOGUL CARAMELOS DE GOMA TIBURON X 30G|1.00|unidad| |1200.00|1200.00|1|unidad||||
3|1|1506|7798422620014|1|MONSTER ENERGY GREEN X 473CC|1.00|unidad| |5500.00|5500.00|1|unidad||||
3|1|1506|7798422620045|1|MONSTER MANGO LOCO 473|1.00|unidad| |5500.00|5500.00|1|unidad||||
3|1|1506|7798422620021|1|MONSTER ULTRA x 473 CC|1.00|unidad| |5500.00|5500.00|1|unidad||||
3|1|1506|1111111111142|1|MUFFIN CHIPS CHOC X UN|1.00|unidad| |4300.00|4300.00|1|unidad||||
3|1|1506|1111111111145|1|MUFFIN VAINILLA C/DDL X UN|1.00|unidad| |4300.00|4300.00|1|unidad||||
3|1|1506|7798304841261|1|NESQUIK NUTRIACTIV B HEL.CHOCOLATE CON CALCIN-N|1.00|unidad| |1900.00|1900.00|1|unidad||||
3|1|1506|7622210723468|1|OREO GALLETITAS BAÑADAS CHOCOLATE x17gr|1.00|unidad| |210.00|210.00|1|unidad||||
3|1|1506|7899975800523|1|Oreo Palito AR 20 x 65g|1.00|unidad| |6800.00|6800.00|1|unidad||||
3|1|1506|7899975800509|1|OREO SANDWICH AR 81GR|1.00|unidad| |6800.00|6800.00|1|unidad||||
3|1|1506|7798304841124|1|OREO TACITA X 95G|1.00|unidad| |6800.00|6800.00|1|unidad||||
3|1|1506|0000000024088|0|PAN DE CHOCOLATE X UN|1.00|unidad| |4300.00|4300.00|1|unidad||||
3|1|1506|7798024766110|1|PANINI GRIGLIATTI DE PECETO X 210G|1.00|unidad| |7350.00|7350.00|1|unidad||||
3|1|1506|7791007000764|1|PAÑUELOS DESCARTABLES CAJA X 75 UNID|1.00|unidad| |3600.00|3600.00|1|unidad||||
3|1|1506|7791070003482|1|PAÑUELOS DESCARTABLES X UNID|1.00|unidad| |700.00|700.00|1|unidad||||
3|1|1506|7798024760781|1|PEBETE PECHUGA CRISPY X UN|1.00|unidad| |10200.00|10200.00|1|unidad||||
3|1|1506|7798024760361|1|PECHUGA GRILLE C/VEGETAL DEL HUERTO X UN|1.00|unidad| |12700.00|12700.00|1|unidad||||
3|1|1506|0000077915481|1|PEPITOS ALFAJOR TRIPLE DE CHOCOLATE X 57GR|1.00|unidad| |3000.00|3000.00|1|unidad||||
3|1|1506|7791813828365|1|PEPSI BLACK PET X 500CC|1.00|unidad| |3450.00|3450.00|1|unidad||||
3|1|1506|1111111111200|1|PICO DULCE CHUPETIN X 14 GR.|1.00|unidad| |500.00|500.00|1|unidad||||
3|1|1506|7790895641183|1|POWERADE FRUTAS TROPICALES PET X 500CC|1.00|unidad| |3500.00|3500.00|1|unidad||||
3|1|1506|7790895640018|1|POWERADE MANZANA PET X 500CC|1.00|unidad| |3500.00|3500.00|1|unidad||||
3|1|1506|7790895640025|1|POWERADE MOUNTAIN BLAST PET X 500CC|1.00|unidad| |3500.00|3500.00|1|unidad||||
3|1|1506|7791519200021|1|PRIME PRESERVATIVO ANATOMICO CAJA X 3 UNID.|1.00|unidad| |6300.00|6300.00|1|unidad||||
3|1|1506|7791519200076|1|PRIME PRESERVATIVO ESPERMICIDA CAJA X 3 UNID.|1.00|unidad| |6300.00|6300.00|1|unidad||||
3|1|1506|7791519000676|1|PRIME PRESERVATIVO EXTRA LUBRICADO CAJA X 3 UNID.|1.00|unidad| |6300.00|6300.00|1|unidad||||
3|1|1506|7791519200045|1|PRIME PRESERVATIVO SUPERFINO CAJA X 3 UNID.|1.00|unidad| |6300.00|6300.00|1|unidad||||
3|1|1506|7791519200090|1|PRIME PRESERVATIVO TACHAS CAJA X 3 UNID.|1.00|unidad| |6300.00|6300.00|1|unidad||||
3|1|1506|7791519200069|1|PRIME PRESERVATIVO TEXTURADO CAJA X 3 UNID.|1.00|unidad| |6300.00|6300.00|1|unidad||||
3|1|1506|7790742167101|1|Queso Finlandia Chef Cheddar 150gr PAQUETE INSUMO|1.00|unidad| |685.00|685.00|1|unidad||||
3|1|1506|0045011111111|1|RED BULL ENERGY DRINK LATA X 250 CC|1.00|unidad| |5500.00|5500.00|1|unidad||||
3|1|1506|0000090435225|1|RED BULL ENERGY DRINK LATA X 355 CC|1.00|unidad| |6900.00|6900.00|1|unidad||||
3|1|1506|9002490232054|1|RED BULL ENERGY DRINK SUGAR FREE LATA X 250CC|1.00|unidad| |5500.00|5500.00|1|unidad||||
3|1|1506|7790580327415|1|ROCKLETS CONFITES DE CHOCOLATE PAQ. X 40 GR|1.00|unidad| |3100.00|3100.00|1|unidad||||
3|1|1506|7790580327613|1|ROCKLETS NARANJA MANI C/CHOCOLATE CONFITADO X 40G|1.00|unidad| |3100.00|3100.00|1|unidad||||
3|1|1506|7798024760507|1|ROLL CHICKEN CAESAR X 210GR|1.00|unidad| |10600.00|10600.00|1|unidad||||
3|1|1506|0000000023605|0|SACRAMENTO MEMBRILLO X UN|1.00|unidad| |1700.00|1700.00|1|unidad||||
3|1|1506|7790580716806|1|SALADIX GALLETITAS SAB. CALABRESA CAJA X 100G|1.00|unidad| |3200.00|3200.00|1|unidad||||
3|1|1506|7790580716707|1|SALADIX GALLETITAS SAB. JAMON CAJA X 100G|1.00|unidad| |3200.00|3200.00|1|unidad||||
3|1|1506|7790580697303|1|SALADIX GALLETITAS SAB. PIZZA CAJA X 100G|1.00|unidad| |3200.00|3200.00|1|unidad||||
3|1|1506|7790040374607|1|SALADIX GALLETITAS SAB.DUO CAJA X 80G|1.00|unidad| |3200.00|3200.00|1|unidad||||
3|1|1506|7790040123434|1|SALADIX GALLETITAS SAB.KESITOS X80G|1.00|unidad| |2700.00|2700.00|1|unidad||||
3|1|1506|0000077956699|1|SHOT ALFAJOR TRISHOT TRIPLE X 60G|1.00|unidad| |3000.00|3000.00|1|unidad||||
3|1|1506|7622300424084|1|SHOT CHOCOLATE CON LECHE Y MANI TABLETA X 170 GR|1.00|unidad| |12500.00|12500.00|1|unidad||||
3|1|1506|0000077914217|1|SHOT CHOCOLATE LECHE CON MANI TABLETA X 35G|1.00|unidad| |3000.00|3000.00|1|unidad||||
3|1|1506|7798304841803|1|SIN PARAR CHOCOLATE DULCE DE LECHE X 90G|1.00|unidad| |3000.00|3000.00|1|unidad||||
3|1|1506|7798304841797|1|SIN PARAR DULCE DE LECHE Y AMERICANA X 90G|1.00|unidad| |3000.00|3000.00|1|unidad||||
3|1|1506|7798304841780|1|SIN PARAR FRUTILLA CREMA X 90G|1.00|unidad| |3000.00|3000.00|1|unidad||||
3|1|1506|0022000018465|1|SKITTLES CONFITES ORIGINAL FRUIT PAQ.X 61.5GR|1.00|unidad| |4700.00|4700.00|1|unidad||||
3|1|1506|0022000018489|1|SKITTLES CONFITES WILDBERRY PAQ.X 61.5GR|1.00|unidad| |4700.00|4700.00|1|unidad||||
3|1|1506|7790895646027|1|SMART WATER C/G 591 ML|1.00|unidad| |3500.00|3500.00|1|unidad||||
3|1|1506|7790895645778|1|SMART WATER S/G 591 ML|1.00|unidad| |3500.00|3500.00|1|unidad||||
3|1|1506|7506174512248|1|SNICKERS BARRA RELL.MANI CUB.C/CHOCOLATE X 48 GR|1.00|unidad| |4700.00|4700.00|1|unidad||||
3|1|1506|0522111111111|1|SPEED UNLIMITED LATA X 250CC|1.00|unidad| |4200.00|4200.00|1|unidad||||
3|1|1506|0040000000518|1|STARBURST CARAMELO MASTICABLE SURTIDO PAQ.X 58.7G|1.00|unidad| |5100.00|5100.00|1|unidad||||
3|1|1506|7790580060206|1|SUGUS CARAMELO MASTICABLE SUELTO X 3.3 GR|1.00|unidad| |50.00|50.00|1|unidad||||
3|1|1506|7790580056001|1|SUGUS CONFITADOS CONFITES DE CARAMELO SURT.X 50 G|1.00|unidad| |2000.00|2000.00|1|unidad||||
3|1|1506|7790387000849|1|TARAGUI MATE COCIDO X 25 UNID S ENS|1.00|unidad| |135.00|135.00|1|unidad||||
3|1|1506|0029601111111|1|TARAGUI MATE LISTO X 35 GR.|1.00|unidad| |4000.00|4000.00|1|unidad||||
3|1|1506|0029621111111|1|TARAGUI TERMO MATE-LISTO CAPACIDAD 500 CC.|1.00|unidad| |5900.00|5900.00|1|unidad||||
3|1|1506|7790387013627|1|TARAGUI YERBA 4FLEX X 500 GR.|1.00|unidad| |4600.00|4600.00|1|unidad||||
3|1|1506|0000077939234|1|TERRABUSI ALFAJOR CHOCOLATE X 50 GR|1.00|unidad| |2000.00|2000.00|1|unidad||||
3|1|1506|0000077903792|1|TERRABUSI ALFAJOR TRIPLE CHOCOLATE X 70G.|1.00|unidad| |3000.00|3000.00|1|unidad||||
3|1|1506|0000077903860|1|TERRABUSI ALFAJOR TRIPLE TIPO TORTA CHOCOLAT.X 70G|1.00|unidad| |3000.00|3000.00|1|unidad||||
3|1|1506|7622300335052|1|TERRABUSI SNACKY X 60GR|1.00|unidad| |4600.00|4600.00|1|unidad||||
3|1|1506|7861002910314|1|TIC TAC PASTILLAS SABOR MENTA CAJA X 16 GR.|1.00|unidad| |1600.00|1600.00|1|unidad||||
3|1|1506|7861002910321|1|TIC TAC PASTILLAS SABOR NARANJA CAJA X 16 GR.|1.00|unidad| |1600.00|1600.00|1|unidad||||
3|1|1506|7790580746612|1|TOFI CHOCOLATE C/LECHE RELLENO D.LECHE X 55G|1.00|unidad| |420.00|420.00|1|unidad||||
3|1|1506|7798024760354|1|TOP PBT DE JAMON COCIDO Y QUESO X UN|1.00|unidad| |9100.00|9100.00|1|unidad||||
3|1|1506|0000000019823|0|TOPLINE 7 CHICLE S/AZUCAR ATM STRONG X 14G|1.00|unidad| |2300.00|2300.00|1|unidad||||
3|1|1506|0000000018843|0|TOPLINE 7 CHICLE S/AZUCAR MANDARINA  CAJA X 14G|1.00|unidad| |2300.00|2300.00|1|unidad||||
3|1|1506|7790580120573|1|TOPLINE 7 ULTRA CLEAN X 24G|1.00|unidad| |3600.00|3600.00|1|unidad||||
3|1|1506|7790580120702|1|TOPLINE 7 ULTRA GREEN MINT X 24G|1.00|unidad| |3600.00|3600.00|1|unidad||||
3|1|1506|7790580121013|1|TOPLINE 7 ULTRA RED BERRY X 24G|1.00|unidad| |3600.00|3600.00|1|unidad||||
3|1|1506|7798304841421|1|TORPEDO FRUTILLA|1.00|unidad| |2100.00|2100.00|1|unidad||||
3|1|1506|7798304841414|1|TORPEDO LIMON|1.00|unidad| |2100.00|2100.00|1|unidad||||
3|1|1506|7798024760460|1|TRIPLE MIGA BLANCO J.COCIDO Y QUESO X 3 UN|1.00|unidad| |9600.00|9600.00|1|unidad||||
3|1|1506|7798024760477|1|TRIPLE MIGA NEGRO J.COCIDO Y QUESO X 3 UN|1.00|unidad| |9600.00|9600.00|1|unidad||||
3|1|1506|7622202839962|1|VARIEDAD GALLETITAS DULCES SURTIDAS X 390GR.|1.00|unidad|VARIEDAD|5800.00|5800.00|1|unidad||||
3|1|1506|0016871111111|1|VASO REUTILIZABLE|1.00|unidad| |4500.00|4500.00|1|unidad||||
3|1|1506|0000000004361|0|VAUQUITA TABLETA DE DULCE DE LECHE X 25 GR.|1.00|unidad| |190.00|190.00|1|unidad||||
3|1|1506|7790315100184|1|VDS LEVITE CERO AGUA S/G MANZANA PET X 500cc|1.00|unidad| |3450.00|3450.00|1|unidad||||
3|1|1506|0021352111111|1|VDS LEVITE CERO AGUA S/G NARANJA PET X 500cc|1.00|unidad| |3450.00|3450.00|1|unidad||||
3|1|1506|0021347111111|1|VILLA DEL SUR LEVITE S/G MANZANA PET X 500cc|1.00|unidad| |3450.00|3450.00|1|unidad||||
3|1|1506|7798062548655|1|VILLA DEL SUR LEVITE S/G NARANJA PET X 500cc|1.00|unidad| |3450.00|3450.00|1|unidad||||
3|1|1506|0021349111111|1|VILLA DEL SUR LEVITE S/G PERA PET X 500cc|1.00|unidad| |3450.00|3450.00|1|unidad||||
3|1|1506|7799155000982|1|VILLA DEL SUR LEVITE S/G POMELO PET X 500cc|1.00|unidad| |3450.00|3450.00|1|unidad||||
3|1|1506|7799155000210|1|VILLAVICENCIO AGUA FINAMENTE GASIFICADA PET X 1.5L|1.00|unidad| |5300.00|5300.00|1|unidad||||
3|1|1506|7799155000203|1|VILLAVICENCIO AGUA FINAMENTE GASIFICADA PET X 500C|1.00|unidad| |3650.00|3650.00|1|unidad||||
3|1|1506|0022000293220|1|Wrigleys Doubl 12.5g|1.00|unidad| |2600.00|2600.00|1|unidad||||
3|1|1506|0022000293305|1|Wrigleys Spear 12.5g|1.00|unidad| |2600.00|2600.00|1|unidad||||
3|1|1506|7791337010826|1|Yogurisimo Botellita Frutilla x 190g|1.00|unidad| |5500.00|5500.00|1|unidad||||
3|1|1506|7798187760246|1|ZAFRAN BARRA DE CEREAL ALM/COCO X 28G|1.00|unidad| |1900.00|1900.00|1|unidad||||
3|1|1506|7798187760277|1|ZAFRAN BARRA DE CEREAL CAJU/ZAPALLO 28G|1.00|unidad| |1900.00|1900.00|1|unidad||||
3|1|1506|7798187760253|1|ZAFRAN BARRA DE CEREAL MANI/CACAO 28G|1.00|unidad| |1900.00|1900.00|1|unidad||||
3|1|1506|7798187760260|1|ZAFRAN BARRA DE CEREAL MZNA/CHIA 28G|1.00|unidad| |1900.00|1900.00|1|unidad||||
3|1|1507|7791813434412|1|7UP FREE PET X 1.5L|1.00|unidad| |5200.00|5200.00|1|unidad||||
3|1|1507|0000000023897|0|AFEITADORA BIC COMFORT  3|1.00|unidad| |820.00|820.00|1|unidad||||
3|1|1507|7790580109882|1|AGUILA EXTRAFINO 60% CACAO X 150 GR|1.00|unidad| |16100.00|16100.00|1|unidad||||
3|1|1507|7790040133594|1|AGUILA MINITORTA BROWNIE X 72G|1.00|unidad| |3100.00|3100.00|1|unidad||||
3|1|1507|7790040298705|1|AGUILA MINITORTA DDLECHE/MOUSSE SAB.VAINILLA X 72G|1.00|unidad| |3100.00|3100.00|1|unidad||||
3|1|1507|0000000023956|0|ALFAJOR CHOCOLATE|1.00|unidad| |2350.00|2350.00|1|unidad||||
3|1|1507|0000000023280|0|ALFAJORES DE MAICENA|1.00|unidad| |2350.00|2350.00|1|unidad||||
3|1|1507|7790580607418|1|ARCOR CHOCOLATE BLANCO TABLETA X 25 GR|1.00|unidad| |2500.00|2500.00|1|unidad||||
3|1|1507|7790580607210|1|ARCOR CHOCOLATE CON LECHE TABLETA X 25GR|1.00|unidad| |2500.00|2500.00|1|unidad||||
3|1|1507|0000000001339|0|ARCOR OBLEA RELLENA C/PASTA DE TURRON Y MANI X 25G|1.00|unidad| |700.00|700.00|1|unidad||||
3|1|1507|7793360294600|1|BC JUGO MANZANA TETRA X 200CC|1.00|unidad| |1300.00|1300.00|1|unidad||||
3|1|1507|7793360246609|1|BC JUGO NARANJA TETRA X 200CC.|1.00|unidad| |1300.00|1300.00|1|unidad||||
3|1|1507|7790580154264|1|BEB MULTIFRUTA BC 24X200ML|1.00|unidad| |1300.00|1300.00|1|unidad||||
3|1|1507|7792730020559|1|BIZNIKKE NEVADO CHOCOLATE TABLETA X 120 GR.|1.00|unidad| |9200.00|9200.00|1|unidad||||
3|1|1507|7790580722708|1|BOMBON TOFI LECHE X 15G|1.00|unidad| |2100.00|2100.00|1|unidad||||
3|1|1507|7790040613607|1|Bon O Bon Alfajor Chocolate Blanco x40 gr|1.00|unidad| |2100.00|2100.00|1|unidad||||
3|1|1507|7790040613706|1|BON O BON ALFAJOR CHOCOLATE NEGRO/LECHE X 40G|1.00|unidad| |2100.00|2100.00|1|unidad||||
3|1|1507|0000000021586|0|BON-O-BON BOMBON AGUILA X 15G|1.00|unidad| |1100.00|1100.00|1|unidad||||
3|1|1507|7790580119058|1|BON-O-BON BOMBON CHOCOLATE BLANCO X 15G|1.00|unidad| |1100.00|1100.00|1|unidad||||
3|1|1507|0000000021587|0|BON-O-BON BOMBON CHOCOLINA X 15G|1.00|unidad| |1100.00|1100.00|1|unidad||||
3|1|1507|7792360072409|1|BONAFIDE BOCADITO DDL X 16G|1.00|unidad| |1800.00|1800.00|1|unidad||||
3|1|1507|0000000021151|0|BROWNIE ARTESANAL|1.00|unidad| |5850.00|5850.00|1|unidad||||
3|1|1507|0000000023273|0|BUDIN BANANA Y DDL|1.00|unidad| |5300.00|5300.00|1|unidad||||
3|1|1507|0000000021701|0|BUDIN DE FRUTOS SECOS|1.00|unidad| |5300.00|5300.00|1|unidad||||
3|1|1507|0000000021700|0|BUDIN DE LIMON Y ARANDANOS|1.00|unidad| |5300.00|5300.00|1|unidad||||
3|1|1507|7790407022011|1|CABSHA BOCADITO X 10G|1.00|unidad| |1000.00|1000.00|1|unidad||||
3|1|1507|7798128000271|1|CACHAFAZ ALFAJOR MOUSSE X 50G|1.00|unidad| |3400.00|3400.00|1|unidad||||
3|1|1507|7622201818739|1|CADBURY CHOCOLATE C/LECHE TRES SUEÑOS X 82G|1.00|unidad| |8200.00|8200.00|1|unidad||||
3|1|1507|7622201818654|1|CADBURY CHOCOLATE RELLENO YOGHURT FRUTILLA X 29G|1.00|unidad| |3500.00|3500.00|1|unidad||||
3|1|1507|7622202271250|1|Caram. Halls 12u Strong Nvo|1.00|unidad| |1350.00|1350.00|1|unidad||||
3|1|1507|7622202247286|1|Caram. Halls Cherry Nvo 28 Grs|1.00|unidad| |1350.00|1350.00|1|unidad||||
3|1|1507|7790895649301|1|CEPITA 20% NARANJA 200ML|1.00|unidad| |2200.00|2200.00|1|unidad||||
3|1|1507|7790895009853|1|CEPITA JUGO MANZANA BOTELLA X 1L|1.00|unidad| |6100.00|6100.00|1|unidad||||
3|1|1507|7790895000720|1|CEPITA JUGO MANZANA TETRA X 200CC.|1.00|unidad| |2200.00|2200.00|1|unidad||||
3|1|1507|7790895647017|1|CEPITA JUGO MANZANA ZINC TETRA X 1 LT.|1.00|unidad| |4450.00|4450.00|1|unidad||||
3|1|1507|7790895000737|1|CEPITA JUGO MULTIFRUTA TETRA X 200CC|1.00|unidad| |2200.00|2200.00|1|unidad||||
3|1|1507|7790895647123|1|CEPITA JUGO MULTIFRUTA ZINC TETRA X 1 LT.|1.00|unidad| |4450.00|4450.00|1|unidad||||
3|1|1507|7790895648267|1|CEPITA NARANJA 20% 1L|1.00|unidad| |4450.00|4450.00|1|unidad||||
3|1|1507|7790895009815|1|CEPITA NARANJA 995CC|1.00|unidad| |6100.00|6100.00|1|unidad||||
3|1|1507|0000000022630|0|CEREAL MIX BARRA DE CEREAL C/FRUTILLA&YOGHURT X26G|1.00|unidad| |2000.00|2000.00|1|unidad||||
3|1|1507|0000000001341|0|CEREAL MIX BARRA DE CEREAL X 23G|1.00|unidad| |2000.00|2000.00|1|unidad||||
3|1|1507|0000000022631|0|CEREAL MIX BARRA DE CEREAL YOGH/FRUTIL.L.X26g|1.00|unidad| |2000.00|2000.00|1|unidad||||
3|1|1507|7790580123345|1|CH. TL7 MENTHOL 20X16X14G|1.00|unidad| |2300.00|2300.00|1|unidad||||
3|1|1507|0000000019822|0|CH. TL7 VIBR. STRAW. 20X16X14G|1.00|unidad| |2300.00|2300.00|1|unidad||||
3|1|1507|7790580104252|1|CH. TL7 VIOL. CHERRY 20X16X14G|1.00|unidad| |2300.00|2300.00|1|unidad||||
3|1|1507|7790580317607|1|CH. TL7 XPLOS. MINT 20X16X14G|1.00|unidad| |2300.00|2300.00|1|unidad||||
3|1|1507|8445290701961|1|Choc Bananita Dolca 30 grs|1.00|unidad| |2400.00|2400.00|1|unidad||||
3|1|1507|8445290701596|1|Choc. Bananita Dolca 14grs|1.00|unidad| |1400.00|1400.00|1|unidad||||
3|1|1507|7622202328947|1|Choc. Milka 55g Leche NVO|1.00|unidad| |6400.00|6400.00|1|unidad||||
3|1|1507|7790070418296|1|Chocoarroz Blanco est. 22g|1.00|unidad| |2000.00|2000.00|1|unidad||||
3|1|1507|7790070418203|1|Chocoarroz DL 22 gr|1.00|unidad| |2000.00|2000.00|1|unidad||||
3|1|1507|7790580103521|1|CHOCOLATE LECHE CON CONFITES COFLER X 55 G|1.00|unidad| |6200.00|6200.00|1|unidad||||
3|1|1507|7798304840851|1|CHOMPAlmedC/SsaDDL6x180g|1.00|unidad| |10700.00|10700.00|1|unidad||||
3|1|1507|7798130953640|1|CHUPETIN COCO POP X 17 G|1.00|unidad| |3600.00|3600.00|1|unidad||||
3|1|1507|7798130954777|1|CHUPETIN EMOTI POP 11GR|1.00|unidad| |3600.00|3600.00|1|unidad||||
3|1|1507|0000000023604|0|CIRCULAR MEMBRILLO X UN|1.00|unidad| |1700.00|1700.00|1|unidad||||
3|1|1507|7798085680516|1|CITRIC JUGO NARANJA MANGO TETRA X 500CC|1.00|unidad| |3850.00|3850.00|1|unidad||||
3|1|1507|7798085681834|1|CITRIC JUGO NARANJA TETRA X 1L|1.00|unidad| |5750.00|5750.00|1|unidad||||
3|1|1507|7798085681445|1|CITRIC JUGO NARANJA TETRA X 250CC|1.00|unidad| |2200.00|2200.00|1|unidad||||
3|1|1507|7798085681452|1|CITRIC JUGO NARANJA TETRA X 500CC|1.00|unidad| |3850.00|3850.00|1|unidad||||
3|1|1507|7798085680295|1|CITRIC JUGO NARANJA/ DURAZNO TETRA X 500CC|1.00|unidad| |3850.00|3850.00|1|unidad||||
3|1|1507|7790895000997|1|COCA-COLA X 2.25L|1.00|unidad| |8950.00|8950.00|1|unidad||||
3|1|1507|7790040659605|1|COFLER BLOCK ALFAJOR CHOCOLATE X 60 G|1.00|unidad| |3100.00|3100.00|1|unidad||||
3|1|1507|0000000018365|0|COFLER BLOCK CHOCOLATE C/LECHE Y MANI TAB.X 110GR|1.00|unidad| |8300.00|8300.00|1|unidad||||
3|1|1507|0000000015301|0|COFLER BLOCK CHOCOLATE C/LECHE Y MANI TAB.X 38GR|1.00|unidad| |3400.00|3400.00|1|unidad||||
3|1|1507|7790580105013|1|COFLER BLOCK CHOCOLATE X 170G|1.00|unidad| |14000.00|14000.00|1|unidad||||
3|1|1507|7790580115579|1|COFLER BLOCK CHOCOLATE X 1KG|1.00|unidad| |66200.00|66200.00|1|unidad||||
3|1|1507|7790580103385|1|COFLER CHOCOLATE AIREADO BCO/LECHE X 27 GR.|1.00|unidad| |3600.00|3600.00|1|unidad||||
3|1|1507|7790580103378|1|COFLER CHOCOLATE AIREADO BLANCO X 27 GR.|1.00|unidad| |3600.00|3600.00|1|unidad||||
3|1|1507|7790580115869|1|COFLER CHOCOLATE AIREADO BON O BON X 67G|1.00|unidad| |7000.00|7000.00|1|unidad||||
3|1|1507|7790580103361|1|COFLER CHOCOLATE AIREADO LECHE X 27 GR.|1.00|unidad| |3600.00|3600.00|1|unidad||||
3|1|1507|7790580043407|1|COFLER CHOCOLATE AIREADO LECHE X 55G|1.00|unidad| |7100.00|7100.00|1|unidad||||
3|1|1507|7790580003531|1|COFLER CHOCOLATE BCO&COOK X 55G|1.00|unidad| |6200.00|6200.00|1|unidad||||
3|1|1507|7790580043506|1|COFLER CHOCOLATE LECHE CON ALMENDRAS X 55G|1.00|unidad| |6200.00|6200.00|1|unidad||||
3|1|1507|0000000024109|0|CRIOLLITO X UN|1.00|unidad| |1700.00|1700.00|1|unidad||||
3|1|1507|0000000023957|0|CROISSANT J Y Q|1.00|unidad| |6400.00|6400.00|1|unidad||||
3|1|1507|7798024760798|1|CROQUE MONSIEUR J Y Q BLANCO X UN|1.00|unidad| |10100.00|10100.00|1|unidad||||
3|1|1507|7798024760804|1|CROQUE MONSIEUR J Y Q NEGRO X UN|1.00|unidad| |10100.00|10100.00|1|unidad||||
3|1|1507|0000000020568|0|CUADRADO DE PASTA FROLA|1.00|unidad| |5300.00|5300.00|1|unidad||||
3|1|1507|0000000023543|0|DELIVERY MEDIALUNAS X 6 UNIDADES|1.00|unidad| |205.00|205.00|1|unidad||||
3|1|1507|7795735000106|1|DON SATUR TALITAS X 140GR|1.00|unidad| |2800.00|2800.00|1|unidad||||
3|1|1507|7790206007509|1|DOS CORAZONES BOCADITO CHOC.C/LECHE RELL. X 26GR|1.00|unidad| |2200.00|2200.00|1|unidad||||
3|1|1507|7792799000035|1|ECO DE LOS ANDES AGUA CON GAS PET X 500CC.|1.00|unidad| |3300.00|3300.00|1|unidad||||
3|1|1507|7798128000486|1|EL CACHAFAZ ALFAJOR BLANCO FLOWPACK X 60 GR|1.00|unidad| |3300.00|3300.00|1|unidad||||
3|1|1507|7798128000462|1|EL CACHAFAZ ALFAJOR CHOCOLATE FLOWPACK X 60 GR|1.00|unidad| |3200.00|3200.00|1|unidad||||
3|1|1507|7798128001940|1|EL CACHAFAZ ALFAJOR DE MAICENA X 76G|1.00|unidad| |3300.00|3300.00|1|unidad||||
3|1|1507|7798128001797|1|EL CACHAFAZ CONITO DULCE DE LECHE X 38G|1.00|unidad| |2700.00|2700.00|1|unidad||||
3|1|1507|7798024760569|1|ENSALADA CESAR  PREMIUM X UN|1.00|unidad| |14300.00|14300.00|1|unidad||||
3|1|1507|7798024760392|1|ENSALADA CHEF PREMIUM X UN|1.00|unidad| |14300.00|14300.00|1|unidad||||
3|1|1507|7798024766417|1|ENSALADA MIX VEG.C/PECHUGUITAS AL SESAMO X UN|1.00|unidad| |14300.00|14300.00|1|unidad||||
3|1|1507|7613035242524|1|EPA DDL MAX 88GR|1.00|unidad| |6800.00|6800.00|1|unidad||||
3|1|1507|7613035242500|1|EPA ROCKER X 88G|1.00|unidad| |6800.00|6800.00|1|unidad||||
3|1|1507|7898024390121|1|FERRERO ROCHER BOMBON CHOC.RELL.PAQ.3 UNID X 37.5G|1.00|unidad| |5600.00|5600.00|1|unidad||||
3|1|1507|7798024760255|1|FIGAZZITAS DE SALAME Y QUESO X 2 UN|1.00|unidad| |9100.00|9100.00|1|unidad||||
3|1|1507|7798147780062|1|Franui sabor Black 150gr|1.00|unidad| |8500.00|8500.00|1|unidad||||
3|1|1507|7798147783223|1|Franui sabor Leche 150gr|1.00|unidad| |8500.00|8500.00|1|unidad||||
3|1|1507|7790070431936|1|Gallo YoguBar 20gr|1.00|unidad| |1800.00|1800.00|1|unidad||||
3|1|1507|0067061111111|1|GATORADE COOL BLUE PET X 500CC|1.00|unidad| |4300.00|4300.00|1|unidad||||
3|1|1507|0071971211111|1|GATORADE FRUTOS TROPICALES PET X 750CC|1.00|unidad| |5200.00|5200.00|1|unidad||||
3|1|1507|0066011111111|1|GATORADE MANZANA PET X 500CC|1.00|unidad| |4300.00|4300.00|1|unidad||||
3|1|1507|0042831111111|1|GATORADE MANZANA PET X 750CC|1.00|unidad| |5100.00|5100.00|1|unidad||||
3|1|1507|0006602111111|1|GATORADE NARANJA PET X 500CC|1.00|unidad| |4300.00|4300.00|1|unidad||||
3|1|1507|7798024766103|1|GRANDWICH PANINI GRIGLIATTI JAM/QUE/TOM/HUE X 210G|1.00|unidad| |7350.00|7350.00|1|unidad||||
3|1|1507|0000000023445|0|HALLS FREE MENTA X 28 G|1.00|unidad| |1500.00|1500.00|1|unidad||||
3|1|1507|7791249450277|1|HALLS MENTA LYPTUS CARAMELOS DUROS PAQ.X 28G|1.00|unidad| |1300.00|1300.00|1|unidad||||
3|1|1507|0000000023603|0|ICEDREAM CIRCULAR PASTELERA X UN|1.00|unidad| |1700.00|1700.00|1|unidad||||
3|1|1507|0028411111111|1|JORGITO ALFAJOR BLANCO X 50G|1.00|unidad| |1800.00|1800.00|1|unidad||||
3|1|1507|0011111112842|1|JORGITO ALFAJOR CHOCOLATE X 55G|1.00|unidad| |1800.00|1800.00|1|unidad||||
3|1|1507|7790957000545|1|JORGITO MINI ALFAJOR CHOCOLATE PAQ.X 6 UNID.|1.00|unidad| |4900.00|4900.00|1|unidad||||
3|1|1507|7790957000538|1|JORGITO MINI ALFAJOR GLACEADO PAQ.X 6 UNID.X 155GR|1.00|unidad| |4900.00|4900.00|1|unidad||||
3|1|1507|0000080052760|1|KINDER BUENO OBLEA CHOCOLATE CON LECHE X 43G|1.00|unidad| |4900.00|4900.00|1|unidad||||
3|1|1507|0000077949677|1|KINDER CHOCOLATE X 50G|1.00|unidad| |5700.00|5700.00|1|unidad||||
3|1|1507|7891000379073|1|KIT KAT DARK OBLEA BAÑADA CHOCOLATE X 41.5G|1.00|unidad| |3000.00|3000.00|1|unidad||||
3|1|1507|7891000379028|1|KIT KAT OBLEA BAÑADA CHOCOLATE BLANCO X 41.5G|1.00|unidad| |3000.00|3000.00|1|unidad||||
3|1|1507|7791337007260|1|Leche chocolatada Cindor 200ml|1.00|unidad| |3800.00|3800.00|1|unidad||||
3|1|1507|7791337007253|1|Leche chocolatada Cindor x 1L|1.00|unidad| |11500.00|11500.00|1|unidad||||
3|1|1507|7798368470391|1|LUCCIANO´S CHANTILLY X 100GR (02)|1.00|unidad| |7400.00|7400.00|1|unidad||||
3|1|1507|7798368470384|1|LUCCIANO´S CHOCOLATE C/CROCANTE X 100GR (01)|1.00|unidad| |7400.00|7400.00|1|unidad||||
3|1|1507|7798368470421|1|LUCCIANO´S CHOCOLATE X 90GR (05)|1.00|unidad| |7400.00|7400.00|1|unidad||||
3|1|1507|7798368470438|1|LUCCIANO´S DDL C/ CROCANTE X 90GR (06)|1.00|unidad| |7400.00|7400.00|1|unidad||||
3|1|1507|0000000024240|0|LUCCIANO´S DDL X 90GR (03)|1.00|unidad| |6000.00|6000.00|1|unidad||||
3|1|1507|7798368470476|1|LUCCIANO´S MINION ICE POP X 100GR (10)|1.00|unidad| |7900.00|7900.00|1|unidad||||
3|1|1507|7798368470469|1|LUCCIANO´S OLI KING X 90GR (09)|1.00|unidad| |7800.00|7800.00|1|unidad||||
3|1|1507|7798368470735|1|LUCCIANO´S PISTACCHIO X 95GR (08)|1.00|unidad| |7800.00|7800.00|1|unidad||||
3|1|1507|7798368470414|1|LUCCIANO´S SORBETE PATAGONIA X 90GR (04)|1.00|unidad| |7400.00|7400.00|1|unidad||||
3|1|1507|7613034797469|1|LUXOR BOMBON HELADO 53G|1.00|unidad| |3100.00|3100.00|1|unidad||||
3|1|1507|7797453001441|1|M&M Chocolate 48 Grs|1.00|unidad| |5000.00|5000.00|1|unidad||||
3|1|1507|7797453001458|1|M&M MANI PAQ. X 49 GR|1.00|unidad| |5000.00|5000.00|1|unidad||||
3|1|1507|7790387015324|1|MAÑANITA YERBA 4FLEX X 500 GR|1.00|unidad| |4600.00|4600.00|1|unidad||||
3|1|1507|7790206006106|1|MARROC BOCADITO X 14 GR.|1.00|unidad| |1250.00|1250.00|1|unidad||||
3|1|1507|7798024760125|1|MAX PREMIUM JyQ-TOM-HUE- PAN NGO X UN|1.00|unidad| |10600.00|10600.00|1|unidad||||
3|1|1507|7798024766172|1|MAX PREMIUM POLLO-RU-PAR-PAN NGO X UN|1.00|unidad| |10600.00|10600.00|1|unidad||||
3|1|1507|7798024760552|1|MAX TRIANGULO LIGHT POLLO-LEC-PAN NGO X UN|1.00|unidad| |10600.00|10600.00|1|unidad||||
3|1|1507|0000000023602|0|MEDIALUNA DE GRASA X UN|1.00|unidad| |1700.00|1700.00|1|unidad||||
3|1|1507|0000000023601|0|MEDIALUNA DE MANTECA X UN|1.00|unidad| |1700.00|1700.00|1|unidad||||
3|1|1507|7891000120057|1|MEGA AMERICANA CON ALMENDRAS X 74g|1.00|unidad| |7600.00|7600.00|1|unidad||||
3|1|1507|0000000020546|0|MENTHO-PLUS ACIDOS CEREZA X 27.2G|1.00|unidad| |1900.00|1900.00|1|unidad||||
3|1|1507|0000000020540|0|MENTHO-PLUS ACIDOS NARANJA X 27.2G|1.00|unidad| |1900.00|1900.00|1|unidad||||
3|1|1507|0000000021660|0|MENTHO-PLUS CARAMELOS INHALANTES DE CEREZA X 29.4G|1.00|unidad| |1000.00|1000.00|1|unidad||||
3|1|1507|0000000021663|0|MENTHO-PLUS CARAMELOS INHALANTES MIEL X 29.4G|1.00|unidad| |1000.00|1000.00|1|unidad||||
3|1|1507|0000000021661|0|MENTHO-PLUS CARAMELOS INHALANTES STRONG X 29.4G|1.00|unidad| |1000.00|1000.00|1|unidad||||
3|1|1507|0000000017476|0|MENTHO-PLUS CARAMELOS SIN AZUCAR CHERRY X 27.3G|1.00|unidad| |1900.00|1900.00|1|unidad||||
3|1|1507|0000000017474|0|MENTHO-PLUS CARAMELOS SIN AZUCAR MENTOL X 27.3G|1.00|unidad| |1900.00|1900.00|1|unidad||||
3|1|1507|0000000021664|0|MENTHOPLUS MENTA X 29.4G|1.00|unidad| |1000.00|1000.00|1|unidad||||
3|1|1507|0000000021662|0|MENTHOPLUS MENTOL X 29.4G|1.00|unidad| |1000.00|1000.00|1|unidad||||
3|1|1507|0000000021044|0|MENTHOPLUS ZERO CARAMELOS DURAZNO X 26.6G|1.00|unidad| |1900.00|1900.00|1|unidad||||
3|1|1507|0000000021047|0|MENTHOPLUS ZERO CARAMELOS STRONG X 26.6G|1.00|unidad| |1900.00|1900.00|1|unidad||||
3|1|1507|7895144699851|1|MENTOS CARAMELOS MASTICABLES SAB.FRUTA X 29.7GR|1.00|unidad| |1300.00|1300.00|1|unidad||||
3|1|1507|7895144699844|1|MENTOS CARAMELOS MASTICABLES SAB.MENTA X 29.7GR|1.00|unidad| |1300.00|1300.00|1|unidad||||
3|1|1507|0000000021770|0|MERMELADAS X UNIDAD|1.00|unidad| |60.00|60.00|1|unidad||||
3|1|1507|0000077903785|1|MILKA ALFAJOR MOUSSE TRIPLE X 55 GR.|1.00|unidad| |3000.00|3000.00|1|unidad||||
3|1|1507|7622300457303|1|MILKA ALFAJOR TRIPLE BLANCO X 55G|1.00|unidad| |3000.00|3000.00|1|unidad||||
3|1|1507|7622300844967|1|MILKA CHOCOLATE BLANCO CON DULCE DE LECHE X 67.5G|1.00|unidad| |7200.00|7200.00|1|unidad||||
3|1|1507|7622300844943|1|MILKA CHOCOLATE C DULCE DE LECHE X 67.5G|1.00|unidad| |7400.00|7400.00|1|unidad||||
3|1|1507|0000000021565|0|MILKA CHOCOLATE C/LECHE ALMENDRAS|1.00|unidad| |3510.00|3510.00|1|unidad||||
3|1|1507|7622300990114|1|MILKA CHOCOLATE CON LECHE X 150G|1.00|unidad| |14100.00|14100.00|1|unidad||||
3|1|1507|7622201818937|1|MILKA LEGER CHOCOLATE LECHE TABLETA X 50G|1.00|unidad| |6100.00|6100.00|1|unidad||||
3|1|1507|7790580116958|1|MOGUL CARAMELO DE GOMA DINOS X 30G|1.00|unidad| |850.00|850.00|1|unidad||||
3|1|1507|7790580129507|1|MOGUL CARAMELOS DE GOMA ACIDOS BOLSA X 60G|1.00|unidad| |1400.00|1400.00|1|unidad||||
3|1|1507|7790580169312|1|MOGUL CARAMELOS DE GOMA CEREBRITOS X 30G|1.00|unidad| |1200.00|1200.00|1|unidad||||
3|1|1507|7790580116460|1|MOGUL CARAMELOS DE GOMA EXTREME ACIDO ROLLO X 35G|1.00|unidad| |1200.00|1200.00|1|unidad||||
3|1|1507|7790580603809|1|MOGUL CARAMELOS DE GOMA FRUTALES ROLLO X 35G|1.00|unidad| |1200.00|1200.00|1|unidad||||
3|1|1507|7790580199913|1|MOGUL CARAMELOS DE GOMA OSITOS X 30 GR|1.00|unidad| |1200.00|1200.00|1|unidad||||
3|1|1507|7790580200114|1|MOGUL CARAMELOS DE GOMA TIBURON X 30G|1.00|unidad| |1200.00|1200.00|1|unidad||||
3|1|1507|7798422620014|1|MONSTER ENERGY GREEN X 473CC|1.00|unidad| |5500.00|5500.00|1|unidad||||
3|1|1507|7798422620045|1|MONSTER MANGO LOCO 473|1.00|unidad| |5500.00|5500.00|1|unidad||||
3|1|1507|7798422620021|1|MONSTER ULTRA x 473 CC|1.00|unidad| |5500.00|5500.00|1|unidad||||
3|1|1507|1111111111142|1|MUFFIN CHIPS CHOC X UN|1.00|unidad| |4300.00|4300.00|1|unidad||||
3|1|1507|1111111111145|1|MUFFIN VAINILLA C/DDL X UN|1.00|unidad| |4300.00|4300.00|1|unidad||||
3|1|1507|7798304841261|1|NESQUIK NUTRIACTIV B HEL.CHOCOLATE CON CALCIN-N|1.00|unidad| |1900.00|1900.00|1|unidad||||
3|1|1507|7622210723468|1|OREO GALLETITAS BAÑADAS CHOCOLATE x17gr|1.00|unidad| |210.00|210.00|1|unidad||||
3|1|1507|7899975800523|1|Oreo Palito AR 20 x 65g|1.00|unidad| |6800.00|6800.00|1|unidad||||
3|1|1507|7899975800509|1|OREO SANDWICH AR 81GR|1.00|unidad| |6800.00|6800.00|1|unidad||||
3|1|1507|7798304841124|1|OREO TACITA X 95G|1.00|unidad| |6800.00|6800.00|1|unidad||||
3|1|1507|0000000024088|0|PAN DE CHOCOLATE X UN|1.00|unidad| |4300.00|4300.00|1|unidad||||
3|1|1507|7798024766110|1|PANINI GRIGLIATTI DE PECETO X 210G|1.00|unidad| |7350.00|7350.00|1|unidad||||
3|1|1507|7791007000764|1|PAÑUELOS DESCARTABLES CAJA X 75 UNID|1.00|unidad| |3600.00|3600.00|1|unidad||||
3|1|1507|7791070003482|1|PAÑUELOS DESCARTABLES X UNID|1.00|unidad| |700.00|700.00|1|unidad||||
3|1|1507|7798024760781|1|PEBETE PECHUGA CRISPY X UN|1.00|unidad| |10200.00|10200.00|1|unidad||||
3|1|1507|7798024760361|1|PECHUGA GRILLE C/VEGETAL DEL HUERTO X UN|1.00|unidad| |12700.00|12700.00|1|unidad||||
3|1|1507|0000077915481|1|PEPITOS ALFAJOR TRIPLE DE CHOCOLATE X 57GR|1.00|unidad| |3000.00|3000.00|1|unidad||||
3|1|1507|7791813828365|1|PEPSI BLACK PET X 500CC|1.00|unidad| |3450.00|3450.00|1|unidad||||
3|1|1507|1111111111200|1|PICO DULCE CHUPETIN X 14 GR.|1.00|unidad| |500.00|500.00|1|unidad||||
3|1|1507|7790895641183|1|POWERADE FRUTAS TROPICALES PET X 500CC|1.00|unidad| |3500.00|3500.00|1|unidad||||
3|1|1507|7790895640018|1|POWERADE MANZANA PET X 500CC|1.00|unidad| |3500.00|3500.00|1|unidad||||
3|1|1507|7790895640025|1|POWERADE MOUNTAIN BLAST PET X 500CC|1.00|unidad| |3500.00|3500.00|1|unidad||||
3|1|1507|7791519200021|1|PRIME PRESERVATIVO ANATOMICO CAJA X 3 UNID.|1.00|unidad| |6300.00|6300.00|1|unidad||||
3|1|1507|7791519200076|1|PRIME PRESERVATIVO ESPERMICIDA CAJA X 3 UNID.|1.00|unidad| |6300.00|6300.00|1|unidad||||
3|1|1507|7791519000676|1|PRIME PRESERVATIVO EXTRA LUBRICADO CAJA X 3 UNID.|1.00|unidad| |6300.00|6300.00|1|unidad||||
3|1|1507|7791519200045|1|PRIME PRESERVATIVO SUPERFINO CAJA X 3 UNID.|1.00|unidad| |6300.00|6300.00|1|unidad||||
3|1|1507|7791519200090|1|PRIME PRESERVATIVO TACHAS CAJA X 3 UNID.|1.00|unidad| |6300.00|6300.00|1|unidad||||
3|1|1507|7791519200069|1|PRIME PRESERVATIVO TEXTURADO CAJA X 3 UNID.|1.00|unidad| |6300.00|6300.00|1|unidad||||
3|1|1507|7790742167101|1|Queso Finlandia Chef Cheddar 150gr PAQUETE INSUMO|1.00|unidad| |685.00|685.00|1|unidad||||
3|1|1507|0045011111111|1|RED BULL ENERGY DRINK LATA X 250 CC|1.00|unidad| |5500.00|5500.00|1|unidad||||
3|1|1507|0000090435225|1|RED BULL ENERGY DRINK LATA X 355 CC|1.00|unidad| |6900.00|6900.00|1|unidad||||
3|1|1507|9002490232054|1|RED BULL ENERGY DRINK SUGAR FREE LATA X 250CC|1.00|unidad| |5500.00|5500.00|1|unidad||||
3|1|1507|7790580327415|1|ROCKLETS CONFITES DE CHOCOLATE PAQ. X 40 GR|1.00|unidad| |3100.00|3100.00|1|unidad||||
3|1|1507|7790580327613|1|ROCKLETS NARANJA MANI C/CHOCOLATE CONFITADO X 40G|1.00|unidad| |3100.00|3100.00|1|unidad||||
3|1|1507|7798024760507|1|ROLL CHICKEN CAESAR X 210GR|1.00|unidad| |10600.00|10600.00|1|unidad||||
3|1|1507|0000000023605|0|SACRAMENTO MEMBRILLO X UN|1.00|unidad| |1700.00|1700.00|1|unidad||||
3|1|1507|7790580716806|1|SALADIX GALLETITAS SAB. CALABRESA CAJA X 100G|1.00|unidad| |3200.00|3200.00|1|unidad||||
3|1|1507|7790580716707|1|SALADIX GALLETITAS SAB. JAMON CAJA X 100G|1.00|unidad| |3200.00|3200.00|1|unidad||||
3|1|1507|7790580697303|1|SALADIX GALLETITAS SAB. PIZZA CAJA X 100G|1.00|unidad| |3200.00|3200.00|1|unidad||||
3|1|1507|7790040374607|1|SALADIX GALLETITAS SAB.DUO CAJA X 80G|1.00|unidad| |3200.00|3200.00|1|unidad||||
3|1|1507|7790040123434|1|SALADIX GALLETITAS SAB.KESITOS X80G|1.00|unidad| |2700.00|2700.00|1|unidad||||
3|1|1507|0000077956699|1|SHOT ALFAJOR TRISHOT TRIPLE X 60G|1.00|unidad| |3000.00|3000.00|1|unidad||||
3|1|1507|7622300424084|1|SHOT CHOCOLATE CON LECHE Y MANI TABLETA X 170 GR|1.00|unidad| |12500.00|12500.00|1|unidad||||
3|1|1507|0000077914217|1|SHOT CHOCOLATE LECHE CON MANI TABLETA X 35G|1.00|unidad| |3000.00|3000.00|1|unidad||||
3|1|1507|7798304841803|1|SIN PARAR CHOCOLATE DULCE DE LECHE X 90G|1.00|unidad| |3000.00|3000.00|1|unidad||||
3|1|1507|7798304841797|1|SIN PARAR DULCE DE LECHE Y AMERICANA X 90G|1.00|unidad| |3000.00|3000.00|1|unidad||||
3|1|1507|7798304841780|1|SIN PARAR FRUTILLA CREMA X 90G|1.00|unidad| |3000.00|3000.00|1|unidad||||
3|1|1507|0022000018465|1|SKITTLES CONFITES ORIGINAL FRUIT PAQ.X 61.5GR|1.00|unidad| |4700.00|4700.00|1|unidad||||
3|1|1507|0022000018489|1|SKITTLES CONFITES WILDBERRY PAQ.X 61.5GR|1.00|unidad| |4700.00|4700.00|1|unidad||||
3|1|1507|7790895646027|1|SMART WATER C/G 591 ML|1.00|unidad| |3500.00|3500.00|1|unidad||||
3|1|1507|7790895645778|1|SMART WATER S/G 591 ML|1.00|unidad| |3500.00|3500.00|1|unidad||||
3|1|1507|7506174512248|1|SNICKERS BARRA RELL.MANI CUB.C/CHOCOLATE X 48 GR|1.00|unidad| |4700.00|4700.00|1|unidad||||
3|1|1507|0522111111111|1|SPEED UNLIMITED LATA X 250CC|1.00|unidad| |4200.00|4200.00|1|unidad||||
3|1|1507|0040000000518|1|STARBURST CARAMELO MASTICABLE SURTIDO PAQ.X 58.7G|1.00|unidad| |5100.00|5100.00|1|unidad||||
3|1|1507|7790580060206|1|SUGUS CARAMELO MASTICABLE SUELTO X 3.3 GR|1.00|unidad| |50.00|50.00|1|unidad||||
3|1|1507|7790580056001|1|SUGUS CONFITADOS CONFITES DE CARAMELO SURT.X 50 G|1.00|unidad| |2000.00|2000.00|1|unidad||||
3|1|1507|7790387000849|1|TARAGUI MATE COCIDO X 25 UNID S ENS|1.00|unidad| |135.00|135.00|1|unidad||||
3|1|1507|0029601111111|1|TARAGUI MATE LISTO X 35 GR.|1.00|unidad| |4000.00|4000.00|1|unidad||||
3|1|1507|0029621111111|1|TARAGUI TERMO MATE-LISTO CAPACIDAD 500 CC.|1.00|unidad| |5900.00|5900.00|1|unidad||||
3|1|1507|7790387013627|1|TARAGUI YERBA 4FLEX X 500 GR.|1.00|unidad| |4600.00|4600.00|1|unidad||||
3|1|1507|0000077939234|1|TERRABUSI ALFAJOR CHOCOLATE X 50 GR|1.00|unidad| |2000.00|2000.00|1|unidad||||
3|1|1507|0000077903792|1|TERRABUSI ALFAJOR TRIPLE CHOCOLATE X 70G.|1.00|unidad| |3000.00|3000.00|1|unidad||||
3|1|1507|0000077903860|1|TERRABUSI ALFAJOR TRIPLE TIPO TORTA CHOCOLAT.X 70G|1.00|unidad| |3000.00|3000.00|1|unidad||||
3|1|1507|7622300335052|1|TERRABUSI SNACKY X 60GR|1.00|unidad| |4600.00|4600.00|1|unidad||||
3|1|1507|7861002910314|1|TIC TAC PASTILLAS SABOR MENTA CAJA X 16 GR.|1.00|unidad| |1600.00|1600.00|1|unidad||||
3|1|1507|7861002910321|1|TIC TAC PASTILLAS SABOR NARANJA CAJA X 16 GR.|1.00|unidad| |1600.00|1600.00|1|unidad||||
3|1|1507|7790580746612|1|TOFI CHOCOLATE C/LECHE RELLENO D.LECHE X 55G|1.00|unidad| |420.00|420.00|1|unidad||||
3|1|1507|7798024760354|1|TOP PBT DE JAMON COCIDO Y QUESO X UN|1.00|unidad| |9100.00|9100.00|1|unidad||||
3|1|1507|0000000019823|0|TOPLINE 7 CHICLE S/AZUCAR ATM STRONG X 14G|1.00|unidad| |2300.00|2300.00|1|unidad||||
3|1|1507|0000000018843|0|TOPLINE 7 CHICLE S/AZUCAR MANDARINA  CAJA X 14G|1.00|unidad| |2300.00|2300.00|1|unidad||||
3|1|1507|7790580120573|1|TOPLINE 7 ULTRA CLEAN X 24G|1.00|unidad| |3600.00|3600.00|1|unidad||||
3|1|1507|7790580120702|1|TOPLINE 7 ULTRA GREEN MINT X 24G|1.00|unidad| |3600.00|3600.00|1|unidad||||
3|1|1507|7790580121013|1|TOPLINE 7 ULTRA RED BERRY X 24G|1.00|unidad| |3600.00|3600.00|1|unidad||||
3|1|1507|7798304841421|1|TORPEDO FRUTILLA|1.00|unidad| |2100.00|2100.00|1|unidad||||
3|1|1507|7798304841414|1|TORPEDO LIMON|1.00|unidad| |2100.00|2100.00|1|unidad||||
3|1|1507|7798024760460|1|TRIPLE MIGA BLANCO J.COCIDO Y QUESO X 3 UN|1.00|unidad| |9600.00|9600.00|1|unidad||||
3|1|1507|7798024760477|1|TRIPLE MIGA NEGRO J.COCIDO Y QUESO X 3 UN|1.00|unidad| |9600.00|9600.00|1|unidad||||
3|1|1507|7622202839962|1|VARIEDAD GALLETITAS DULCES SURTIDAS X 390GR.|1.00|unidad|VARIEDAD|5800.00|5800.00|1|unidad||||
3|1|1507|0016871111111|1|VASO REUTILIZABLE|1.00|unidad| |4500.00|4500.00|1|unidad||||
3|1|1507|0000000004361|0|VAUQUITA TABLETA DE DULCE DE LECHE X 25 GR.|1.00|unidad| |190.00|190.00|1|unidad||||
3|1|1507|7790315100184|1|VDS LEVITE CERO AGUA S/G MANZANA PET X 500cc|1.00|unidad| |3450.00|3450.00|1|unidad||||
3|1|1507|0021352111111|1|VDS LEVITE CERO AGUA S/G NARANJA PET X 500cc|1.00|unidad| |3450.00|3450.00|1|unidad||||
3|1|1507|0021347111111|1|VILLA DEL SUR LEVITE S/G MANZANA PET X 500cc|1.00|unidad| |3450.00|3450.00|1|unidad||||
3|1|1507|7798062548655|1|VILLA DEL SUR LEVITE S/G NARANJA PET X 500cc|1.00|unidad| |3450.00|3450.00|1|unidad||||
3|1|1507|0021349111111|1|VILLA DEL SUR LEVITE S/G PERA PET X 500cc|1.00|unidad| |3450.00|3450.00|1|unidad||||
3|1|1507|7799155000982|1|VILLA DEL SUR LEVITE S/G POMELO PET X 500cc|1.00|unidad| |3450.00|3450.00|1|unidad||||
3|1|1507|7799155000210|1|VILLAVICENCIO AGUA FINAMENTE GASIFICADA PET X 1.5L|1.00|unidad| |5300.00|5300.00|1|unidad||||
3|1|1507|7799155000203|1|VILLAVICENCIO AGUA FINAMENTE GASIFICADA PET X 500C|1.00|unidad| |3650.00|3650.00|1|unidad||||
3|1|1507|0022000293220|1|Wrigleys Doubl 12.5g|1.00|unidad| |2600.00|2600.00|1|unidad||||
3|1|1507|0022000293305|1|Wrigleys Spear 12.5g|1.00|unidad| |2600.00|2600.00|1|unidad||||
3|1|1507|7791337010826|1|Yogurisimo Botellita Frutilla x 190g|1.00|unidad| |5500.00|5500.00|1|unidad||||
3|1|1507|7798187760246|1|ZAFRAN BARRA DE CEREAL ALM/COCO X 28G|1.00|unidad| |1900.00|1900.00|1|unidad||||
3|1|1507|7798187760277|1|ZAFRAN BARRA DE CEREAL CAJU/ZAPALLO 28G|1.00|unidad| |1900.00|1900.00|1|unidad||||
3|1|1507|7798187760253|1|ZAFRAN BARRA DE CEREAL MANI/CACAO 28G|1.00|unidad| |1900.00|1900.00|1|unidad||||
3|1|1507|7798187760260|1|ZAFRAN BARRA DE CEREAL MZNA/CHIA 28G|1.00|unidad| |1900.00|1900.00|1|unidad||||
3|1|1539|7791813434412|1|7UP FREE PET X 1.5L|1.00|unidad| |5200.00|5200.00|1|unidad||||
3|1|1539|0000000023897|0|AFEITADORA BIC COMFORT  3|1.00|unidad| |820.00|820.00|1|unidad||||
3|1|1539|7790580109882|1|AGUILA EXTRAFINO 60% CACAO X 150 GR|1.00|unidad| |16100.00|16100.00|1|unidad||||
3|1|1539|7790040133594|1|AGUILA MINITORTA BROWNIE X 72G|1.00|unidad| |3100.00|3100.00|1|unidad||||
3|1|1539|7790040298705|1|AGUILA MINITORTA DDLECHE/MOUSSE SAB.VAINILLA X 72G|1.00|unidad| |3100.00|3100.00|1|unidad||||
3|1|1539|0000000023956|0|ALFAJOR CHOCOLATE|1.00|unidad| |2350.00|2350.00|1|unidad||||
3|1|1539|0000000023280|0|ALFAJORES DE MAICENA|1.00|unidad| |2350.00|2350.00|1|unidad||||
3|1|1539|7790580607418|1|ARCOR CHOCOLATE BLANCO TABLETA X 25 GR|1.00|unidad| |2500.00|2500.00|1|unidad||||
3|1|1539|7790580607210|1|ARCOR CHOCOLATE CON LECHE TABLETA X 25GR|1.00|unidad| |2500.00|2500.00|1|unidad||||
3|1|1539|0000000001339|0|ARCOR OBLEA RELLENA C/PASTA DE TURRON Y MANI X 25G|1.00|unidad| |700.00|700.00|1|unidad||||
3|1|1539|7793360294600|1|BC JUGO MANZANA TETRA X 200CC|1.00|unidad| |1300.00|1300.00|1|unidad||||
3|1|1539|7793360246609|1|BC JUGO NARANJA TETRA X 200CC.|1.00|unidad| |1300.00|1300.00|1|unidad||||
3|1|1539|7790580154264|1|BEB MULTIFRUTA BC 24X200ML|1.00|unidad| |1300.00|1300.00|1|unidad||||
3|1|1539|7792730020559|1|BIZNIKKE NEVADO CHOCOLATE TABLETA X 120 GR.|1.00|unidad| |9200.00|9200.00|1|unidad||||
3|1|1539|7790580722708|1|BOMBON TOFI LECHE X 15G|1.00|unidad| |2100.00|2100.00|1|unidad||||
3|1|1539|7790040613607|1|Bon O Bon Alfajor Chocolate Blanco x40 gr|1.00|unidad| |2100.00|2100.00|1|unidad||||
3|1|1539|7790040613706|1|BON O BON ALFAJOR CHOCOLATE NEGRO/LECHE X 40G|1.00|unidad| |2100.00|2100.00|1|unidad||||
3|1|1539|0000000021586|0|BON-O-BON BOMBON AGUILA X 15G|1.00|unidad| |1100.00|1100.00|1|unidad||||
3|1|1539|7790580119058|1|BON-O-BON BOMBON CHOCOLATE BLANCO X 15G|1.00|unidad| |1100.00|1100.00|1|unidad||||
3|1|1539|0000000021587|0|BON-O-BON BOMBON CHOCOLINA X 15G|1.00|unidad| |1100.00|1100.00|1|unidad||||
3|1|1539|7792360072409|1|BONAFIDE BOCADITO DDL X 16G|1.00|unidad| |1800.00|1800.00|1|unidad||||
3|1|1539|0000000021151|0|BROWNIE ARTESANAL|1.00|unidad| |5850.00|5850.00|1|unidad||||
3|1|1539|0000000023273|0|BUDIN BANANA Y DDL|1.00|unidad| |5300.00|5300.00|1|unidad||||
3|1|1539|0000000021701|0|BUDIN DE FRUTOS SECOS|1.00|unidad| |5300.00|5300.00|1|unidad||||
3|1|1539|0000000021700|0|BUDIN DE LIMON Y ARANDANOS|1.00|unidad| |5300.00|5300.00|1|unidad||||
3|1|1539|7790407022011|1|CABSHA BOCADITO X 10G|1.00|unidad| |1000.00|1000.00|1|unidad||||
3|1|1539|7798128000271|1|CACHAFAZ ALFAJOR MOUSSE X 50G|1.00|unidad| |3400.00|3400.00|1|unidad||||
3|1|1539|7622201818739|1|CADBURY CHOCOLATE C/LECHE TRES SUEÑOS X 82G|1.00|unidad| |8200.00|8200.00|1|unidad||||
3|1|1539|7622201818654|1|CADBURY CHOCOLATE RELLENO YOGHURT FRUTILLA X 29G|1.00|unidad| |3500.00|3500.00|1|unidad||||
3|1|1539|7622202271250|1|Caram. Halls 12u Strong Nvo|1.00|unidad| |1350.00|1350.00|1|unidad||||
3|1|1539|7622202247286|1|Caram. Halls Cherry Nvo 28 Grs|1.00|unidad| |1350.00|1350.00|1|unidad||||
3|1|1539|7790895649301|1|CEPITA 20% NARANJA 200ML|1.00|unidad| |2200.00|2200.00|1|unidad||||
3|1|1539|7790895009853|1|CEPITA JUGO MANZANA BOTELLA X 1L|1.00|unidad| |6100.00|6100.00|1|unidad||||
3|1|1539|7790895000720|1|CEPITA JUGO MANZANA TETRA X 200CC.|1.00|unidad| |2200.00|2200.00|1|unidad||||
3|1|1539|7790895647017|1|CEPITA JUGO MANZANA ZINC TETRA X 1 LT.|1.00|unidad| |4450.00|4450.00|1|unidad||||
3|1|1539|7790895000737|1|CEPITA JUGO MULTIFRUTA TETRA X 200CC|1.00|unidad| |2200.00|2200.00|1|unidad||||
3|1|1539|7790895647123|1|CEPITA JUGO MULTIFRUTA ZINC TETRA X 1 LT.|1.00|unidad| |4450.00|4450.00|1|unidad||||
3|1|1539|7790895648267|1|CEPITA NARANJA 20% 1L|1.00|unidad| |4450.00|4450.00|1|unidad||||
3|1|1539|7790895009815|1|CEPITA NARANJA 995CC|1.00|unidad| |6100.00|6100.00|1|unidad||||
3|1|1539|0000000022630|0|CEREAL MIX BARRA DE CEREAL C/FRUTILLA&YOGHURT X26G|1.00|unidad| |2000.00|2000.00|1|unidad||||
3|1|1539|0000000001341|0|CEREAL MIX BARRA DE CEREAL X 23G|1.00|unidad| |2000.00|2000.00|1|unidad||||
3|1|1539|0000000022631|0|CEREAL MIX BARRA DE CEREAL YOGH/FRUTIL.L.X26g|1.00|unidad| |2000.00|2000.00|1|unidad||||
3|1|1539|7790580123345|1|CH. TL7 MENTHOL 20X16X14G|1.00|unidad| |2300.00|2300.00|1|unidad||||
3|1|1539|0000000019822|0|CH. TL7 VIBR. STRAW. 20X16X14G|1.00|unidad| |2300.00|2300.00|1|unidad||||
3|1|1539|7790580104252|1|CH. TL7 VIOL. CHERRY 20X16X14G|1.00|unidad| |2300.00|2300.00|1|unidad||||
3|1|1539|7790580317607|1|CH. TL7 XPLOS. MINT 20X16X14G|1.00|unidad| |2300.00|2300.00|1|unidad||||
3|1|1539|8445290701961|1|Choc Bananita Dolca 30 grs|1.00|unidad| |2400.00|2400.00|1|unidad||||
3|1|1539|8445290701596|1|Choc. Bananita Dolca 14grs|1.00|unidad| |1400.00|1400.00|1|unidad||||
3|1|1539|7622202328947|1|Choc. Milka 55g Leche NVO|1.00|unidad| |6400.00|6400.00|1|unidad||||
3|1|1539|7790070418296|1|Chocoarroz Blanco est. 22g|1.00|unidad| |2000.00|2000.00|1|unidad||||
3|1|1539|7790070418203|1|Chocoarroz DL 22 gr|1.00|unidad| |2000.00|2000.00|1|unidad||||
3|1|1539|7790580103521|1|CHOCOLATE LECHE CON CONFITES COFLER X 55 G|1.00|unidad| |6200.00|6200.00|1|unidad||||
3|1|1539|7798304840851|1|CHOMPAlmedC/SsaDDL6x180g|1.00|unidad| |10700.00|10700.00|1|unidad||||
3|1|1539|7798130953640|1|CHUPETIN COCO POP X 17 G|1.00|unidad| |3600.00|3600.00|1|unidad||||
3|1|1539|7798130954777|1|CHUPETIN EMOTI POP 11GR|1.00|unidad| |3600.00|3600.00|1|unidad||||
3|1|1539|0000000023604|0|CIRCULAR MEMBRILLO X UN|1.00|unidad| |1700.00|1700.00|1|unidad||||
3|1|1539|7798085680516|1|CITRIC JUGO NARANJA MANGO TETRA X 500CC|1.00|unidad| |3850.00|3850.00|1|unidad||||
3|1|1539|7798085681834|1|CITRIC JUGO NARANJA TETRA X 1L|1.00|unidad| |5750.00|5750.00|1|unidad||||
3|1|1539|7798085681445|1|CITRIC JUGO NARANJA TETRA X 250CC|1.00|unidad| |2200.00|2200.00|1|unidad||||
3|1|1539|7798085681452|1|CITRIC JUGO NARANJA TETRA X 500CC|1.00|unidad| |3850.00|3850.00|1|unidad||||
3|1|1539|7798085680295|1|CITRIC JUGO NARANJA/ DURAZNO TETRA X 500CC|1.00|unidad| |3850.00|3850.00|1|unidad||||
3|1|1539|7790895000997|1|COCA-COLA X 2.25L|1.00|unidad| |8950.00|8950.00|1|unidad||||
3|1|1539|7790040659605|1|COFLER BLOCK ALFAJOR CHOCOLATE X 60 G|1.00|unidad| |3100.00|3100.00|1|unidad||||
3|1|1539|0000000018365|0|COFLER BLOCK CHOCOLATE C/LECHE Y MANI TAB.X 110GR|1.00|unidad| |8300.00|8300.00|1|unidad||||
3|1|1539|0000000015301|0|COFLER BLOCK CHOCOLATE C/LECHE Y MANI TAB.X 38GR|1.00|unidad| |3400.00|3400.00|1|unidad||||
3|1|1539|7790580105013|1|COFLER BLOCK CHOCOLATE X 170G|1.00|unidad| |14000.00|14000.00|1|unidad||||
3|1|1539|7790580115579|1|COFLER BLOCK CHOCOLATE X 1KG|1.00|unidad| |66200.00|66200.00|1|unidad||||
3|1|1539|7790580103385|1|COFLER CHOCOLATE AIREADO BCO/LECHE X 27 GR.|1.00|unidad| |3600.00|3600.00|1|unidad||||
3|1|1539|7790580103378|1|COFLER CHOCOLATE AIREADO BLANCO X 27 GR.|1.00|unidad| |3600.00|3600.00|1|unidad||||
3|1|1539|7790580115869|1|COFLER CHOCOLATE AIREADO BON O BON X 67G|1.00|unidad| |7000.00|7000.00|1|unidad||||
3|1|1539|7790580103361|1|COFLER CHOCOLATE AIREADO LECHE X 27 GR.|1.00|unidad| |3600.00|3600.00|1|unidad||||
3|1|1539|7790580043407|1|COFLER CHOCOLATE AIREADO LECHE X 55G|1.00|unidad| |7100.00|7100.00|1|unidad||||
3|1|1539|7790580003531|1|COFLER CHOCOLATE BCO&COOK X 55G|1.00|unidad| |6200.00|6200.00|1|unidad||||
3|1|1539|7790580043506|1|COFLER CHOCOLATE LECHE CON ALMENDRAS X 55G|1.00|unidad| |6200.00|6200.00|1|unidad||||
3|1|1539|0000000024109|0|CRIOLLITO X UN|1.00|unidad| |1700.00|1700.00|1|unidad||||
3|1|1539|0000000023957|0|CROISSANT J Y Q|1.00|unidad| |6400.00|6400.00|1|unidad||||
3|1|1539|7798024760798|1|CROQUE MONSIEUR J Y Q BLANCO X UN|1.00|unidad| |10100.00|10100.00|1|unidad||||
3|1|1539|7798024760804|1|CROQUE MONSIEUR J Y Q NEGRO X UN|1.00|unidad| |10100.00|10100.00|1|unidad||||
3|1|1539|0000000020568|0|CUADRADO DE PASTA FROLA|1.00|unidad| |5300.00|5300.00|1|unidad||||
3|1|1539|0000000023543|0|DELIVERY MEDIALUNAS X 6 UNIDADES|1.00|unidad| |205.00|205.00|1|unidad||||
3|1|1539|7795735000106|1|DON SATUR TALITAS X 140GR|1.00|unidad| |2800.00|2800.00|1|unidad||||
3|1|1539|7790206007509|1|DOS CORAZONES BOCADITO CHOC.C/LECHE RELL. X 26GR|1.00|unidad| |2200.00|2200.00|1|unidad||||
3|1|1539|7792799000035|1|ECO DE LOS ANDES AGUA CON GAS PET X 500CC.|1.00|unidad| |3300.00|3300.00|1|unidad||||
3|1|1539|7798128000486|1|EL CACHAFAZ ALFAJOR BLANCO FLOWPACK X 60 GR|1.00|unidad| |3300.00|3300.00|1|unidad||||
3|1|1539|7798128000462|1|EL CACHAFAZ ALFAJOR CHOCOLATE FLOWPACK X 60 GR|1.00|unidad| |3200.00|3200.00|1|unidad||||
3|1|1539|7798128001940|1|EL CACHAFAZ ALFAJOR DE MAICENA X 76G|1.00|unidad| |3300.00|3300.00|1|unidad||||
3|1|1539|7798128001797|1|EL CACHAFAZ CONITO DULCE DE LECHE X 38G|1.00|unidad| |2700.00|2700.00|1|unidad||||
3|1|1539|7798024760569|1|ENSALADA CESAR  PREMIUM X UN|1.00|unidad| |14300.00|14300.00|1|unidad||||
3|1|1539|7798024760392|1|ENSALADA CHEF PREMIUM X UN|1.00|unidad| |14300.00|14300.00|1|unidad||||
3|1|1539|7798024766417|1|ENSALADA MIX VEG.C/PECHUGUITAS AL SESAMO X UN|1.00|unidad| |14300.00|14300.00|1|unidad||||
3|1|1539|7613035242524|1|EPA DDL MAX 88GR|1.00|unidad| |6800.00|6800.00|1|unidad||||
3|1|1539|7613035242500|1|EPA ROCKER X 88G|1.00|unidad| |6800.00|6800.00|1|unidad||||
3|1|1539|7898024390121|1|FERRERO ROCHER BOMBON CHOC.RELL.PAQ.3 UNID X 37.5G|1.00|unidad| |5600.00|5600.00|1|unidad||||
3|1|1539|7798024760255|1|FIGAZZITAS DE SALAME Y QUESO X 2 UN|1.00|unidad| |9100.00|9100.00|1|unidad||||
3|1|1539|7798147780062|1|Franui sabor Black 150gr|1.00|unidad| |8500.00|8500.00|1|unidad||||
3|1|1539|7798147783223|1|Franui sabor Leche 150gr|1.00|unidad| |8500.00|8500.00|1|unidad||||
3|1|1539|7790070431936|1|Gallo YoguBar 20gr|1.00|unidad| |1800.00|1800.00|1|unidad||||
3|1|1539|0067061111111|1|GATORADE COOL BLUE PET X 500CC|1.00|unidad| |4300.00|4300.00|1|unidad||||
3|1|1539|0071971211111|1|GATORADE FRUTOS TROPICALES PET X 750CC|1.00|unidad| |5200.00|5200.00|1|unidad||||
3|1|1539|0066011111111|1|GATORADE MANZANA PET X 500CC|1.00|unidad| |4300.00|4300.00|1|unidad||||
3|1|1539|0042831111111|1|GATORADE MANZANA PET X 750CC|1.00|unidad| |5100.00|5100.00|1|unidad||||
3|1|1539|0006602111111|1|GATORADE NARANJA PET X 500CC|1.00|unidad| |4300.00|4300.00|1|unidad||||
3|1|1539|7798024766103|1|GRANDWICH PANINI GRIGLIATTI JAM/QUE/TOM/HUE X 210G|1.00|unidad| |7350.00|7350.00|1|unidad||||
3|1|1539|0000000023445|0|HALLS FREE MENTA X 28 G|1.00|unidad| |1500.00|1500.00|1|unidad||||
3|1|1539|7791249450277|1|HALLS MENTA LYPTUS CARAMELOS DUROS PAQ.X 28G|1.00|unidad| |1300.00|1300.00|1|unidad||||
3|1|1539|0000000023603|0|ICEDREAM CIRCULAR PASTELERA X UN|1.00|unidad| |1700.00|1700.00|1|unidad||||
3|1|1539|0028411111111|1|JORGITO ALFAJOR BLANCO X 50G|1.00|unidad| |1800.00|1800.00|1|unidad||||
3|1|1539|0011111112842|1|JORGITO ALFAJOR CHOCOLATE X 55G|1.00|unidad| |1800.00|1800.00|1|unidad||||
3|1|1539|7790957000545|1|JORGITO MINI ALFAJOR CHOCOLATE PAQ.X 6 UNID.|1.00|unidad| |4900.00|4900.00|1|unidad||||
3|1|1539|7790957000538|1|JORGITO MINI ALFAJOR GLACEADO PAQ.X 6 UNID.X 155GR|1.00|unidad| |4900.00|4900.00|1|unidad||||
3|1|1539|0000080052760|1|KINDER BUENO OBLEA CHOCOLATE CON LECHE X 43G|1.00|unidad| |4900.00|4900.00|1|unidad||||
3|1|1539|0000077949677|1|KINDER CHOCOLATE X 50G|1.00|unidad| |5700.00|5700.00|1|unidad||||
3|1|1539|7891000379073|1|KIT KAT DARK OBLEA BAÑADA CHOCOLATE X 41.5G|1.00|unidad| |3000.00|3000.00|1|unidad||||
3|1|1539|7891000379028|1|KIT KAT OBLEA BAÑADA CHOCOLATE BLANCO X 41.5G|1.00|unidad| |3000.00|3000.00|1|unidad||||
3|1|1539|7791337007260|1|Leche chocolatada Cindor 200ml|1.00|unidad| |3800.00|3800.00|1|unidad||||
3|1|1539|7791337007253|1|Leche chocolatada Cindor x 1L|1.00|unidad| |11500.00|11500.00|1|unidad||||
3|1|1539|7798368470391|1|LUCCIANO´S CHANTILLY X 100GR (02)|1.00|unidad| |7400.00|7400.00|1|unidad||||
3|1|1539|7798368470384|1|LUCCIANO´S CHOCOLATE C/CROCANTE X 100GR (01)|1.00|unidad| |7400.00|7400.00|1|unidad||||
3|1|1539|7798368470421|1|LUCCIANO´S CHOCOLATE X 90GR (05)|1.00|unidad| |7400.00|7400.00|1|unidad||||
3|1|1539|7798368470438|1|LUCCIANO´S DDL C/ CROCANTE X 90GR (06)|1.00|unidad| |7400.00|7400.00|1|unidad||||
3|1|1539|0000000024240|0|LUCCIANO´S DDL X 90GR (03)|1.00|unidad| |6000.00|6000.00|1|unidad||||
3|1|1539|7798368470476|1|LUCCIANO´S MINION ICE POP X 100GR (10)|1.00|unidad| |7900.00|7900.00|1|unidad||||
3|1|1539|7798368470469|1|LUCCIANO´S OLI KING X 90GR (09)|1.00|unidad| |7800.00|7800.00|1|unidad||||
3|1|1539|7798368470735|1|LUCCIANO´S PISTACCHIO X 95GR (08)|1.00|unidad| |7800.00|7800.00|1|unidad||||
3|1|1539|7798368470414|1|LUCCIANO´S SORBETE PATAGONIA X 90GR (04)|1.00|unidad| |7400.00|7400.00|1|unidad||||
3|1|1539|7613034797469|1|LUXOR BOMBON HELADO 53G|1.00|unidad| |3100.00|3100.00|1|unidad||||
3|1|1539|7797453001441|1|M&M Chocolate 48 Grs|1.00|unidad| |5000.00|5000.00|1|unidad||||
3|1|1539|7797453001458|1|M&M MANI PAQ. X 49 GR|1.00|unidad| |5000.00|5000.00|1|unidad||||
3|1|1539|7790387015324|1|MAÑANITA YERBA 4FLEX X 500 GR|1.00|unidad| |4600.00|4600.00|1|unidad||||
3|1|1539|7790206006106|1|MARROC BOCADITO X 14 GR.|1.00|unidad| |1250.00|1250.00|1|unidad||||
3|1|1539|7798024760125|1|MAX PREMIUM JyQ-TOM-HUE- PAN NGO X UN|1.00|unidad| |10600.00|10600.00|1|unidad||||
3|1|1539|7798024766172|1|MAX PREMIUM POLLO-RU-PAR-PAN NGO X UN|1.00|unidad| |10600.00|10600.00|1|unidad||||
3|1|1539|7798024760552|1|MAX TRIANGULO LIGHT POLLO-LEC-PAN NGO X UN|1.00|unidad| |10600.00|10600.00|1|unidad||||
3|1|1539|0000000023602|0|MEDIALUNA DE GRASA X UN|1.00|unidad| |1700.00|1700.00|1|unidad||||
3|1|1539|0000000023601|0|MEDIALUNA DE MANTECA X UN|1.00|unidad| |1700.00|1700.00|1|unidad||||
3|1|1539|7891000120057|1|MEGA AMERICANA CON ALMENDRAS X 74g|1.00|unidad| |7600.00|7600.00|1|unidad||||
3|1|1539|0000000020546|0|MENTHO-PLUS ACIDOS CEREZA X 27.2G|1.00|unidad| |1900.00|1900.00|1|unidad||||
3|1|1539|0000000020540|0|MENTHO-PLUS ACIDOS NARANJA X 27.2G|1.00|unidad| |1900.00|1900.00|1|unidad||||
3|1|1539|0000000021660|0|MENTHO-PLUS CARAMELOS INHALANTES DE CEREZA X 29.4G|1.00|unidad| |1000.00|1000.00|1|unidad||||
3|1|1539|0000000021663|0|MENTHO-PLUS CARAMELOS INHALANTES MIEL X 29.4G|1.00|unidad| |1000.00|1000.00|1|unidad||||
3|1|1539|0000000021661|0|MENTHO-PLUS CARAMELOS INHALANTES STRONG X 29.4G|1.00|unidad| |1000.00|1000.00|1|unidad||||
3|1|1539|0000000017476|0|MENTHO-PLUS CARAMELOS SIN AZUCAR CHERRY X 27.3G|1.00|unidad| |1900.00|1900.00|1|unidad||||
3|1|1539|0000000017474|0|MENTHO-PLUS CARAMELOS SIN AZUCAR MENTOL X 27.3G|1.00|unidad| |1900.00|1900.00|1|unidad||||
3|1|1539|0000000021664|0|MENTHOPLUS MENTA X 29.4G|1.00|unidad| |1000.00|1000.00|1|unidad||||
3|1|1539|0000000021662|0|MENTHOPLUS MENTOL X 29.4G|1.00|unidad| |1000.00|1000.00|1|unidad||||
3|1|1539|0000000021044|0|MENTHOPLUS ZERO CARAMELOS DURAZNO X 26.6G|1.00|unidad| |1900.00|1900.00|1|unidad||||
3|1|1539|0000000021047|0|MENTHOPLUS ZERO CARAMELOS STRONG X 26.6G|1.00|unidad| |1900.00|1900.00|1|unidad||||
3|1|1539|7895144699851|1|MENTOS CARAMELOS MASTICABLES SAB.FRUTA X 29.7GR|1.00|unidad| |1300.00|1300.00|1|unidad||||
3|1|1539|7895144699844|1|MENTOS CARAMELOS MASTICABLES SAB.MENTA X 29.7GR|1.00|unidad| |1300.00|1300.00|1|unidad||||
3|1|1539|0000000021770|0|MERMELADAS X UNIDAD|1.00|unidad| |50.00|50.00|1|unidad||||
3|1|1539|0000077903785|1|MILKA ALFAJOR MOUSSE TRIPLE X 55 GR.|1.00|unidad| |3000.00|3000.00|1|unidad||||
3|1|1539|7622300457303|1|MILKA ALFAJOR TRIPLE BLANCO X 55G|1.00|unidad| |3000.00|3000.00|1|unidad||||
3|1|1539|7622300844967|1|MILKA CHOCOLATE BLANCO CON DULCE DE LECHE X 67.5G|1.00|unidad| |7200.00|7200.00|1|unidad||||
3|1|1539|7622300844943|1|MILKA CHOCOLATE C DULCE DE LECHE X 67.5G|1.00|unidad| |7400.00|7400.00|1|unidad||||
3|1|1539|0000000021565|0|MILKA CHOCOLATE C/LECHE ALMENDRAS|1.00|unidad| |3510.00|3510.00|1|unidad||||
3|1|1539|7622300990114|1|MILKA CHOCOLATE CON LECHE X 150G|1.00|unidad| |14100.00|14100.00|1|unidad||||
3|1|1539|7622201818937|1|MILKA LEGER CHOCOLATE LECHE TABLETA X 50G|1.00|unidad| |6100.00|6100.00|1|unidad||||
3|1|1539|7790580116958|1|MOGUL CARAMELO DE GOMA DINOS X 30G|1.00|unidad| |850.00|850.00|1|unidad||||
3|1|1539|7790580129507|1|MOGUL CARAMELOS DE GOMA ACIDOS BOLSA X 60G|1.00|unidad| |1400.00|1400.00|1|unidad||||
3|1|1539|7790580169312|1|MOGUL CARAMELOS DE GOMA CEREBRITOS X 30G|1.00|unidad| |1200.00|1200.00|1|unidad||||
3|1|1539|7790580116460|1|MOGUL CARAMELOS DE GOMA EXTREME ACIDO ROLLO X 35G|1.00|unidad| |1200.00|1200.00|1|unidad||||
3|1|1539|7790580603809|1|MOGUL CARAMELOS DE GOMA FRUTALES ROLLO X 35G|1.00|unidad| |1200.00|1200.00|1|unidad||||
3|1|1539|7790580199913|1|MOGUL CARAMELOS DE GOMA OSITOS X 30 GR|1.00|unidad| |1200.00|1200.00|1|unidad||||
3|1|1539|7790580200114|1|MOGUL CARAMELOS DE GOMA TIBURON X 30G|1.00|unidad| |1200.00|1200.00|1|unidad||||
3|1|1539|7798422620014|1|MONSTER ENERGY GREEN X 473CC|1.00|unidad| |5500.00|5500.00|1|unidad||||
3|1|1539|7798422620045|1|MONSTER MANGO LOCO 473|1.00|unidad| |5500.00|5500.00|1|unidad||||
3|1|1539|7798422620021|1|MONSTER ULTRA x 473 CC|1.00|unidad| |5500.00|5500.00|1|unidad||||
3|1|1539|1111111111142|1|MUFFIN CHIPS CHOC X UN|1.00|unidad| |4300.00|4300.00|1|unidad||||
3|1|1539|1111111111145|1|MUFFIN VAINILLA C/DDL X UN|1.00|unidad| |4300.00|4300.00|1|unidad||||
3|1|1539|7798304841261|1|NESQUIK NUTRIACTIV B HEL.CHOCOLATE CON CALCIN-N|1.00|unidad| |1900.00|1900.00|1|unidad||||
3|1|1539|7622210723468|1|OREO GALLETITAS BAÑADAS CHOCOLATE x17gr|1.00|unidad| |200.00|200.00|1|unidad||||
3|1|1539|7899975800523|1|Oreo Palito AR 20 x 65g|1.00|unidad| |6800.00|6800.00|1|unidad||||
3|1|1539|7899975800509|1|OREO SANDWICH AR 81GR|1.00|unidad| |6800.00|6800.00|1|unidad||||
3|1|1539|7798304841124|1|OREO TACITA X 95G|1.00|unidad| |6800.00|6800.00|1|unidad||||
3|1|1539|0000000024088|0|PAN DE CHOCOLATE X UN|1.00|unidad| |4300.00|4300.00|1|unidad||||
3|1|1539|7798024766110|1|PANINI GRIGLIATTI DE PECETO X 210G|1.00|unidad| |7350.00|7350.00|1|unidad||||
3|1|1539|7791007000764|1|PAÑUELOS DESCARTABLES CAJA X 75 UNID|1.00|unidad| |3600.00|3600.00|1|unidad||||
3|1|1539|7791070003482|1|PAÑUELOS DESCARTABLES X UNID|1.00|unidad| |700.00|700.00|1|unidad||||
3|1|1539|7798024760781|1|PEBETE PECHUGA CRISPY X UN|1.00|unidad| |10200.00|10200.00|1|unidad||||
3|1|1539|7798024760361|1|PECHUGA GRILLE C/VEGETAL DEL HUERTO X UN|1.00|unidad| |12700.00|12700.00|1|unidad||||
3|1|1539|0000077915481|1|PEPITOS ALFAJOR TRIPLE DE CHOCOLATE X 57GR|1.00|unidad| |3000.00|3000.00|1|unidad||||
3|1|1539|7791813828365|1|PEPSI BLACK PET X 500CC|1.00|unidad| |3450.00|3450.00|1|unidad||||
3|1|1539|1111111111200|1|PICO DULCE CHUPETIN X 14 GR.|1.00|unidad| |500.00|500.00|1|unidad||||
3|1|1539|7790895641183|1|POWERADE FRUTAS TROPICALES PET X 500CC|1.00|unidad| |3500.00|3500.00|1|unidad||||
3|1|1539|7790895640018|1|POWERADE MANZANA PET X 500CC|1.00|unidad| |3500.00|3500.00|1|unidad||||
3|1|1539|7790895640025|1|POWERADE MOUNTAIN BLAST PET X 500CC|1.00|unidad| |3500.00|3500.00|1|unidad||||
3|1|1539|7791519200021|1|PRIME PRESERVATIVO ANATOMICO CAJA X 3 UNID.|1.00|unidad| |6300.00|6300.00|1|unidad||||
3|1|1539|7791519200076|1|PRIME PRESERVATIVO ESPERMICIDA CAJA X 3 UNID.|1.00|unidad| |6300.00|6300.00|1|unidad||||
3|1|1539|7791519000676|1|PRIME PRESERVATIVO EXTRA LUBRICADO CAJA X 3 UNID.|1.00|unidad| |6300.00|6300.00|1|unidad||||
3|1|1539|7791519200045|1|PRIME PRESERVATIVO SUPERFINO CAJA X 3 UNID.|1.00|unidad| |6300.00|6300.00|1|unidad||||
3|1|1539|7791519200090|1|PRIME PRESERVATIVO TACHAS CAJA X 3 UNID.|1.00|unidad| |6300.00|6300.00|1|unidad||||
3|1|1539|7791519200069|1|PRIME PRESERVATIVO TEXTURADO CAJA X 3 UNID.|1.00|unidad| |6300.00|6300.00|1|unidad||||
3|1|1539|7790742167101|1|Queso Finlandia Chef Cheddar 150gr PAQUETE INSUMO|1.00|unidad| |685.00|685.00|1|unidad||||
3|1|1539|0045011111111|1|RED BULL ENERGY DRINK LATA X 250 CC|1.00|unidad| |5500.00|5500.00|1|unidad||||
3|1|1539|0000090435225|1|RED BULL ENERGY DRINK LATA X 355 CC|1.00|unidad| |6900.00|6900.00|1|unidad||||
3|1|1539|9002490232054|1|RED BULL ENERGY DRINK SUGAR FREE LATA X 250CC|1.00|unidad| |5500.00|5500.00|1|unidad||||
3|1|1539|7790580327415|1|ROCKLETS CONFITES DE CHOCOLATE PAQ. X 40 GR|1.00|unidad| |3100.00|3100.00|1|unidad||||
3|1|1539|7790580327613|1|ROCKLETS NARANJA MANI C/CHOCOLATE CONFITADO X 40G|1.00|unidad| |3100.00|3100.00|1|unidad||||
3|1|1539|7798024760507|1|ROLL CHICKEN CAESAR X 210GR|1.00|unidad| |10600.00|10600.00|1|unidad||||
3|1|1539|0000000023605|0|SACRAMENTO MEMBRILLO X UN|1.00|unidad| |1700.00|1700.00|1|unidad||||
3|1|1539|7790580716806|1|SALADIX GALLETITAS SAB. CALABRESA CAJA X 100G|1.00|unidad| |3200.00|3200.00|1|unidad||||
3|1|1539|7790580716707|1|SALADIX GALLETITAS SAB. JAMON CAJA X 100G|1.00|unidad| |3200.00|3200.00|1|unidad||||
3|1|1539|7790580697303|1|SALADIX GALLETITAS SAB. PIZZA CAJA X 100G|1.00|unidad| |3200.00|3200.00|1|unidad||||
3|1|1539|7790040374607|1|SALADIX GALLETITAS SAB.DUO CAJA X 80G|1.00|unidad| |3200.00|3200.00|1|unidad||||
3|1|1539|7790040123434|1|SALADIX GALLETITAS SAB.KESITOS X80G|1.00|unidad| |2700.00|2700.00|1|unidad||||
3|1|1539|0000077956699|1|SHOT ALFAJOR TRISHOT TRIPLE X 60G|1.00|unidad| |3000.00|3000.00|1|unidad||||
3|1|1539|7622300424084|1|SHOT CHOCOLATE CON LECHE Y MANI TABLETA X 170 GR|1.00|unidad| |12500.00|12500.00|1|unidad||||
3|1|1539|0000077914217|1|SHOT CHOCOLATE LECHE CON MANI TABLETA X 35G|1.00|unidad| |3000.00|3000.00|1|unidad||||
3|1|1539|7798304841803|1|SIN PARAR CHOCOLATE DULCE DE LECHE X 90G|1.00|unidad| |3000.00|3000.00|1|unidad||||
3|1|1539|7798304841797|1|SIN PARAR DULCE DE LECHE Y AMERICANA X 90G|1.00|unidad| |3000.00|3000.00|1|unidad||||
3|1|1539|7798304841780|1|SIN PARAR FRUTILLA CREMA X 90G|1.00|unidad| |3000.00|3000.00|1|unidad||||
3|1|1539|0022000018465|1|SKITTLES CONFITES ORIGINAL FRUIT PAQ.X 61.5GR|1.00|unidad| |4700.00|4700.00|1|unidad||||
3|1|1539|0022000018489|1|SKITTLES CONFITES WILDBERRY PAQ.X 61.5GR|1.00|unidad| |4700.00|4700.00|1|unidad||||
3|1|1539|7790895646027|1|SMART WATER C/G 591 ML|1.00|unidad| |3500.00|3500.00|1|unidad||||
3|1|1539|7790895645778|1|SMART WATER S/G 591 ML|1.00|unidad| |3500.00|3500.00|1|unidad||||
3|1|1539|7506174512248|1|SNICKERS BARRA RELL.MANI CUB.C/CHOCOLATE X 48 GR|1.00|unidad| |4700.00|4700.00|1|unidad||||
3|1|1539|0522111111111|1|SPEED UNLIMITED LATA X 250CC|1.00|unidad| |4200.00|4200.00|1|unidad||||
3|1|1539|0040000000518|1|STARBURST CARAMELO MASTICABLE SURTIDO PAQ.X 58.7G|1.00|unidad| |5100.00|5100.00|1|unidad||||
3|1|1539|7790580060206|1|SUGUS CARAMELO MASTICABLE SUELTO X 3.3 GR|1.00|unidad| |50.00|50.00|1|unidad||||
3|1|1539|7790580056001|1|SUGUS CONFITADOS CONFITES DE CARAMELO SURT.X 50 G|1.00|unidad| |2000.00|2000.00|1|unidad||||
3|1|1539|7790387000849|1|TARAGUI MATE COCIDO X 25 UNID S ENS|1.00|unidad| |135.00|135.00|1|unidad||||
3|1|1539|0029601111111|1|TARAGUI MATE LISTO X 35 GR.|1.00|unidad| |4000.00|4000.00|1|unidad||||
3|1|1539|0029621111111|1|TARAGUI TERMO MATE-LISTO CAPACIDAD 500 CC.|1.00|unidad| |5900.00|5900.00|1|unidad||||
3|1|1539|7790387013627|1|TARAGUI YERBA 4FLEX X 500 GR.|1.00|unidad| |4600.00|4600.00|1|unidad||||
3|1|1539|0000077939234|1|TERRABUSI ALFAJOR CHOCOLATE X 50 GR|1.00|unidad| |2000.00|2000.00|1|unidad||||
3|1|1539|0000077903792|1|TERRABUSI ALFAJOR TRIPLE CHOCOLATE X 70G.|1.00|unidad| |3000.00|3000.00|1|unidad||||
3|1|1539|0000077903860|1|TERRABUSI ALFAJOR TRIPLE TIPO TORTA CHOCOLAT.X 70G|1.00|unidad| |3000.00|3000.00|1|unidad||||
3|1|1539|7622300335052|1|TERRABUSI SNACKY X 60GR|1.00|unidad| |4600.00|4600.00|1|unidad||||
3|1|1539|7861002910314|1|TIC TAC PASTILLAS SABOR MENTA CAJA X 16 GR.|1.00|unidad| |1600.00|1600.00|1|unidad||||
3|1|1539|7861002910321|1|TIC TAC PASTILLAS SABOR NARANJA CAJA X 16 GR.|1.00|unidad| |1600.00|1600.00|1|unidad||||
3|1|1539|7790580746612|1|TOFI CHOCOLATE C/LECHE RELLENO D.LECHE X 55G|1.00|unidad| |400.00|400.00|1|unidad||||
3|1|1539|7798024760354|1|TOP PBT DE JAMON COCIDO Y QUESO X UN|1.00|unidad| |9100.00|9100.00|1|unidad||||
3|1|1539|0000000019823|0|TOPLINE 7 CHICLE S/AZUCAR ATM STRONG X 14G|1.00|unidad| |2300.00|2300.00|1|unidad||||
3|1|1539|0000000018843|0|TOPLINE 7 CHICLE S/AZUCAR MANDARINA  CAJA X 14G|1.00|unidad| |2300.00|2300.00|1|unidad||||
3|1|1539|7790580120573|1|TOPLINE 7 ULTRA CLEAN X 24G|1.00|unidad| |3600.00|3600.00|1|unidad||||
3|1|1539|7790580120702|1|TOPLINE 7 ULTRA GREEN MINT X 24G|1.00|unidad| |3600.00|3600.00|1|unidad||||
3|1|1539|7790580121013|1|TOPLINE 7 ULTRA RED BERRY X 24G|1.00|unidad| |3600.00|3600.00|1|unidad||||
3|1|1539|7798304841421|1|TORPEDO FRUTILLA|1.00|unidad| |2100.00|2100.00|1|unidad||||
3|1|1539|7798304841414|1|TORPEDO LIMON|1.00|unidad| |2100.00|2100.00|1|unidad||||
3|1|1539|7798024760460|1|TRIPLE MIGA BLANCO J.COCIDO Y QUESO X 3 UN|1.00|unidad| |9600.00|9600.00|1|unidad||||
3|1|1539|7798024760477|1|TRIPLE MIGA NEGRO J.COCIDO Y QUESO X 3 UN|1.00|unidad| |9600.00|9600.00|1|unidad||||
3|1|1539|7622202839962|1|VARIEDAD GALLETITAS DULCES SURTIDAS X 390GR.|1.00|unidad|VARIEDAD|5800.00|5800.00|1|unidad||||
3|1|1539|0016871111111|1|VASO REUTILIZABLE|1.00|unidad| |4500.00|4500.00|1|unidad||||
3|1|1539|0000000004361|0|VAUQUITA TABLETA DE DULCE DE LECHE X 25 GR.|1.00|unidad| |180.00|180.00|1|unidad||||
3|1|1539|7790315100184|1|VDS LEVITE CERO AGUA S/G MANZANA PET X 500cc|1.00|unidad| |3450.00|3450.00|1|unidad||||
3|1|1539|0021352111111|1|VDS LEVITE CERO AGUA S/G NARANJA PET X 500cc|1.00|unidad| |3450.00|3450.00|1|unidad||||
3|1|1539|0021347111111|1|VILLA DEL SUR LEVITE S/G MANZANA PET X 500cc|1.00|unidad| |3450.00|3450.00|1|unidad||||
3|1|1539|7798062548655|1|VILLA DEL SUR LEVITE S/G NARANJA PET X 500cc|1.00|unidad| |3450.00|3450.00|1|unidad||||
3|1|1539|0021349111111|1|VILLA DEL SUR LEVITE S/G PERA PET X 500cc|1.00|unidad| |3450.00|3450.00|1|unidad||||
3|1|1539|7799155000982|1|VILLA DEL SUR LEVITE S/G POMELO PET X 500cc|1.00|unidad| |3450.00|3450.00|1|unidad||||
3|1|1539|7799155000210|1|VILLAVICENCIO AGUA FINAMENTE GASIFICADA PET X 1.5L|1.00|unidad| |5300.00|5300.00|1|unidad||||
3|1|1539|7799155000203|1|VILLAVICENCIO AGUA FINAMENTE GASIFICADA PET X 500C|1.00|unidad| |3650.00|3650.00|1|unidad||||
3|1|1539|0022000293220|1|Wrigleys Doubl 12.5g|1.00|unidad| |2600.00|2600.00|1|unidad||||
3|1|1539|0022000293305|1|Wrigleys Spear 12.5g|1.00|unidad| |2600.00|2600.00|1|unidad||||
3|1|1539|7791337010826|1|Yogurisimo Botellita Frutilla x 190g|1.00|unidad| |5500.00|5500.00|1|unidad||||
3|1|1539|7798187760246|1|ZAFRAN BARRA DE CEREAL ALM/COCO X 28G|1.00|unidad| |1900.00|1900.00|1|unidad||||
3|1|1539|7798187760277|1|ZAFRAN BARRA DE CEREAL CAJU/ZAPALLO 28G|1.00|unidad| |1900.00|1900.00|1|unidad||||
3|1|1539|7798187760253|1|ZAFRAN BARRA DE CEREAL MANI/CACAO 28G|1.00|unidad| |1900.00|1900.00|1|unidad||||
3|1|1539|7798187760260|1|ZAFRAN BARRA DE CEREAL MZNA/CHIA 28G|1.00|unidad| |1900.00|1900.00|1|unidad||||
3|1|1553|7791813434412|1|7UP FREE PET X 1.5L|1.00|unidad| |5200.00|5200.00|1|unidad||||
3|1|1553|0000000023897|0|AFEITADORA BIC COMFORT  3|1.00|unidad| |820.00|820.00|1|unidad||||
3|1|1553|7790580109882|1|AGUILA EXTRAFINO 60% CACAO X 150 GR|1.00|unidad| |16100.00|16100.00|1|unidad||||
3|1|1553|7790040133594|1|AGUILA MINITORTA BROWNIE X 72G|1.00|unidad| |3100.00|3100.00|1|unidad||||
3|1|1553|7790040298705|1|AGUILA MINITORTA DDLECHE/MOUSSE SAB.VAINILLA X 72G|1.00|unidad| |3100.00|3100.00|1|unidad||||
3|1|1553|0000000023956|0|ALFAJOR CHOCOLATE|1.00|unidad| |2350.00|2350.00|1|unidad||||
3|1|1553|0000000023280|0|ALFAJORES DE MAICENA|1.00|unidad| |2350.00|2350.00|1|unidad||||
3|1|1553|7790580607418|1|ARCOR CHOCOLATE BLANCO TABLETA X 25 GR|1.00|unidad| |2500.00|2500.00|1|unidad||||
3|1|1553|7790580607210|1|ARCOR CHOCOLATE CON LECHE TABLETA X 25GR|1.00|unidad| |2500.00|2500.00|1|unidad||||
3|1|1553|0000000001339|0|ARCOR OBLEA RELLENA C/PASTA DE TURRON Y MANI X 25G|1.00|unidad| |700.00|700.00|1|unidad||||
3|1|1553|7793360294600|1|BC JUGO MANZANA TETRA X 200CC|1.00|unidad| |1300.00|1300.00|1|unidad||||
3|1|1553|7793360246609|1|BC JUGO NARANJA TETRA X 200CC.|1.00|unidad| |1300.00|1300.00|1|unidad||||
3|1|1553|7790580154264|1|BEB MULTIFRUTA BC 24X200ML|1.00|unidad| |1300.00|1300.00|1|unidad||||
3|1|1553|7792730020559|1|BIZNIKKE NEVADO CHOCOLATE TABLETA X 120 GR.|1.00|unidad| |9200.00|9200.00|1|unidad||||
3|1|1553|7790580722708|1|BOMBON TOFI LECHE X 15G|1.00|unidad| |2100.00|2100.00|1|unidad||||
3|1|1553|7790040613607|1|Bon O Bon Alfajor Chocolate Blanco x40 gr|1.00|unidad| |2100.00|2100.00|1|unidad||||
3|1|1553|7790040613706|1|BON O BON ALFAJOR CHOCOLATE NEGRO/LECHE X 40G|1.00|unidad| |2100.00|2100.00|1|unidad||||
3|1|1553|0000000021586|0|BON-O-BON BOMBON AGUILA X 15G|1.00|unidad| |1100.00|1100.00|1|unidad||||
3|1|1553|7790580119058|1|BON-O-BON BOMBON CHOCOLATE BLANCO X 15G|1.00|unidad| |1100.00|1100.00|1|unidad||||
3|1|1553|0000000021587|0|BON-O-BON BOMBON CHOCOLINA X 15G|1.00|unidad| |1100.00|1100.00|1|unidad||||
3|1|1553|7792360072409|1|BONAFIDE BOCADITO DDL X 16G|1.00|unidad| |1800.00|1800.00|1|unidad||||
3|1|1553|0000000021151|0|BROWNIE ARTESANAL|1.00|unidad| |5850.00|5850.00|1|unidad||||
3|1|1553|0000000023273|0|BUDIN BANANA Y DDL|1.00|unidad| |5300.00|5300.00|1|unidad||||
3|1|1553|0000000021701|0|BUDIN DE FRUTOS SECOS|1.00|unidad| |5300.00|5300.00|1|unidad||||
3|1|1553|0000000021700|0|BUDIN DE LIMON Y ARANDANOS|1.00|unidad| |5300.00|5300.00|1|unidad||||
3|1|1553|7790407022011|1|CABSHA BOCADITO X 10G|1.00|unidad| |1000.00|1000.00|1|unidad||||
3|1|1553|7798128000271|1|CACHAFAZ ALFAJOR MOUSSE X 50G|1.00|unidad| |3400.00|3400.00|1|unidad||||
3|1|1553|7622201818739|1|CADBURY CHOCOLATE C/LECHE TRES SUEÑOS X 82G|1.00|unidad| |8200.00|8200.00|1|unidad||||
3|1|1553|7622201818654|1|CADBURY CHOCOLATE RELLENO YOGHURT FRUTILLA X 29G|1.00|unidad| |3500.00|3500.00|1|unidad||||
3|1|1553|7622202271250|1|Caram. Halls 12u Strong Nvo|1.00|unidad| |1350.00|1350.00|1|unidad||||
3|1|1553|7622202247286|1|Caram. Halls Cherry Nvo 28 Grs|1.00|unidad| |1350.00|1350.00|1|unidad||||
3|1|1553|7790895649301|1|CEPITA 20% NARANJA 200ML|1.00|unidad| |2200.00|2200.00|1|unidad||||
3|1|1553|7790895009853|1|CEPITA JUGO MANZANA BOTELLA X 1L|1.00|unidad| |6100.00|6100.00|1|unidad||||
3|1|1553|7790895000720|1|CEPITA JUGO MANZANA TETRA X 200CC.|1.00|unidad| |2200.00|2200.00|1|unidad||||
3|1|1553|7790895647017|1|CEPITA JUGO MANZANA ZINC TETRA X 1 LT.|1.00|unidad| |4450.00|4450.00|1|unidad||||
3|1|1553|7790895000737|1|CEPITA JUGO MULTIFRUTA TETRA X 200CC|1.00|unidad| |2200.00|2200.00|1|unidad||||
3|1|1553|7790895647123|1|CEPITA JUGO MULTIFRUTA ZINC TETRA X 1 LT.|1.00|unidad| |4450.00|4450.00|1|unidad||||
3|1|1553|7790895648267|1|CEPITA NARANJA 20% 1L|1.00|unidad| |4450.00|4450.00|1|unidad||||
3|1|1553|7790895009815|1|CEPITA NARANJA 995CC|1.00|unidad| |6100.00|6100.00|1|unidad||||
3|1|1553|0000000022630|0|CEREAL MIX BARRA DE CEREAL C/FRUTILLA&YOGHURT X26G|1.00|unidad| |2000.00|2000.00|1|unidad||||
3|1|1553|0000000001341|0|CEREAL MIX BARRA DE CEREAL X 23G|1.00|unidad| |2000.00|2000.00|1|unidad||||
3|1|1553|0000000022631|0|CEREAL MIX BARRA DE CEREAL YOGH/FRUTIL.L.X26g|1.00|unidad| |2000.00|2000.00|1|unidad||||
3|1|1553|7790580123345|1|CH. TL7 MENTHOL 20X16X14G|1.00|unidad| |2300.00|2300.00|1|unidad||||
3|1|1553|0000000019822|0|CH. TL7 VIBR. STRAW. 20X16X14G|1.00|unidad| |2300.00|2300.00|1|unidad||||
3|1|1553|7790580104252|1|CH. TL7 VIOL. CHERRY 20X16X14G|1.00|unidad| |2300.00|2300.00|1|unidad||||
3|1|1553|7790580317607|1|CH. TL7 XPLOS. MINT 20X16X14G|1.00|unidad| |2300.00|2300.00|1|unidad||||
3|1|1553|8445290701961|1|Choc Bananita Dolca 30 grs|1.00|unidad| |2400.00|2400.00|1|unidad||||
3|1|1553|8445290701596|1|Choc. Bananita Dolca 14grs|1.00|unidad| |1400.00|1400.00|1|unidad||||
3|1|1553|7622202328947|1|Choc. Milka 55g Leche NVO|1.00|unidad| |6400.00|6400.00|1|unidad||||
3|1|1553|7790070418296|1|Chocoarroz Blanco est. 22g|1.00|unidad| |2000.00|2000.00|1|unidad||||
3|1|1553|7790070418203|1|Chocoarroz DL 22 gr|1.00|unidad| |2000.00|2000.00|1|unidad||||
3|1|1553|7790580103521|1|CHOCOLATE LECHE CON CONFITES COFLER X 55 G|1.00|unidad| |6200.00|6200.00|1|unidad||||
3|1|1553|7798304840851|1|CHOMPAlmedC/SsaDDL6x180g|1.00|unidad| |10700.00|10700.00|1|unidad||||
3|1|1553|7798130953640|1|CHUPETIN COCO POP X 17 G|1.00|unidad| |3600.00|3600.00|1|unidad||||
3|1|1553|7798130954777|1|CHUPETIN EMOTI POP 11GR|1.00|unidad| |3600.00|3600.00|1|unidad||||
3|1|1553|0000000023604|0|CIRCULAR MEMBRILLO X UN|1.00|unidad| |1700.00|1700.00|1|unidad||||
3|1|1553|7798085680516|1|CITRIC JUGO NARANJA MANGO TETRA X 500CC|1.00|unidad| |3850.00|3850.00|1|unidad||||
3|1|1553|7798085681834|1|CITRIC JUGO NARANJA TETRA X 1L|1.00|unidad| |5750.00|5750.00|1|unidad||||
3|1|1553|7798085681445|1|CITRIC JUGO NARANJA TETRA X 250CC|1.00|unidad| |2200.00|2200.00|1|unidad||||
3|1|1553|7798085681452|1|CITRIC JUGO NARANJA TETRA X 500CC|1.00|unidad| |3850.00|3850.00|1|unidad||||
3|1|1553|7798085680295|1|CITRIC JUGO NARANJA/ DURAZNO TETRA X 500CC|1.00|unidad| |3850.00|3850.00|1|unidad||||
3|1|1553|7790895000997|1|COCA-COLA X 2.25L|1.00|unidad| |8950.00|8950.00|1|unidad||||
3|1|1553|7790040659605|1|COFLER BLOCK ALFAJOR CHOCOLATE X 60 G|1.00|unidad| |3100.00|3100.00|1|unidad||||
3|1|1553|0000000018365|0|COFLER BLOCK CHOCOLATE C/LECHE Y MANI TAB.X 110GR|1.00|unidad| |8300.00|8300.00|1|unidad||||
3|1|1553|0000000015301|0|COFLER BLOCK CHOCOLATE C/LECHE Y MANI TAB.X 38GR|1.00|unidad| |3400.00|3400.00|1|unidad||||
3|1|1553|7790580105013|1|COFLER BLOCK CHOCOLATE X 170G|1.00|unidad| |14000.00|14000.00|1|unidad||||
3|1|1553|7790580115579|1|COFLER BLOCK CHOCOLATE X 1KG|1.00|unidad| |66200.00|66200.00|1|unidad||||
3|1|1553|7790580103385|1|COFLER CHOCOLATE AIREADO BCO/LECHE X 27 GR.|1.00|unidad| |3600.00|3600.00|1|unidad||||
3|1|1553|7790580103378|1|COFLER CHOCOLATE AIREADO BLANCO X 27 GR.|1.00|unidad| |3600.00|3600.00|1|unidad||||
3|1|1553|7790580115869|1|COFLER CHOCOLATE AIREADO BON O BON X 67G|1.00|unidad| |7000.00|7000.00|1|unidad||||
3|1|1553|7790580103361|1|COFLER CHOCOLATE AIREADO LECHE X 27 GR.|1.00|unidad| |3600.00|3600.00|1|unidad||||
3|1|1553|7790580043407|1|COFLER CHOCOLATE AIREADO LECHE X 55G|1.00|unidad| |7100.00|7100.00|1|unidad||||
3|1|1553|7790580003531|1|COFLER CHOCOLATE BCO&COOK X 55G|1.00|unidad| |6200.00|6200.00|1|unidad||||
3|1|1553|7790580043506|1|COFLER CHOCOLATE LECHE CON ALMENDRAS X 55G|1.00|unidad| |6200.00|6200.00|1|unidad||||
3|1|1553|0000000024109|0|CRIOLLITO X UN|1.00|unidad| |1700.00|1700.00|1|unidad||||
3|1|1553|0000000023957|0|CROISSANT J Y Q|1.00|unidad| |6400.00|6400.00|1|unidad||||
3|1|1553|7798024760798|1|CROQUE MONSIEUR J Y Q BLANCO X UN|1.00|unidad| |10100.00|10100.00|1|unidad||||
3|1|1553|7798024760804|1|CROQUE MONSIEUR J Y Q NEGRO X UN|1.00|unidad| |10100.00|10100.00|1|unidad||||
3|1|1553|0000000020568|0|CUADRADO DE PASTA FROLA|1.00|unidad| |5300.00|5300.00|1|unidad||||
3|1|1553|0000000023543|0|DELIVERY MEDIALUNAS X 6 UNIDADES|1.00|unidad| |205.00|205.00|1|unidad||||
3|1|1553|7795735000106|1|DON SATUR TALITAS X 140GR|1.00|unidad| |2800.00|2800.00|1|unidad||||
3|1|1553|7790206007509|1|DOS CORAZONES BOCADITO CHOC.C/LECHE RELL. X 26GR|1.00|unidad| |2200.00|2200.00|1|unidad||||
3|1|1553|7792799000035|1|ECO DE LOS ANDES AGUA CON GAS PET X 500CC.|1.00|unidad| |3300.00|3300.00|1|unidad||||
3|1|1553|7798128000486|1|EL CACHAFAZ ALFAJOR BLANCO FLOWPACK X 60 GR|1.00|unidad| |3300.00|3300.00|1|unidad||||
3|1|1553|7798128000462|1|EL CACHAFAZ ALFAJOR CHOCOLATE FLOWPACK X 60 GR|1.00|unidad| |3200.00|3200.00|1|unidad||||
3|1|1553|7798128001940|1|EL CACHAFAZ ALFAJOR DE MAICENA X 76G|1.00|unidad| |3300.00|3300.00|1|unidad||||
3|1|1553|7798128001797|1|EL CACHAFAZ CONITO DULCE DE LECHE X 38G|1.00|unidad| |2700.00|2700.00|1|unidad||||
3|1|1553|7798024760569|1|ENSALADA CESAR  PREMIUM X UN|1.00|unidad| |14300.00|14300.00|1|unidad||||
3|1|1553|7798024760392|1|ENSALADA CHEF PREMIUM X UN|1.00|unidad| |14300.00|14300.00|1|unidad||||
3|1|1553|7798024766417|1|ENSALADA MIX VEG.C/PECHUGUITAS AL SESAMO X UN|1.00|unidad| |14300.00|14300.00|1|unidad||||
3|1|1553|7613035242524|1|EPA DDL MAX 88GR|1.00|unidad| |6800.00|6800.00|1|unidad||||
3|1|1553|7613035242500|1|EPA ROCKER X 88G|1.00|unidad| |6800.00|6800.00|1|unidad||||
3|1|1553|7898024390121|1|FERRERO ROCHER BOMBON CHOC.RELL.PAQ.3 UNID X 37.5G|1.00|unidad| |5600.00|5600.00|1|unidad||||
3|1|1553|7798024760255|1|FIGAZZITAS DE SALAME Y QUESO X 2 UN|1.00|unidad| |9100.00|9100.00|1|unidad||||
3|1|1553|7798147780062|1|Franui sabor Black 150gr|1.00|unidad| |8500.00|8500.00|1|unidad||||
3|1|1553|7798147783223|1|Franui sabor Leche 150gr|1.00|unidad| |8500.00|8500.00|1|unidad||||
3|1|1553|7790070431936|1|Gallo YoguBar 20gr|1.00|unidad| |1800.00|1800.00|1|unidad||||
3|1|1553|0067061111111|1|GATORADE COOL BLUE PET X 500CC|1.00|unidad| |4300.00|4300.00|1|unidad||||
3|1|1553|0071971211111|1|GATORADE FRUTOS TROPICALES PET X 750CC|1.00|unidad| |5200.00|5200.00|1|unidad||||
3|1|1553|0066011111111|1|GATORADE MANZANA PET X 500CC|1.00|unidad| |4300.00|4300.00|1|unidad||||
3|1|1553|0042831111111|1|GATORADE MANZANA PET X 750CC|1.00|unidad| |5100.00|5100.00|1|unidad||||
3|1|1553|0006602111111|1|GATORADE NARANJA PET X 500CC|1.00|unidad| |4300.00|4300.00|1|unidad||||
3|1|1553|7798024766103|1|GRANDWICH PANINI GRIGLIATTI JAM/QUE/TOM/HUE X 210G|1.00|unidad| |7350.00|7350.00|1|unidad||||
3|1|1553|0000000023445|0|HALLS FREE MENTA X 28 G|1.00|unidad| |1500.00|1500.00|1|unidad||||
3|1|1553|7791249450277|1|HALLS MENTA LYPTUS CARAMELOS DUROS PAQ.X 28G|1.00|unidad| |1300.00|1300.00|1|unidad||||
3|1|1553|0000000023603|0|ICEDREAM CIRCULAR PASTELERA X UN|1.00|unidad| |1700.00|1700.00|1|unidad||||
3|1|1553|0028411111111|1|JORGITO ALFAJOR BLANCO X 50G|1.00|unidad| |1800.00|1800.00|1|unidad||||
3|1|1553|0011111112842|1|JORGITO ALFAJOR CHOCOLATE X 55G|1.00|unidad| |1800.00|1800.00|1|unidad||||
3|1|1553|7790957000545|1|JORGITO MINI ALFAJOR CHOCOLATE PAQ.X 6 UNID.|1.00|unidad| |4900.00|4900.00|1|unidad||||
3|1|1553|7790957000538|1|JORGITO MINI ALFAJOR GLACEADO PAQ.X 6 UNID.X 155GR|1.00|unidad| |4900.00|4900.00|1|unidad||||
3|1|1553|0000080052760|1|KINDER BUENO OBLEA CHOCOLATE CON LECHE X 43G|1.00|unidad| |4900.00|4900.00|1|unidad||||
3|1|1553|0000077949677|1|KINDER CHOCOLATE X 50G|1.00|unidad| |5700.00|5700.00|1|unidad||||
3|1|1553|7891000379073|1|KIT KAT DARK OBLEA BAÑADA CHOCOLATE X 41.5G|1.00|unidad| |3000.00|3000.00|1|unidad||||
3|1|1553|7891000379028|1|KIT KAT OBLEA BAÑADA CHOCOLATE BLANCO X 41.5G|1.00|unidad| |3000.00|3000.00|1|unidad||||
3|1|1553|7791337007260|1|Leche chocolatada Cindor 200ml|1.00|unidad| |3800.00|3800.00|1|unidad||||
3|1|1553|7791337007253|1|Leche chocolatada Cindor x 1L|1.00|unidad| |11500.00|11500.00|1|unidad||||
3|1|1553|7798368470391|1|LUCCIANO´S CHANTILLY X 100GR (02)|1.00|unidad| |7400.00|7400.00|1|unidad||||
3|1|1553|7798368470384|1|LUCCIANO´S CHOCOLATE C/CROCANTE X 100GR (01)|1.00|unidad| |7400.00|7400.00|1|unidad||||
3|1|1553|7798368470421|1|LUCCIANO´S CHOCOLATE X 90GR (05)|1.00|unidad| |7400.00|7400.00|1|unidad||||
3|1|1553|7798368470438|1|LUCCIANO´S DDL C/ CROCANTE X 90GR (06)|1.00|unidad| |7400.00|7400.00|1|unidad||||
3|1|1553|0000000024240|0|LUCCIANO´S DDL X 90GR (03)|1.00|unidad| |6000.00|6000.00|1|unidad||||
3|1|1553|7798368470476|1|LUCCIANO´S MINION ICE POP X 100GR (10)|1.00|unidad| |7900.00|7900.00|1|unidad||||
3|1|1553|7798368470469|1|LUCCIANO´S OLI KING X 90GR (09)|1.00|unidad| |7800.00|7800.00|1|unidad||||
3|1|1553|7798368470735|1|LUCCIANO´S PISTACCHIO X 95GR (08)|1.00|unidad| |7800.00|7800.00|1|unidad||||
3|1|1553|7798368470414|1|LUCCIANO´S SORBETE PATAGONIA X 90GR (04)|1.00|unidad| |7400.00|7400.00|1|unidad||||
3|1|1553|7613034797469|1|LUXOR BOMBON HELADO 53G|1.00|unidad| |3100.00|3100.00|1|unidad||||
3|1|1553|7797453001441|1|M&M Chocolate 48 Grs|1.00|unidad| |5000.00|5000.00|1|unidad||||
3|1|1553|7797453001458|1|M&M MANI PAQ. X 49 GR|1.00|unidad| |5000.00|5000.00|1|unidad||||
3|1|1553|7790387015324|1|MAÑANITA YERBA 4FLEX X 500 GR|1.00|unidad| |4600.00|4600.00|1|unidad||||
3|1|1553|7790206006106|1|MARROC BOCADITO X 14 GR.|1.00|unidad| |1250.00|1250.00|1|unidad||||
3|1|1553|7798024760125|1|MAX PREMIUM JyQ-TOM-HUE- PAN NGO X UN|1.00|unidad| |10600.00|10600.00|1|unidad||||
3|1|1553|7798024766172|1|MAX PREMIUM POLLO-RU-PAR-PAN NGO X UN|1.00|unidad| |10600.00|10600.00|1|unidad||||
3|1|1553|7798024760552|1|MAX TRIANGULO LIGHT POLLO-LEC-PAN NGO X UN|1.00|unidad| |10600.00|10600.00|1|unidad||||
3|1|1553|0000000023602|0|MEDIALUNA DE GRASA X UN|1.00|unidad| |1700.00|1700.00|1|unidad||||
3|1|1553|0000000023601|0|MEDIALUNA DE MANTECA X UN|1.00|unidad| |1700.00|1700.00|1|unidad||||
3|1|1553|7891000120057|1|MEGA AMERICANA CON ALMENDRAS X 74g|1.00|unidad| |7600.00|7600.00|1|unidad||||
3|1|1553|0000000020546|0|MENTHO-PLUS ACIDOS CEREZA X 27.2G|1.00|unidad| |1900.00|1900.00|1|unidad||||
3|1|1553|0000000020540|0|MENTHO-PLUS ACIDOS NARANJA X 27.2G|1.00|unidad| |1900.00|1900.00|1|unidad||||
3|1|1553|0000000021660|0|MENTHO-PLUS CARAMELOS INHALANTES DE CEREZA X 29.4G|1.00|unidad| |1000.00|1000.00|1|unidad||||
3|1|1553|0000000021663|0|MENTHO-PLUS CARAMELOS INHALANTES MIEL X 29.4G|1.00|unidad| |1000.00|1000.00|1|unidad||||
3|1|1553|0000000021661|0|MENTHO-PLUS CARAMELOS INHALANTES STRONG X 29.4G|1.00|unidad| |1000.00|1000.00|1|unidad||||
3|1|1553|0000000017476|0|MENTHO-PLUS CARAMELOS SIN AZUCAR CHERRY X 27.3G|1.00|unidad| |1900.00|1900.00|1|unidad||||
3|1|1553|0000000017474|0|MENTHO-PLUS CARAMELOS SIN AZUCAR MENTOL X 27.3G|1.00|unidad| |1900.00|1900.00|1|unidad||||
3|1|1553|0000000021664|0|MENTHOPLUS MENTA X 29.4G|1.00|unidad| |1000.00|1000.00|1|unidad||||
3|1|1553|0000000021662|0|MENTHOPLUS MENTOL X 29.4G|1.00|unidad| |1000.00|1000.00|1|unidad||||
3|1|1553|0000000021044|0|MENTHOPLUS ZERO CARAMELOS DURAZNO X 26.6G|1.00|unidad| |1900.00|1900.00|1|unidad||||
3|1|1553|0000000021047|0|MENTHOPLUS ZERO CARAMELOS STRONG X 26.6G|1.00|unidad| |1900.00|1900.00|1|unidad||||
3|1|1553|7895144699851|1|MENTOS CARAMELOS MASTICABLES SAB.FRUTA X 29.7GR|1.00|unidad| |1300.00|1300.00|1|unidad||||
3|1|1553|7895144699844|1|MENTOS CARAMELOS MASTICABLES SAB.MENTA X 29.7GR|1.00|unidad| |1300.00|1300.00|1|unidad||||
3|1|1553|0000000021770|0|MERMELADAS X UNIDAD|1.00|unidad| |60.00|60.00|1|unidad||||
3|1|1553|0000077903785|1|MILKA ALFAJOR MOUSSE TRIPLE X 55 GR.|1.00|unidad| |3000.00|3000.00|1|unidad||||
3|1|1553|7622300457303|1|MILKA ALFAJOR TRIPLE BLANCO X 55G|1.00|unidad| |3000.00|3000.00|1|unidad||||
3|1|1553|7622300844967|1|MILKA CHOCOLATE BLANCO CON DULCE DE LECHE X 67.5G|1.00|unidad| |7200.00|7200.00|1|unidad||||
3|1|1553|7622300844943|1|MILKA CHOCOLATE C DULCE DE LECHE X 67.5G|1.00|unidad| |7400.00|7400.00|1|unidad||||
3|1|1553|0000000021565|0|MILKA CHOCOLATE C/LECHE ALMENDRAS|1.00|unidad| |3510.00|3510.00|1|unidad||||
3|1|1553|7622300990114|1|MILKA CHOCOLATE CON LECHE X 150G|1.00|unidad| |14100.00|14100.00|1|unidad||||
3|1|1553|7622201818937|1|MILKA LEGER CHOCOLATE LECHE TABLETA X 50G|1.00|unidad| |6100.00|6100.00|1|unidad||||
3|1|1553|7790580116958|1|MOGUL CARAMELO DE GOMA DINOS X 30G|1.00|unidad| |850.00|850.00|1|unidad||||
3|1|1553|7790580129507|1|MOGUL CARAMELOS DE GOMA ACIDOS BOLSA X 60G|1.00|unidad| |1400.00|1400.00|1|unidad||||
3|1|1553|7790580169312|1|MOGUL CARAMELOS DE GOMA CEREBRITOS X 30G|1.00|unidad| |1200.00|1200.00|1|unidad||||
3|1|1553|7790580116460|1|MOGUL CARAMELOS DE GOMA EXTREME ACIDO ROLLO X 35G|1.00|unidad| |1200.00|1200.00|1|unidad||||
3|1|1553|7790580603809|1|MOGUL CARAMELOS DE GOMA FRUTALES ROLLO X 35G|1.00|unidad| |1200.00|1200.00|1|unidad||||
3|1|1553|7790580199913|1|MOGUL CARAMELOS DE GOMA OSITOS X 30 GR|1.00|unidad| |1200.00|1200.00|1|unidad||||
3|1|1553|7790580200114|1|MOGUL CARAMELOS DE GOMA TIBURON X 30G|1.00|unidad| |1200.00|1200.00|1|unidad||||
3|1|1553|7798422620014|1|MONSTER ENERGY GREEN X 473CC|1.00|unidad| |5500.00|5500.00|1|unidad||||
3|1|1553|7798422620045|1|MONSTER MANGO LOCO 473|1.00|unidad| |5500.00|5500.00|1|unidad||||
3|1|1553|7798422620021|1|MONSTER ULTRA x 473 CC|1.00|unidad| |5500.00|5500.00|1|unidad||||
3|1|1553|1111111111142|1|MUFFIN CHIPS CHOC X UN|1.00|unidad| |4300.00|4300.00|1|unidad||||
3|1|1553|1111111111145|1|MUFFIN VAINILLA C/DDL X UN|1.00|unidad| |4300.00|4300.00|1|unidad||||
3|1|1553|7798304841261|1|NESQUIK NUTRIACTIV B HEL.CHOCOLATE CON CALCIN-N|1.00|unidad| |1900.00|1900.00|1|unidad||||
3|1|1553|7622210723468|1|OREO GALLETITAS BAÑADAS CHOCOLATE x17gr|1.00|unidad| |210.00|210.00|1|unidad||||
3|1|1553|7899975800523|1|Oreo Palito AR 20 x 65g|1.00|unidad| |6800.00|6800.00|1|unidad||||
3|1|1553|7899975800509|1|OREO SANDWICH AR 81GR|1.00|unidad| |6800.00|6800.00|1|unidad||||
3|1|1553|7798304841124|1|OREO TACITA X 95G|1.00|unidad| |6800.00|6800.00|1|unidad||||
3|1|1553|0000000024088|0|PAN DE CHOCOLATE X UN|1.00|unidad| |4300.00|4300.00|1|unidad||||
3|1|1553|7798024766110|1|PANINI GRIGLIATTI DE PECETO X 210G|1.00|unidad| |7350.00|7350.00|1|unidad||||
3|1|1553|7791007000764|1|PAÑUELOS DESCARTABLES CAJA X 75 UNID|1.00|unidad| |3600.00|3600.00|1|unidad||||
3|1|1553|7791070003482|1|PAÑUELOS DESCARTABLES X UNID|1.00|unidad| |700.00|700.00|1|unidad||||
3|1|1553|7798024760781|1|PEBETE PECHUGA CRISPY X UN|1.00|unidad| |10200.00|10200.00|1|unidad||||
3|1|1553|7798024760361|1|PECHUGA GRILLE C/VEGETAL DEL HUERTO X UN|1.00|unidad| |12700.00|12700.00|1|unidad||||
3|1|1553|0000077915481|1|PEPITOS ALFAJOR TRIPLE DE CHOCOLATE X 57GR|1.00|unidad| |3000.00|3000.00|1|unidad||||
3|1|1553|7791813828365|1|PEPSI BLACK PET X 500CC|1.00|unidad| |3450.00|3450.00|1|unidad||||
3|1|1553|1111111111200|1|PICO DULCE CHUPETIN X 14 GR.|1.00|unidad| |500.00|500.00|1|unidad||||
3|1|1553|7790895641183|1|POWERADE FRUTAS TROPICALES PET X 500CC|1.00|unidad| |3500.00|3500.00|1|unidad||||
3|1|1553|7790895640018|1|POWERADE MANZANA PET X 500CC|1.00|unidad| |3500.00|3500.00|1|unidad||||
3|1|1553|7790895640025|1|POWERADE MOUNTAIN BLAST PET X 500CC|1.00|unidad| |3500.00|3500.00|1|unidad||||
3|1|1553|7791519200021|1|PRIME PRESERVATIVO ANATOMICO CAJA X 3 UNID.|1.00|unidad| |6300.00|6300.00|1|unidad||||
3|1|1553|7791519200076|1|PRIME PRESERVATIVO ESPERMICIDA CAJA X 3 UNID.|1.00|unidad| |6300.00|6300.00|1|unidad||||
3|1|1553|7791519000676|1|PRIME PRESERVATIVO EXTRA LUBRICADO CAJA X 3 UNID.|1.00|unidad| |6300.00|6300.00|1|unidad||||
3|1|1553|7791519200045|1|PRIME PRESERVATIVO SUPERFINO CAJA X 3 UNID.|1.00|unidad| |6300.00|6300.00|1|unidad||||
3|1|1553|7791519200090|1|PRIME PRESERVATIVO TACHAS CAJA X 3 UNID.|1.00|unidad| |6300.00|6300.00|1|unidad||||
3|1|1553|7791519200069|1|PRIME PRESERVATIVO TEXTURADO CAJA X 3 UNID.|1.00|unidad| |6300.00|6300.00|1|unidad||||
3|1|1553|7790742167101|1|Queso Finlandia Chef Cheddar 150gr PAQUETE INSUMO|1.00|unidad| |685.00|685.00|1|unidad||||
3|1|1553|0045011111111|1|RED BULL ENERGY DRINK LATA X 250 CC|1.00|unidad| |5500.00|5500.00|1|unidad||||
3|1|1553|0000090435225|1|RED BULL ENERGY DRINK LATA X 355 CC|1.00|unidad| |6900.00|6900.00|1|unidad||||
3|1|1553|9002490232054|1|RED BULL ENERGY DRINK SUGAR FREE LATA X 250CC|1.00|unidad| |5500.00|5500.00|1|unidad||||
3|1|1553|7790580327415|1|ROCKLETS CONFITES DE CHOCOLATE PAQ. X 40 GR|1.00|unidad| |3100.00|3100.00|1|unidad||||
3|1|1553|7790580327613|1|ROCKLETS NARANJA MANI C/CHOCOLATE CONFITADO X 40G|1.00|unidad| |3100.00|3100.00|1|unidad||||
3|1|1553|7798024760507|1|ROLL CHICKEN CAESAR X 210GR|1.00|unidad| |10600.00|10600.00|1|unidad||||
3|1|1553|0000000023605|0|SACRAMENTO MEMBRILLO X UN|1.00|unidad| |1700.00|1700.00|1|unidad||||
3|1|1553|7790580716806|1|SALADIX GALLETITAS SAB. CALABRESA CAJA X 100G|1.00|unidad| |3200.00|3200.00|1|unidad||||
3|1|1553|7790580716707|1|SALADIX GALLETITAS SAB. JAMON CAJA X 100G|1.00|unidad| |3200.00|3200.00|1|unidad||||
3|1|1553|7790580697303|1|SALADIX GALLETITAS SAB. PIZZA CAJA X 100G|1.00|unidad| |3200.00|3200.00|1|unidad||||
3|1|1553|7790040374607|1|SALADIX GALLETITAS SAB.DUO CAJA X 80G|1.00|unidad| |3200.00|3200.00|1|unidad||||
3|1|1553|7790040123434|1|SALADIX GALLETITAS SAB.KESITOS X80G|1.00|unidad| |2700.00|2700.00|1|unidad||||
3|1|1553|0000077956699|1|SHOT ALFAJOR TRISHOT TRIPLE X 60G|1.00|unidad| |3000.00|3000.00|1|unidad||||
3|1|1553|7622300424084|1|SHOT CHOCOLATE CON LECHE Y MANI TABLETA X 170 GR|1.00|unidad| |12500.00|12500.00|1|unidad||||
3|1|1553|0000077914217|1|SHOT CHOCOLATE LECHE CON MANI TABLETA X 35G|1.00|unidad| |3000.00|3000.00|1|unidad||||
3|1|1553|7798304841803|1|SIN PARAR CHOCOLATE DULCE DE LECHE X 90G|1.00|unidad| |3000.00|3000.00|1|unidad||||
3|1|1553|7798304841797|1|SIN PARAR DULCE DE LECHE Y AMERICANA X 90G|1.00|unidad| |3000.00|3000.00|1|unidad||||
3|1|1553|7798304841780|1|SIN PARAR FRUTILLA CREMA X 90G|1.00|unidad| |3000.00|3000.00|1|unidad||||
3|1|1553|0022000018465|1|SKITTLES CONFITES ORIGINAL FRUIT PAQ.X 61.5GR|1.00|unidad| |4700.00|4700.00|1|unidad||||
3|1|1553|0022000018489|1|SKITTLES CONFITES WILDBERRY PAQ.X 61.5GR|1.00|unidad| |4700.00|4700.00|1|unidad||||
3|1|1553|7790895646027|1|SMART WATER C/G 591 ML|1.00|unidad| |3500.00|3500.00|1|unidad||||
3|1|1553|7790895645778|1|SMART WATER S/G 591 ML|1.00|unidad| |3500.00|3500.00|1|unidad||||
3|1|1553|7506174512248|1|SNICKERS BARRA RELL.MANI CUB.C/CHOCOLATE X 48 GR|1.00|unidad| |4700.00|4700.00|1|unidad||||
3|1|1553|0522111111111|1|SPEED UNLIMITED LATA X 250CC|1.00|unidad| |4200.00|4200.00|1|unidad||||
3|1|1553|0040000000518|1|STARBURST CARAMELO MASTICABLE SURTIDO PAQ.X 58.7G|1.00|unidad| |5100.00|5100.00|1|unidad||||
3|1|1553|7790580060206|1|SUGUS CARAMELO MASTICABLE SUELTO X 3.3 GR|1.00|unidad| |50.00|50.00|1|unidad||||
3|1|1553|7790580056001|1|SUGUS CONFITADOS CONFITES DE CARAMELO SURT.X 50 G|1.00|unidad| |2000.00|2000.00|1|unidad||||
3|1|1553|7790387000849|1|TARAGUI MATE COCIDO X 25 UNID S ENS|1.00|unidad| |135.00|135.00|1|unidad||||
3|1|1553|0029601111111|1|TARAGUI MATE LISTO X 35 GR.|1.00|unidad| |4000.00|4000.00|1|unidad||||
3|1|1553|0029621111111|1|TARAGUI TERMO MATE-LISTO CAPACIDAD 500 CC.|1.00|unidad| |5900.00|5900.00|1|unidad||||
3|1|1553|7790387013627|1|TARAGUI YERBA 4FLEX X 500 GR.|1.00|unidad| |4600.00|4600.00|1|unidad||||
3|1|1553|0000077939234|1|TERRABUSI ALFAJOR CHOCOLATE X 50 GR|1.00|unidad| |2000.00|2000.00|1|unidad||||
3|1|1553|0000077903792|1|TERRABUSI ALFAJOR TRIPLE CHOCOLATE X 70G.|1.00|unidad| |3000.00|3000.00|1|unidad||||
3|1|1553|0000077903860|1|TERRABUSI ALFAJOR TRIPLE TIPO TORTA CHOCOLAT.X 70G|1.00|unidad| |3000.00|3000.00|1|unidad||||
3|1|1553|7622300335052|1|TERRABUSI SNACKY X 60GR|1.00|unidad| |4600.00|4600.00|1|unidad||||
3|1|1553|7861002910314|1|TIC TAC PASTILLAS SABOR MENTA CAJA X 16 GR.|1.00|unidad| |1600.00|1600.00|1|unidad||||
3|1|1553|7861002910321|1|TIC TAC PASTILLAS SABOR NARANJA CAJA X 16 GR.|1.00|unidad| |1600.00|1600.00|1|unidad||||
3|1|1553|7790580746612|1|TOFI CHOCOLATE C/LECHE RELLENO D.LECHE X 55G|1.00|unidad| |420.00|420.00|1|unidad||||
3|1|1553|7798024760354|1|TOP PBT DE JAMON COCIDO Y QUESO X UN|1.00|unidad| |9100.00|9100.00|1|unidad||||
3|1|1553|0000000019823|0|TOPLINE 7 CHICLE S/AZUCAR ATM STRONG X 14G|1.00|unidad| |2300.00|2300.00|1|unidad||||
3|1|1553|0000000018843|0|TOPLINE 7 CHICLE S/AZUCAR MANDARINA  CAJA X 14G|1.00|unidad| |2300.00|2300.00|1|unidad||||
3|1|1553|7790580120573|1|TOPLINE 7 ULTRA CLEAN X 24G|1.00|unidad| |3600.00|3600.00|1|unidad||||
3|1|1553|7790580120702|1|TOPLINE 7 ULTRA GREEN MINT X 24G|1.00|unidad| |3600.00|3600.00|1|unidad||||
3|1|1553|7790580121013|1|TOPLINE 7 ULTRA RED BERRY X 24G|1.00|unidad| |3600.00|3600.00|1|unidad||||
3|1|1553|7798304841421|1|TORPEDO FRUTILLA|1.00|unidad| |2100.00|2100.00|1|unidad||||
3|1|1553|7798304841414|1|TORPEDO LIMON|1.00|unidad| |2100.00|2100.00|1|unidad||||
3|1|1553|7798024760460|1|TRIPLE MIGA BLANCO J.COCIDO Y QUESO X 3 UN|1.00|unidad| |9600.00|9600.00|1|unidad||||
3|1|1553|7798024760477|1|TRIPLE MIGA NEGRO J.COCIDO Y QUESO X 3 UN|1.00|unidad| |9600.00|9600.00|1|unidad||||
3|1|1553|7622202839962|1|VARIEDAD GALLETITAS DULCES SURTIDAS X 390GR.|1.00|unidad|VARIEDAD|5800.00|5800.00|1|unidad||||
3|1|1553|0016871111111|1|VASO REUTILIZABLE|1.00|unidad| |4500.00|4500.00|1|unidad||||
3|1|1553|0000000004361|0|VAUQUITA TABLETA DE DULCE DE LECHE X 25 GR.|1.00|unidad| |190.00|190.00|1|unidad||||
3|1|1553|7790315100184|1|VDS LEVITE CERO AGUA S/G MANZANA PET X 500cc|1.00|unidad| |3450.00|3450.00|1|unidad||||
3|1|1553|0021352111111|1|VDS LEVITE CERO AGUA S/G NARANJA PET X 500cc|1.00|unidad| |3450.00|3450.00|1|unidad||||
3|1|1553|0021347111111|1|VILLA DEL SUR LEVITE S/G MANZANA PET X 500cc|1.00|unidad| |3450.00|3450.00|1|unidad||||
3|1|1553|7798062548655|1|VILLA DEL SUR LEVITE S/G NARANJA PET X 500cc|1.00|unidad| |3450.00|3450.00|1|unidad||||
3|1|1553|0021349111111|1|VILLA DEL SUR LEVITE S/G PERA PET X 500cc|1.00|unidad| |3450.00|3450.00|1|unidad||||
3|1|1553|7799155000982|1|VILLA DEL SUR LEVITE S/G POMELO PET X 500cc|1.00|unidad| |3450.00|3450.00|1|unidad||||
3|1|1553|7799155000210|1|VILLAVICENCIO AGUA FINAMENTE GASIFICADA PET X 1.5L|1.00|unidad| |5300.00|5300.00|1|unidad||||
3|1|1553|7799155000203|1|VILLAVICENCIO AGUA FINAMENTE GASIFICADA PET X 500C|1.00|unidad| |3650.00|3650.00|1|unidad||||
3|1|1553|0022000293220|1|Wrigleys Doubl 12.5g|1.00|unidad| |2600.00|2600.00|1|unidad||||
3|1|1553|0022000293305|1|Wrigleys Spear 12.5g|1.00|unidad| |2600.00|2600.00|1|unidad||||
3|1|1553|7791337010826|1|Yogurisimo Botellita Frutilla x 190g|1.00|unidad| |5500.00|5500.00|1|unidad||||
3|1|1553|7798187760246|1|ZAFRAN BARRA DE CEREAL ALM/COCO X 28G|1.00|unidad| |1900.00|1900.00|1|unidad||||
3|1|1553|7798187760277|1|ZAFRAN BARRA DE CEREAL CAJU/ZAPALLO 28G|1.00|unidad| |1900.00|1900.00|1|unidad||||
3|1|1553|7798187760253|1|ZAFRAN BARRA DE CEREAL MANI/CACAO 28G|1.00|unidad| |1900.00|1900.00|1|unidad||||
3|1|1553|7798187760260|1|ZAFRAN BARRA DE CEREAL MZNA/CHIA 28G|1.00|unidad| |1900.00|1900.00|1|unidad||||
3|1|1584|7791813434412|1|7UP FREE PET X 1.5L|1.00|unidad| |4700.00|4700.00|1|unidad||||
3|1|1584|0000000023897|0|AFEITADORA BIC COMFORT  3|1.00|unidad| |820.00|820.00|1|unidad||||
3|1|1584|7790580109882|1|AGUILA EXTRAFINO 60% CACAO X 150 GR|1.00|unidad| |15200.00|15200.00|1|unidad||||
3|1|1584|7790040133594|1|AGUILA MINITORTA BROWNIE X 72G|1.00|unidad| |2800.00|2800.00|1|unidad||||
3|1|1584|7790040298705|1|AGUILA MINITORTA DDLECHE/MOUSSE SAB.VAINILLA X 72G|1.00|unidad| |2800.00|2800.00|1|unidad||||
3|1|1584|0000000023956|0|ALFAJOR CHOCOLATE|1.00|unidad| |2100.00|2100.00|1|unidad||||
3|1|1584|0000000023280|0|ALFAJORES DE MAICENA|1.00|unidad| |2100.00|2100.00|1|unidad||||
3|1|1584|7790580607418|1|ARCOR CHOCOLATE BLANCO TABLETA X 25 GR|1.00|unidad| |2200.00|2200.00|1|unidad||||
3|1|1584|7790580607210|1|ARCOR CHOCOLATE CON LECHE TABLETA X 25GR|1.00|unidad| |2200.00|2200.00|1|unidad||||
3|1|1584|0000000001339|0|ARCOR OBLEA RELLENA C/PASTA DE TURRON Y MANI X 25G|1.00|unidad| |700.00|700.00|1|unidad||||
3|1|1584|7793360294600|1|BC JUGO MANZANA TETRA X 200CC|1.00|unidad| |1100.00|1100.00|1|unidad||||
3|1|1584|7793360246609|1|BC JUGO NARANJA TETRA X 200CC.|1.00|unidad| |1100.00|1100.00|1|unidad||||
3|1|1584|7790580154264|1|BEB MULTIFRUTA BC 24X200ML|1.00|unidad| |1100.00|1100.00|1|unidad||||
3|1|1584|7792730020559|1|BIZNIKKE NEVADO CHOCOLATE TABLETA X 120 GR.|1.00|unidad| |8900.00|8900.00|1|unidad||||
3|1|1584|7790580722708|1|BOMBON TOFI LECHE X 15G|1.00|unidad| |1800.00|1800.00|1|unidad||||
3|1|1584|7790040613607|1|Bon O Bon Alfajor Chocolate Blanco x40 gr|1.00|unidad| |1800.00|1800.00|1|unidad||||
3|1|1584|7790040613706|1|BON O BON ALFAJOR CHOCOLATE NEGRO/LECHE X 40G|1.00|unidad| |1800.00|1800.00|1|unidad||||
3|1|1584|0000000021586|0|BON-O-BON BOMBON AGUILA X 15G|1.00|unidad| |1100.00|1100.00|1|unidad||||
3|1|1584|7790580119058|1|BON-O-BON BOMBON CHOCOLATE BLANCO X 15G|1.00|unidad| |1100.00|1100.00|1|unidad||||
3|1|1584|0000000021587|0|BON-O-BON BOMBON CHOCOLINA X 15G|1.00|unidad| |1100.00|1100.00|1|unidad||||
3|1|1584|7792360072409|1|BONAFIDE BOCADITO DDL X 16G|1.00|unidad| |1600.00|1600.00|1|unidad||||
3|1|1584|0000000021151|0|BROWNIE ARTESANAL|1.00|unidad| |5300.00|5300.00|1|unidad||||
3|1|1584|0000000023273|0|BUDIN BANANA Y DDL|1.00|unidad| |4800.00|4800.00|1|unidad||||
3|1|1584|0000000021701|0|BUDIN DE FRUTOS SECOS|1.00|unidad| |4800.00|4800.00|1|unidad||||
3|1|1584|0000000021700|0|BUDIN DE LIMON Y ARANDANOS|1.00|unidad| |4800.00|4800.00|1|unidad||||
3|1|1584|7790407022011|1|CABSHA BOCADITO X 10G|1.00|unidad| |1000.00|1000.00|1|unidad||||
3|1|1584|7798128000271|1|CACHAFAZ ALFAJOR MOUSSE X 50G|1.00|unidad| |3200.00|3200.00|1|unidad||||
3|1|1584|7622201818739|1|CADBURY CHOCOLATE C/LECHE TRES SUEÑOS X 82G|1.00|unidad| |7800.00|7800.00|1|unidad||||
3|1|1584|7622201818654|1|CADBURY CHOCOLATE RELLENO YOGHURT FRUTILLA X 29G|1.00|unidad| |3300.00|3300.00|1|unidad||||
3|1|1584|7622202271250|1|Caram. Halls 12u Strong Nvo|1.00|unidad| |1300.00|1300.00|1|unidad||||
3|1|1584|7622202247286|1|Caram. Halls Cherry Nvo 28 Grs|1.00|unidad| |1300.00|1300.00|1|unidad||||
3|1|1584|7790895649301|1|CEPITA 20% NARANJA 200ML|1.00|unidad| |2100.00|2100.00|1|unidad||||
3|1|1584|7790895009853|1|CEPITA JUGO MANZANA BOTELLA X 1L|1.00|unidad| |5800.00|5800.00|1|unidad||||
3|1|1584|7790895000720|1|CEPITA JUGO MANZANA TETRA X 200CC.|1.00|unidad| |2100.00|2100.00|1|unidad||||
3|1|1584|7790895647017|1|CEPITA JUGO MANZANA ZINC TETRA X 1 LT.|1.00|unidad| |4200.00|4200.00|1|unidad||||
3|1|1584|7790895000737|1|CEPITA JUGO MULTIFRUTA TETRA X 200CC|1.00|unidad| |2100.00|2100.00|1|unidad||||
3|1|1584|7790895647123|1|CEPITA JUGO MULTIFRUTA ZINC TETRA X 1 LT.|1.00|unidad| |4200.00|4200.00|1|unidad||||
3|1|1584|7790895648267|1|CEPITA NARANJA 20% 1L|1.00|unidad| |4200.00|4200.00|1|unidad||||
3|1|1584|7790895009815|1|CEPITA NARANJA 995CC|1.00|unidad| |5800.00|5800.00|1|unidad||||
3|1|1584|0000000022630|0|CEREAL MIX BARRA DE CEREAL C/FRUTILLA&YOGHURT X26G|1.00|unidad| |1700.00|1700.00|1|unidad||||
3|1|1584|0000000001341|0|CEREAL MIX BARRA DE CEREAL X 23G|1.00|unidad| |1700.00|1700.00|1|unidad||||
3|1|1584|0000000022631|0|CEREAL MIX BARRA DE CEREAL YOGH/FRUTIL.L.X26g|1.00|unidad| |1700.00|1700.00|1|unidad||||
3|1|1584|7790580123345|1|CH. TL7 MENTHOL 20X16X14G|1.00|unidad| |1900.00|1900.00|1|unidad||||
3|1|1584|0000000019822|0|CH. TL7 VIBR. STRAW. 20X16X14G|1.00|unidad| |1900.00|1900.00|1|unidad||||
3|1|1584|7790580104252|1|CH. TL7 VIOL. CHERRY 20X16X14G|1.00|unidad| |1900.00|1900.00|1|unidad||||
3|1|1584|7790580317607|1|CH. TL7 XPLOS. MINT 20X16X14G|1.00|unidad| |1900.00|1900.00|1|unidad||||
3|1|1584|8445290701961|1|Choc Bananita Dolca 30 grs|1.00|unidad| |2200.00|2200.00|1|unidad||||
3|1|1584|8445290701596|1|Choc. Bananita Dolca 14grs|1.00|unidad| |1200.00|1200.00|1|unidad||||
3|1|1584|7622202328947|1|Choc. Milka 55g Leche NVO|1.00|unidad| |6100.00|6100.00|1|unidad||||
3|1|1584|7790070418296|1|Chocoarroz Blanco est. 22g|1.00|unidad| |1800.00|1800.00|1|unidad||||
3|1|1584|7790070418203|1|Chocoarroz DL 22 gr|1.00|unidad| |1800.00|1800.00|1|unidad||||
3|1|1584|7790580103521|1|CHOCOLATE LECHE CON CONFITES COFLER X 55 G|1.00|unidad| |5800.00|5800.00|1|unidad||||
3|1|1584|7798304840851|1|CHOMPAlmedC/SsaDDL6x180g|1.00|unidad| |10200.00|10200.00|1|unidad||||
3|1|1584|7798130953640|1|CHUPETIN COCO POP X 17 G|1.00|unidad| |3500.00|3500.00|1|unidad||||
3|1|1584|7798130954777|1|CHUPETIN EMOTI POP 11GR|1.00|unidad| |3500.00|3500.00|1|unidad||||
3|1|1584|0000000023604|0|CIRCULAR MEMBRILLO X UN|1.00|unidad| |1500.00|1500.00|1|unidad||||
3|1|1584|7798085680516|1|CITRIC JUGO NARANJA MANGO TETRA X 500CC|1.00|unidad| |3700.00|3700.00|1|unidad||||
3|1|1584|7798085681834|1|CITRIC JUGO NARANJA TETRA X 1L|1.00|unidad| |5500.00|5500.00|1|unidad||||
3|1|1584|7798085681445|1|CITRIC JUGO NARANJA TETRA X 250CC|1.00|unidad| |2100.00|2100.00|1|unidad||||
3|1|1584|7798085681452|1|CITRIC JUGO NARANJA TETRA X 500CC|1.00|unidad| |3700.00|3700.00|1|unidad||||
3|1|1584|7798085680295|1|CITRIC JUGO NARANJA/ DURAZNO TETRA X 500CC|1.00|unidad| |3700.00|3700.00|1|unidad||||
3|1|1584|7790895000997|1|COCA-COLA X 2.25L|1.00|unidad| |8500.00|8500.00|1|unidad||||
3|1|1584|7790040659605|1|COFLER BLOCK ALFAJOR CHOCOLATE X 60 G|1.00|unidad| |2800.00|2800.00|1|unidad||||
3|1|1584|0000000018365|0|COFLER BLOCK CHOCOLATE C/LECHE Y MANI TAB.X 110GR|1.00|unidad| |7800.00|7800.00|1|unidad||||
3|1|1584|0000000015301|0|COFLER BLOCK CHOCOLATE C/LECHE Y MANI TAB.X 38GR|1.00|unidad| |3100.00|3100.00|1|unidad||||
3|1|1584|7790580105013|1|COFLER BLOCK CHOCOLATE X 170G|1.00|unidad| |13200.00|13200.00|1|unidad||||
3|1|1584|7790580115579|1|COFLER BLOCK CHOCOLATE X 1KG|1.00|unidad| |62900.00|62900.00|1|unidad||||
3|1|1584|7790580103385|1|COFLER CHOCOLATE AIREADO BCO/LECHE X 27 GR.|1.00|unidad| |3300.00|3300.00|1|unidad||||
3|1|1584|7790580103378|1|COFLER CHOCOLATE AIREADO BLANCO X 27 GR.|1.00|unidad| |3300.00|3300.00|1|unidad||||
3|1|1584|7790580115869|1|COFLER CHOCOLATE AIREADO BON O BON X 67G|1.00|unidad| |6500.00|6500.00|1|unidad||||
3|1|1584|7790580103361|1|COFLER CHOCOLATE AIREADO LECHE X 27 GR.|1.00|unidad| |3300.00|3300.00|1|unidad||||
3|1|1584|7790580043407|1|COFLER CHOCOLATE AIREADO LECHE X 55G|1.00|unidad| |6600.00|6600.00|1|unidad||||
3|1|1584|7790580003531|1|COFLER CHOCOLATE BCO&COOK X 55G|1.00|unidad| |5800.00|5800.00|1|unidad||||
3|1|1584|7790580043506|1|COFLER CHOCOLATE LECHE CON ALMENDRAS X 55G|1.00|unidad| |5800.00|5800.00|1|unidad||||
3|1|1584|0000000024109|0|CRIOLLITO X UN|1.00|unidad| |1500.00|1500.00|1|unidad||||
3|1|1584|0000000023957|0|CROISSANT J Y Q|1.00|unidad| |5800.00|5800.00|1|unidad||||
3|1|1584|7798024760798|1|CROQUE MONSIEUR J Y Q BLANCO X UN|1.00|unidad| |9100.00|9100.00|1|unidad||||
3|1|1584|7798024760804|1|CROQUE MONSIEUR J Y Q NEGRO X UN|1.00|unidad| |9100.00|9100.00|1|unidad||||
3|1|1584|0000000020568|0|CUADRADO DE PASTA FROLA|1.00|unidad| |4800.00|4800.00|1|unidad||||
3|1|1584|7795735000106|1|DON SATUR TALITAS X 140GR|1.00|unidad| |2200.00|2200.00|1|unidad||||
3|1|1584|7790206007509|1|DOS CORAZONES BOCADITO CHOC.C/LECHE RELL. X 26GR|1.00|unidad| |2100.00|2100.00|1|unidad||||
3|1|1584|7792799000035|1|ECO DE LOS ANDES AGUA CON GAS PET X 500CC.|1.00|unidad| |3000.00|3000.00|1|unidad||||
3|1|1584|7798128000486|1|EL CACHAFAZ ALFAJOR BLANCO FLOWPACK X 60 GR|1.00|unidad| |3100.00|3100.00|1|unidad||||
3|1|1584|7798128000462|1|EL CACHAFAZ ALFAJOR CHOCOLATE FLOWPACK X 60 GR|1.00|unidad| |3000.00|3000.00|1|unidad||||
3|1|1584|7798128001940|1|EL CACHAFAZ ALFAJOR DE MAICENA X 76G|1.00|unidad| |3100.00|3100.00|1|unidad||||
3|1|1584|7798128001797|1|EL CACHAFAZ CONITO DULCE DE LECHE X 38G|1.00|unidad| |2600.00|2600.00|1|unidad||||
3|1|1584|7798024760569|1|ENSALADA CESAR  PREMIUM X UN|1.00|unidad| |13000.00|13000.00|1|unidad||||
3|1|1584|7798024760392|1|ENSALADA CHEF PREMIUM X UN|1.00|unidad| |13000.00|13000.00|1|unidad||||
3|1|1584|7798024766417|1|ENSALADA MIX VEG.C/PECHUGUITAS AL SESAMO X UN|1.00|unidad| |13000.00|13000.00|1|unidad||||
3|1|1584|7613035242524|1|EPA DDL MAX 88GR|1.00|unidad| |6500.00|6500.00|1|unidad||||
3|1|1584|7613035242500|1|EPA ROCKER X 88G|1.00|unidad| |6500.00|6500.00|1|unidad||||
3|1|1584|7898024390121|1|FERRERO ROCHER BOMBON CHOC.RELL.PAQ.3 UNID X 37.5G|1.00|unidad| |5400.00|5400.00|1|unidad||||
3|1|1584|7798024760255|1|FIGAZZITAS DE SALAME Y QUESO X 2 UN|1.00|unidad| |8200.00|8200.00|1|unidad||||
3|1|1584|7798147780062|1|Franui sabor Black 150gr|1.00|unidad| |8500.00|8500.00|1|unidad||||
3|1|1584|7798147783223|1|Franui sabor Leche 150gr|1.00|unidad| |8500.00|8500.00|1|unidad||||
3|1|1584|7790070431936|1|Gallo YoguBar 20gr|1.00|unidad| |1700.00|1700.00|1|unidad||||
3|1|1584|0067061111111|1|GATORADE COOL BLUE PET X 500CC|1.00|unidad| |3900.00|3900.00|1|unidad||||
3|1|1584|0071971211111|1|GATORADE FRUTOS TROPICALES PET X 750CC|1.00|unidad| |4700.00|4700.00|1|unidad||||
3|1|1584|0066011111111|1|GATORADE MANZANA PET X 500CC|1.00|unidad| |3900.00|3900.00|1|unidad||||
3|1|1584|0042831111111|1|GATORADE MANZANA PET X 750CC|1.00|unidad| |4600.00|4600.00|1|unidad||||
3|1|1584|0006602111111|1|GATORADE NARANJA PET X 500CC|1.00|unidad| |3900.00|3900.00|1|unidad||||
3|1|1584|7798024766103|1|GRANDWICH PANINI GRIGLIATTI JAM/QUE/TOM/HUE X 210G|1.00|unidad| |6650.00|6650.00|1|unidad||||
3|1|1584|0000000023445|0|HALLS FREE MENTA X 28 G|1.00|unidad| |1450.00|1450.00|1|unidad||||
3|1|1584|7791249450277|1|HALLS MENTA LYPTUS CARAMELOS DUROS PAQ.X 28G|1.00|unidad| |1250.00|1250.00|1|unidad||||
3|1|1584|0000000023603|0|ICEDREAM CIRCULAR PASTELERA X UN|1.00|unidad| |1500.00|1500.00|1|unidad||||
3|1|1584|0028411111111|1|JORGITO ALFAJOR BLANCO X 50G|1.00|unidad| |1600.00|1600.00|1|unidad||||
3|1|1584|0011111112842|1|JORGITO ALFAJOR CHOCOLATE X 55G|1.00|unidad| |1600.00|1600.00|1|unidad||||
3|1|1584|7790957000545|1|JORGITO MINI ALFAJOR CHOCOLATE PAQ.X 6 UNID.|1.00|unidad| |4600.00|4600.00|1|unidad||||
3|1|1584|7790957000538|1|JORGITO MINI ALFAJOR GLACEADO PAQ.X 6 UNID.X 155GR|1.00|unidad| |4600.00|4600.00|1|unidad||||
3|1|1584|0000080052760|1|KINDER BUENO OBLEA CHOCOLATE CON LECHE X 43G|1.00|unidad| |4800.00|4800.00|1|unidad||||
3|1|1584|0000077949677|1|KINDER CHOCOLATE X 50G|1.00|unidad| |5500.00|5500.00|1|unidad||||
3|1|1584|7891000379073|1|KIT KAT DARK OBLEA BAÑADA CHOCOLATE X 41.5G|1.00|unidad| |2800.00|2800.00|1|unidad||||
3|1|1584|7891000379028|1|KIT KAT OBLEA BAÑADA CHOCOLATE BLANCO X 41.5G|1.00|unidad| |2800.00|2800.00|1|unidad||||
3|1|1584|7791337007260|1|Leche chocolatada Cindor 200ml|1.00|unidad| |3800.00|3800.00|1|unidad||||
3|1|1584|7791337007253|1|Leche chocolatada Cindor x 1L|1.00|unidad| |11500.00|11500.00|1|unidad||||
3|1|1584|7798368470391|1|LUCCIANO´S CHANTILLY X 100GR (02)|1.00|unidad| |7400.00|7400.00|1|unidad||||
3|1|1584|7798368470384|1|LUCCIANO´S CHOCOLATE C/CROCANTE X 100GR (01)|1.00|unidad| |7400.00|7400.00|1|unidad||||
3|1|1584|7798368470421|1|LUCCIANO´S CHOCOLATE X 90GR (05)|1.00|unidad| |7400.00|7400.00|1|unidad||||
3|1|1584|7798368470438|1|LUCCIANO´S DDL C/ CROCANTE X 90GR (06)|1.00|unidad| |7400.00|7400.00|1|unidad||||
3|1|1584|0000000024240|0|LUCCIANO´S DDL X 90GR (03)|1.00|unidad| |6000.00|6000.00|1|unidad||||
3|1|1584|7798368470476|1|LUCCIANO´S MINION ICE POP X 100GR (10)|1.00|unidad| |7900.00|7900.00|1|unidad||||
3|1|1584|7798368470469|1|LUCCIANO´S OLI KING X 90GR (09)|1.00|unidad| |7800.00|7800.00|1|unidad||||
3|1|1584|7798368470735|1|LUCCIANO´S PISTACCHIO X 95GR (08)|1.00|unidad| |7800.00|7800.00|1|unidad||||
3|1|1584|7798368470414|1|LUCCIANO´S SORBETE PATAGONIA X 90GR (04)|1.00|unidad| |7400.00|7400.00|1|unidad||||
3|1|1584|7613034797469|1|LUXOR BOMBON HELADO 53G|1.00|unidad| |3000.00|3000.00|1|unidad||||
3|1|1584|7797453001441|1|M&M Chocolate 48 Grs|1.00|unidad| |4800.00|4800.00|1|unidad||||
3|1|1584|7797453001458|1|M&M MANI PAQ. X 49 GR|1.00|unidad| |4800.00|4800.00|1|unidad||||
3|1|1584|7790387015324|1|MAÑANITA YERBA 4FLEX X 500 GR|1.00|unidad| |4400.00|4400.00|1|unidad||||
3|1|1584|7790206006106|1|MARROC BOCADITO X 14 GR.|1.00|unidad| |1200.00|1200.00|1|unidad||||
3|1|1584|7798024760125|1|MAX PREMIUM JyQ-TOM-HUE- PAN NGO X UN|1.00|unidad| |9600.00|9600.00|1|unidad||||
3|1|1584|7798024766172|1|MAX PREMIUM POLLO-RU-PAR-PAN NGO X UN|1.00|unidad| |9600.00|9600.00|1|unidad||||
3|1|1584|7798024760552|1|MAX TRIANGULO LIGHT POLLO-LEC-PAN NGO X UN|1.00|unidad| |9600.00|9600.00|1|unidad||||
3|1|1584|0000000023602|0|MEDIALUNA DE GRASA X UN|1.00|unidad| |1500.00|1500.00|1|unidad||||
3|1|1584|0000000023601|0|MEDIALUNA DE MANTECA X UN|1.00|unidad| |1500.00|1500.00|1|unidad||||
3|1|1584|7891000120057|1|MEGA AMERICANA CON ALMENDRAS X 74g|1.00|unidad| |7400.00|7400.00|1|unidad||||
3|1|1584|0000000020546|0|MENTHO-PLUS ACIDOS CEREZA X 27.2G|1.00|unidad| |1600.00|1600.00|1|unidad||||
3|1|1584|0000000020540|0|MENTHO-PLUS ACIDOS NARANJA X 27.2G|1.00|unidad| |1600.00|1600.00|1|unidad||||
3|1|1584|0000000021660|0|MENTHO-PLUS CARAMELOS INHALANTES DE CEREZA X 29.4G|1.00|unidad| |1000.00|1000.00|1|unidad||||
3|1|1584|0000000021663|0|MENTHO-PLUS CARAMELOS INHALANTES MIEL X 29.4G|1.00|unidad| |1000.00|1000.00|1|unidad||||
3|1|1584|0000000021661|0|MENTHO-PLUS CARAMELOS INHALANTES STRONG X 29.4G|1.00|unidad| |1000.00|1000.00|1|unidad||||
3|1|1584|0000000017476|0|MENTHO-PLUS CARAMELOS SIN AZUCAR CHERRY X 27.3G|1.00|unidad| |1600.00|1600.00|1|unidad||||
3|1|1584|0000000017474|0|MENTHO-PLUS CARAMELOS SIN AZUCAR MENTOL X 27.3G|1.00|unidad| |1600.00|1600.00|1|unidad||||
3|1|1584|0000000021664|0|MENTHOPLUS MENTA X 29.4G|1.00|unidad| |1000.00|1000.00|1|unidad||||
3|1|1584|0000000021662|0|MENTHOPLUS MENTOL X 29.4G|1.00|unidad| |1000.00|1000.00|1|unidad||||
3|1|1584|0000000021044|0|MENTHOPLUS ZERO CARAMELOS DURAZNO X 26.6G|1.00|unidad| |1600.00|1600.00|1|unidad||||
3|1|1584|0000000021047|0|MENTHOPLUS ZERO CARAMELOS STRONG X 26.6G|1.00|unidad| |1600.00|1600.00|1|unidad||||
3|1|1584|7895144699851|1|MENTOS CARAMELOS MASTICABLES SAB.FRUTA X 29.7GR|1.00|unidad| |1200.00|1200.00|1|unidad||||
3|1|1584|7895144699844|1|MENTOS CARAMELOS MASTICABLES SAB.MENTA X 29.7GR|1.00|unidad| |1200.00|1200.00|1|unidad||||
3|1|1584|0000000021770|0|MERMELADAS X UNIDAD|1.00|unidad| |50.00|50.00|1|unidad||||
3|1|1584|0000077903785|1|MILKA ALFAJOR MOUSSE TRIPLE X 55 GR.|1.00|unidad| |2800.00|2800.00|1|unidad||||
3|1|1584|7622300457303|1|MILKA ALFAJOR TRIPLE BLANCO X 55G|1.00|unidad| |2800.00|2800.00|1|unidad||||
3|1|1584|7622300844967|1|MILKA CHOCOLATE BLANCO CON DULCE DE LECHE X 67.5G|1.00|unidad| |7100.00|7100.00|1|unidad||||
3|1|1584|7622300844943|1|MILKA CHOCOLATE C DULCE DE LECHE X 67.5G|1.00|unidad| |7100.00|7100.00|1|unidad||||
3|1|1584|0000000021565|0|MILKA CHOCOLATE C/LECHE ALMENDRAS|1.00|unidad| |3290.00|3290.00|1|unidad||||
3|1|1584|7622300990114|1|MILKA CHOCOLATE CON LECHE X 150G|1.00|unidad| |13800.00|13800.00|1|unidad||||
3|1|1584|7622201818937|1|MILKA LEGER CHOCOLATE LECHE TABLETA X 50G|1.00|unidad| |5800.00|5800.00|1|unidad||||
3|1|1584|7790580116958|1|MOGUL CARAMELO DE GOMA DINOS X 30G|1.00|unidad| |800.00|800.00|1|unidad||||
3|1|1584|7790580129507|1|MOGUL CARAMELOS DE GOMA ACIDOS BOLSA X 60G|1.00|unidad| |1350.00|1350.00|1|unidad||||
3|1|1584|7790580169312|1|MOGUL CARAMELOS DE GOMA CEREBRITOS X 30G|1.00|unidad| |1200.00|1200.00|1|unidad||||
3|1|1584|7790580116460|1|MOGUL CARAMELOS DE GOMA EXTREME ACIDO ROLLO X 35G|1.00|unidad| |1200.00|1200.00|1|unidad||||
3|1|1584|7790580603809|1|MOGUL CARAMELOS DE GOMA FRUTALES ROLLO X 35G|1.00|unidad| |1200.00|1200.00|1|unidad||||
3|1|1584|7790580199913|1|MOGUL CARAMELOS DE GOMA OSITOS X 30 GR|1.00|unidad| |1200.00|1200.00|1|unidad||||
3|1|1584|7790580200114|1|MOGUL CARAMELOS DE GOMA TIBURON X 30G|1.00|unidad| |1200.00|1200.00|1|unidad||||
3|1|1584|7798422620014|1|MONSTER ENERGY GREEN X 473CC|1.00|unidad| |5200.00|5200.00|1|unidad||||
3|1|1584|7798422620045|1|MONSTER MANGO LOCO 473|1.00|unidad| |5200.00|5200.00|1|unidad||||
3|1|1584|7798422620021|1|MONSTER ULTRA x 473 CC|1.00|unidad| |5200.00|5200.00|1|unidad||||
3|1|1584|1111111111142|1|MUFFIN CHIPS CHOC X UN|1.00|unidad| |3900.00|3900.00|1|unidad||||
3|1|1584|1111111111145|1|MUFFIN VAINILLA C/DDL X UN|1.00|unidad| |3900.00|3900.00|1|unidad||||
3|1|1584|7798304841261|1|NESQUIK NUTRIACTIV B HEL.CHOCOLATE CON CALCIN-N|1.00|unidad| |1800.00|1800.00|1|unidad||||
3|1|1584|7622210723468|1|OREO GALLETITAS BAÑADAS CHOCOLATE x17gr|1.00|unidad| |200.00|200.00|1|unidad||||
3|1|1584|7899975800523|1|Oreo Palito AR 20 x 65g|1.00|unidad| |6500.00|6500.00|1|unidad||||
3|1|1584|7899975800509|1|OREO SANDWICH AR 81GR|1.00|unidad| |6500.00|6500.00|1|unidad||||
3|1|1584|7798304841124|1|OREO TACITA X 95G|1.00|unidad| |6500.00|6500.00|1|unidad||||
3|1|1584|0000000024088|0|PAN DE CHOCOLATE X UN|1.00|unidad| |3900.00|3900.00|1|unidad||||
3|1|1584|7798024766110|1|PANINI GRIGLIATTI DE PECETO X 210G|1.00|unidad| |6650.00|6650.00|1|unidad||||
3|1|1584|7791007000764|1|PAÑUELOS DESCARTABLES CAJA X 75 UNID|1.00|unidad| |3600.00|3600.00|1|unidad||||
3|1|1584|7791070003482|1|PAÑUELOS DESCARTABLES X UNID|1.00|unidad| |700.00|700.00|1|unidad||||
3|1|1584|7798024760781|1|PEBETE PECHUGA CRISPY X UN|1.00|unidad| |9200.00|9200.00|1|unidad||||
3|1|1584|7798024760361|1|PECHUGA GRILLE C/VEGETAL DEL HUERTO X UN|1.00|unidad| |11500.00|11500.00|1|unidad||||
3|1|1584|0000077915481|1|PEPITOS ALFAJOR TRIPLE DE CHOCOLATE X 57GR|1.00|unidad| |2800.00|2800.00|1|unidad||||
3|1|1584|7791813828365|1|PEPSI BLACK PET X 500CC|1.00|unidad| |3100.00|3100.00|1|unidad||||
3|1|1584|1111111111200|1|PICO DULCE CHUPETIN X 14 GR.|1.00|unidad| |500.00|500.00|1|unidad||||
3|1|1584|7790895641183|1|POWERADE FRUTAS TROPICALES PET X 500CC|1.00|unidad| |3300.00|3300.00|1|unidad||||
3|1|1584|7790895640018|1|POWERADE MANZANA PET X 500CC|1.00|unidad| |3300.00|3300.00|1|unidad||||
3|1|1584|7790895640025|1|POWERADE MOUNTAIN BLAST PET X 500CC|1.00|unidad| |3300.00|3300.00|1|unidad||||
3|1|1584|7791519200021|1|PRIME PRESERVATIVO ANATOMICO CAJA X 3 UNID.|1.00|unidad| |6000.00|6000.00|1|unidad||||
3|1|1584|7791519200076|1|PRIME PRESERVATIVO ESPERMICIDA CAJA X 3 UNID.|1.00|unidad| |6000.00|6000.00|1|unidad||||
3|1|1584|7791519000676|1|PRIME PRESERVATIVO EXTRA LUBRICADO CAJA X 3 UNID.|1.00|unidad| |6000.00|6000.00|1|unidad||||
3|1|1584|7791519200045|1|PRIME PRESERVATIVO SUPERFINO CAJA X 3 UNID.|1.00|unidad| |6000.00|6000.00|1|unidad||||
3|1|1584|7791519200090|1|PRIME PRESERVATIVO TACHAS CAJA X 3 UNID.|1.00|unidad| |6000.00|6000.00|1|unidad||||
3|1|1584|7791519200069|1|PRIME PRESERVATIVO TEXTURADO CAJA X 3 UNID.|1.00|unidad| |6000.00|6000.00|1|unidad||||
3|1|1584|7790742167101|1|Queso Finlandia Chef Cheddar 150gr PAQUETE INSUMO|1.00|unidad| |0.01|0.01|1|unidad||||
3|1|1584|0045011111111|1|RED BULL ENERGY DRINK LATA X 250 CC|1.00|unidad| |5000.00|5000.00|1|unidad||||
3|1|1584|0000090435225|1|RED BULL ENERGY DRINK LATA X 355 CC|1.00|unidad| |6200.00|6200.00|1|unidad||||
3|1|1584|9002490232054|1|RED BULL ENERGY DRINK SUGAR FREE LATA X 250CC|1.00|unidad| |5000.00|5000.00|1|unidad||||
3|1|1584|7790580327415|1|ROCKLETS CONFITES DE CHOCOLATE PAQ. X 40 GR|1.00|unidad| |2800.00|2800.00|1|unidad||||
3|1|1584|7790580327613|1|ROCKLETS NARANJA MANI C/CHOCOLATE CONFITADO X 40G|1.00|unidad| |2800.00|2800.00|1|unidad||||
3|1|1584|7798024760507|1|ROLL CHICKEN CAESAR X 210GR|1.00|unidad| |9600.00|9600.00|1|unidad||||
3|1|1584|0000000023605|0|SACRAMENTO MEMBRILLO X UN|1.00|unidad| |1500.00|1500.00|1|unidad||||
3|1|1584|7790580716806|1|SALADIX GALLETITAS SAB. CALABRESA CAJA X 100G|1.00|unidad| |2900.00|2900.00|1|unidad||||
3|1|1584|7790580716707|1|SALADIX GALLETITAS SAB. JAMON CAJA X 100G|1.00|unidad| |2900.00|2900.00|1|unidad||||
3|1|1584|7790580697303|1|SALADIX GALLETITAS SAB. PIZZA CAJA X 100G|1.00|unidad| |2900.00|2900.00|1|unidad||||
3|1|1584|7790040374607|1|SALADIX GALLETITAS SAB.DUO CAJA X 80G|1.00|unidad| |2900.00|2900.00|1|unidad||||
3|1|1584|7790040123434|1|SALADIX GALLETITAS SAB.KESITOS X80G|1.00|unidad| |2500.00|2500.00|1|unidad||||
3|1|1584|0000077956699|1|SHOT ALFAJOR TRISHOT TRIPLE X 60G|1.00|unidad| |2800.00|2800.00|1|unidad||||
3|1|1584|7622300424084|1|SHOT CHOCOLATE CON LECHE Y MANI TABLETA X 170 GR|1.00|unidad| |11900.00|11900.00|1|unidad||||
3|1|1584|0000077914217|1|SHOT CHOCOLATE LECHE CON MANI TABLETA X 35G|1.00|unidad| |2900.00|2900.00|1|unidad||||
3|1|1584|7798304841803|1|SIN PARAR CHOCOLATE DULCE DE LECHE X 90G|1.00|unidad| |2900.00|2900.00|1|unidad||||
3|1|1584|7798304841797|1|SIN PARAR DULCE DE LECHE Y AMERICANA X 90G|1.00|unidad| |2900.00|2900.00|1|unidad||||
3|1|1584|7798304841780|1|SIN PARAR FRUTILLA CREMA X 90G|1.00|unidad| |2900.00|2900.00|1|unidad||||
3|1|1584|0022000018465|1|SKITTLES CONFITES ORIGINAL FRUIT PAQ.X 61.5GR|1.00|unidad| |4500.00|4500.00|1|unidad||||
3|1|1584|0022000018489|1|SKITTLES CONFITES WILDBERRY PAQ.X 61.5GR|1.00|unidad| |4500.00|4500.00|1|unidad||||
3|1|1584|7790895646027|1|SMART WATER C/G 591 ML|1.00|unidad| |3300.00|3300.00|1|unidad||||
3|1|1584|7790895645778|1|SMART WATER S/G 591 ML|1.00|unidad| |3300.00|3300.00|1|unidad||||
3|1|1584|7506174512248|1|SNICKERS BARRA RELL.MANI CUB.C/CHOCOLATE X 48 GR|1.00|unidad| |4500.00|4500.00|1|unidad||||
3|1|1584|0522111111111|1|SPEED UNLIMITED LATA X 250CC|1.00|unidad| |3800.00|3800.00|1|unidad||||
3|1|1584|0040000000518|1|STARBURST CARAMELO MASTICABLE SURTIDO PAQ.X 58.7G|1.00|unidad| |4900.00|4900.00|1|unidad||||
3|1|1584|7790580060206|1|SUGUS CARAMELO MASTICABLE SUELTO X 3.3 GR|1.00|unidad| |50.00|50.00|1|unidad||||
3|1|1584|7790580056001|1|SUGUS CONFITADOS CONFITES DE CARAMELO SURT.X 50 G|1.00|unidad| |2000.00|2000.00|1|unidad||||
3|1|1584|7790387000849|1|TARAGUI MATE COCIDO X 25 UNID S ENS|1.00|unidad| |130.00|130.00|1|unidad||||
3|1|1584|0029601111111|1|TARAGUI MATE LISTO X 35 GR.|1.00|unidad| |3900.00|3900.00|1|unidad||||
3|1|1584|0029621111111|1|TARAGUI TERMO MATE-LISTO CAPACIDAD 500 CC.|1.00|unidad| |5800.00|5800.00|1|unidad||||
3|1|1584|7790387013627|1|TARAGUI YERBA 4FLEX X 500 GR.|1.00|unidad| |4400.00|4400.00|1|unidad||||
3|1|1584|0000077939234|1|TERRABUSI ALFAJOR CHOCOLATE X 50 GR|1.00|unidad| |1900.00|1900.00|1|unidad||||
3|1|1584|0000077903792|1|TERRABUSI ALFAJOR TRIPLE CHOCOLATE X 70G.|1.00|unidad| |2800.00|2800.00|1|unidad||||
3|1|1584|0000077903860|1|TERRABUSI ALFAJOR TRIPLE TIPO TORTA CHOCOLAT.X 70G|1.00|unidad| |2800.00|2800.00|1|unidad||||
3|1|1584|7622300335052|1|TERRABUSI SNACKY X 60GR|1.00|unidad| |4400.00|4400.00|1|unidad||||
3|1|1584|7861002910314|1|TIC TAC PASTILLAS SABOR MENTA CAJA X 16 GR.|1.00|unidad| |1500.00|1500.00|1|unidad||||
3|1|1584|7861002910321|1|TIC TAC PASTILLAS SABOR NARANJA CAJA X 16 GR.|1.00|unidad| |1500.00|1500.00|1|unidad||||
3|1|1584|7790580746612|1|TOFI CHOCOLATE C/LECHE RELLENO D.LECHE X 55G|1.00|unidad| |400.00|400.00|1|unidad||||
3|1|1584|7798024760354|1|TOP PBT DE JAMON COCIDO Y QUESO X UN|1.00|unidad| |8200.00|8200.00|1|unidad||||
3|1|1584|0000000019823|0|TOPLINE 7 CHICLE S/AZUCAR ATM STRONG X 14G|1.00|unidad| |1900.00|1900.00|1|unidad||||
3|1|1584|0000000018843|0|TOPLINE 7 CHICLE S/AZUCAR MANDARINA  CAJA X 14G|1.00|unidad| |1900.00|1900.00|1|unidad||||
3|1|1584|7790580120573|1|TOPLINE 7 ULTRA CLEAN X 24G|1.00|unidad| |3300.00|3300.00|1|unidad||||
3|1|1584|7790580120702|1|TOPLINE 7 ULTRA GREEN MINT X 24G|1.00|unidad| |3300.00|3300.00|1|unidad||||
3|1|1584|7790580121013|1|TOPLINE 7 ULTRA RED BERRY X 24G|1.00|unidad| |3300.00|3300.00|1|unidad||||
3|1|1584|7798304841421|1|TORPEDO FRUTILLA|1.00|unidad| |2000.00|2000.00|1|unidad||||
3|1|1584|7798304841414|1|TORPEDO LIMON|1.00|unidad| |2000.00|2000.00|1|unidad||||
3|1|1584|7798024760460|1|TRIPLE MIGA BLANCO J.COCIDO Y QUESO X 3 UN|1.00|unidad| |8700.00|8700.00|1|unidad||||
3|1|1584|7798024760477|1|TRIPLE MIGA NEGRO J.COCIDO Y QUESO X 3 UN|1.00|unidad| |8700.00|8700.00|1|unidad||||
3|1|1584|7622202839962|1|VARIEDAD GALLETITAS DULCES SURTIDAS X 390GR.|1.00|unidad|VARIEDAD|5500.00|5500.00|1|unidad||||
3|1|1584|0016871111111|1|VASO REUTILIZABLE|1.00|unidad| |4000.00|4000.00|1|unidad||||
3|1|1584|0000000004361|0|VAUQUITA TABLETA DE DULCE DE LECHE X 25 GR.|1.00|unidad| |180.00|180.00|1|unidad||||
3|1|1584|7790315100184|1|VDS LEVITE CERO AGUA S/G MANZANA PET X 500cc|1.00|unidad| |3100.00|3100.00|1|unidad||||
3|1|1584|0021352111111|1|VDS LEVITE CERO AGUA S/G NARANJA PET X 500cc|1.00|unidad| |3100.00|3100.00|1|unidad||||
3|1|1584|0021347111111|1|VILLA DEL SUR LEVITE S/G MANZANA PET X 500cc|1.00|unidad| |3100.00|3100.00|1|unidad||||
3|1|1584|7798062548655|1|VILLA DEL SUR LEVITE S/G NARANJA PET X 500cc|1.00|unidad| |3100.00|3100.00|1|unidad||||
3|1|1584|0021349111111|1|VILLA DEL SUR LEVITE S/G PERA PET X 500cc|1.00|unidad| |3100.00|3100.00|1|unidad||||
3|1|1584|7799155000982|1|VILLA DEL SUR LEVITE S/G POMELO PET X 500cc|1.00|unidad| |3100.00|3100.00|1|unidad||||
3|1|1584|7799155000210|1|VILLAVICENCIO AGUA FINAMENTE GASIFICADA PET X 1.5L|1.00|unidad| |4800.00|4800.00|1|unidad||||
3|1|1584|7799155000203|1|VILLAVICENCIO AGUA FINAMENTE GASIFICADA PET X 500C|1.00|unidad| |3300.00|3300.00|1|unidad||||
3|1|1584|0022000293220|1|Wrigleys Doubl 12.5g|1.00|unidad| |2500.00|2500.00|1|unidad||||
3|1|1584|0022000293305|1|Wrigleys Spear 12.5g|1.00|unidad| |2500.00|2500.00|1|unidad||||
3|1|1584|7791337010826|1|Yogurisimo Botellita Frutilla x 190g|1.00|unidad| |5500.00|5500.00|1|unidad||||
3|1|1584|7798187760246|1|ZAFRAN BARRA DE CEREAL ALM/COCO X 28G|1.00|unidad| |1800.00|1800.00|1|unidad||||
3|1|1584|7798187760277|1|ZAFRAN BARRA DE CEREAL CAJU/ZAPALLO 28G|1.00|unidad| |1800.00|1800.00|1|unidad||||
3|1|1584|7798187760253|1|ZAFRAN BARRA DE CEREAL MANI/CACAO 28G|1.00|unidad| |1800.00|1800.00|1|unidad||||
3|1|1584|7798187760260|1|ZAFRAN BARRA DE CEREAL MZNA/CHIA 28G|1.00|unidad| |1800.00|1800.00|1|unidad||||
3|1|1682|7791813434412|1|7UP FREE PET X 1.5L|1.00|unidad| |5200.00|5200.00|1|unidad||||
3|1|1682|0000000023897|0|AFEITADORA BIC COMFORT  3|1.00|unidad| |820.00|820.00|1|unidad||||
3|1|1682|7790580109882|1|AGUILA EXTRAFINO 60% CACAO X 150 GR|1.00|unidad| |16100.00|16100.00|1|unidad||||
3|1|1682|7790040133594|1|AGUILA MINITORTA BROWNIE X 72G|1.00|unidad| |3100.00|3100.00|1|unidad||||
3|1|1682|7790040298705|1|AGUILA MINITORTA DDLECHE/MOUSSE SAB.VAINILLA X 72G|1.00|unidad| |3100.00|3100.00|1|unidad||||
3|1|1682|0000000023956|0|ALFAJOR CHOCOLATE|1.00|unidad| |2350.00|2350.00|1|unidad||||
3|1|1682|0000000023280|0|ALFAJORES DE MAICENA|1.00|unidad| |2350.00|2350.00|1|unidad||||
3|1|1682|7790580607418|1|ARCOR CHOCOLATE BLANCO TABLETA X 25 GR|1.00|unidad| |2500.00|2500.00|1|unidad||||
3|1|1682|7790580607210|1|ARCOR CHOCOLATE CON LECHE TABLETA X 25GR|1.00|unidad| |2500.00|2500.00|1|unidad||||
3|1|1682|0000000001339|0|ARCOR OBLEA RELLENA C/PASTA DE TURRON Y MANI X 25G|1.00|unidad| |700.00|700.00|1|unidad||||
3|1|1682|7793360294600|1|BC JUGO MANZANA TETRA X 200CC|1.00|unidad| |1300.00|1300.00|1|unidad||||
3|1|1682|7793360246609|1|BC JUGO NARANJA TETRA X 200CC.|1.00|unidad| |1300.00|1300.00|1|unidad||||
3|1|1682|7790580154264|1|BEB MULTIFRUTA BC 24X200ML|1.00|unidad| |1300.00|1300.00|1|unidad||||
3|1|1682|7792730020559|1|BIZNIKKE NEVADO CHOCOLATE TABLETA X 120 GR.|1.00|unidad| |9200.00|9200.00|1|unidad||||
3|1|1682|7790580722708|1|BOMBON TOFI LECHE X 15G|1.00|unidad| |2100.00|2100.00|1|unidad||||
3|1|1682|7790040613607|1|Bon O Bon Alfajor Chocolate Blanco x40 gr|1.00|unidad| |2100.00|2100.00|1|unidad||||
3|1|1682|7790040613706|1|BON O BON ALFAJOR CHOCOLATE NEGRO/LECHE X 40G|1.00|unidad| |2100.00|2100.00|1|unidad||||
3|1|1682|0000000021586|0|BON-O-BON BOMBON AGUILA X 15G|1.00|unidad| |1100.00|1100.00|1|unidad||||
3|1|1682|7790580119058|1|BON-O-BON BOMBON CHOCOLATE BLANCO X 15G|1.00|unidad| |1100.00|1100.00|1|unidad||||
3|1|1682|0000000021587|0|BON-O-BON BOMBON CHOCOLINA X 15G|1.00|unidad| |1100.00|1100.00|1|unidad||||
3|1|1682|7792360072409|1|BONAFIDE BOCADITO DDL X 16G|1.00|unidad| |1800.00|1800.00|1|unidad||||
3|1|1682|0000000021151|0|BROWNIE ARTESANAL|1.00|unidad| |5850.00|5850.00|1|unidad||||
3|1|1682|0000000023273|0|BUDIN BANANA Y DDL|1.00|unidad| |5300.00|5300.00|1|unidad||||
3|1|1682|0000000021701|0|BUDIN DE FRUTOS SECOS|1.00|unidad| |5300.00|5300.00|1|unidad||||
3|1|1682|0000000021700|0|BUDIN DE LIMON Y ARANDANOS|1.00|unidad| |5300.00|5300.00|1|unidad||||
3|1|1682|7790407022011|1|CABSHA BOCADITO X 10G|1.00|unidad| |1000.00|1000.00|1|unidad||||
3|1|1682|7798128000271|1|CACHAFAZ ALFAJOR MOUSSE X 50G|1.00|unidad| |3400.00|3400.00|1|unidad||||
3|1|1682|7622201818739|1|CADBURY CHOCOLATE C/LECHE TRES SUEÑOS X 82G|1.00|unidad| |8200.00|8200.00|1|unidad||||
3|1|1682|7622201818654|1|CADBURY CHOCOLATE RELLENO YOGHURT FRUTILLA X 29G|1.00|unidad| |3500.00|3500.00|1|unidad||||
3|1|1682|7622202271250|1|Caram. Halls 12u Strong Nvo|1.00|unidad| |1350.00|1350.00|1|unidad||||
3|1|1682|7622202247286|1|Caram. Halls Cherry Nvo 28 Grs|1.00|unidad| |1350.00|1350.00|1|unidad||||
3|1|1682|7790895649301|1|CEPITA 20% NARANJA 200ML|1.00|unidad| |2200.00|2200.00|1|unidad||||
3|1|1682|7790895009853|1|CEPITA JUGO MANZANA BOTELLA X 1L|1.00|unidad| |6100.00|6100.00|1|unidad||||
3|1|1682|7790895000720|1|CEPITA JUGO MANZANA TETRA X 200CC.|1.00|unidad| |2200.00|2200.00|1|unidad||||
3|1|1682|7790895647017|1|CEPITA JUGO MANZANA ZINC TETRA X 1 LT.|1.00|unidad| |4450.00|4450.00|1|unidad||||
3|1|1682|7790895000737|1|CEPITA JUGO MULTIFRUTA TETRA X 200CC|1.00|unidad| |2200.00|2200.00|1|unidad||||
3|1|1682|7790895647123|1|CEPITA JUGO MULTIFRUTA ZINC TETRA X 1 LT.|1.00|unidad| |4450.00|4450.00|1|unidad||||
3|1|1682|7790895648267|1|CEPITA NARANJA 20% 1L|1.00|unidad| |4450.00|4450.00|1|unidad||||
3|1|1682|7790895009815|1|CEPITA NARANJA 995CC|1.00|unidad| |6100.00|6100.00|1|unidad||||
3|1|1682|0000000022630|0|CEREAL MIX BARRA DE CEREAL C/FRUTILLA&YOGHURT X26G|1.00|unidad| |2000.00|2000.00|1|unidad||||
3|1|1682|0000000001341|0|CEREAL MIX BARRA DE CEREAL X 23G|1.00|unidad| |2000.00|2000.00|1|unidad||||
3|1|1682|0000000022631|0|CEREAL MIX BARRA DE CEREAL YOGH/FRUTIL.L.X26g|1.00|unidad| |2000.00|2000.00|1|unidad||||
3|1|1682|7790580123345|1|CH. TL7 MENTHOL 20X16X14G|1.00|unidad| |2300.00|2300.00|1|unidad||||
3|1|1682|0000000019822|0|CH. TL7 VIBR. STRAW. 20X16X14G|1.00|unidad| |2300.00|2300.00|1|unidad||||
3|1|1682|7790580104252|1|CH. TL7 VIOL. CHERRY 20X16X14G|1.00|unidad| |2300.00|2300.00|1|unidad||||
3|1|1682|7790580317607|1|CH. TL7 XPLOS. MINT 20X16X14G|1.00|unidad| |2300.00|2300.00|1|unidad||||
3|1|1682|8445290701961|1|Choc Bananita Dolca 30 grs|1.00|unidad| |2400.00|2400.00|1|unidad||||
3|1|1682|8445290701596|1|Choc. Bananita Dolca 14grs|1.00|unidad| |1400.00|1400.00|1|unidad||||
3|1|1682|7622202328947|1|Choc. Milka 55g Leche NVO|1.00|unidad| |6400.00|6400.00|1|unidad||||
3|1|1682|7790070418296|1|Chocoarroz Blanco est. 22g|1.00|unidad| |2000.00|2000.00|1|unidad||||
3|1|1682|7790070418203|1|Chocoarroz DL 22 gr|1.00|unidad| |2000.00|2000.00|1|unidad||||
3|1|1682|7790580103521|1|CHOCOLATE LECHE CON CONFITES COFLER X 55 G|1.00|unidad| |6200.00|6200.00|1|unidad||||
3|1|1682|7798304840851|1|CHOMPAlmedC/SsaDDL6x180g|1.00|unidad| |10700.00|10700.00|1|unidad||||
3|1|1682|7798130953640|1|CHUPETIN COCO POP X 17 G|1.00|unidad| |3600.00|3600.00|1|unidad||||
3|1|1682|7798130954777|1|CHUPETIN EMOTI POP 11GR|1.00|unidad| |3600.00|3600.00|1|unidad||||
3|1|1682|0000000023604|0|CIRCULAR MEMBRILLO X UN|1.00|unidad| |1700.00|1700.00|1|unidad||||
3|1|1682|7798085680516|1|CITRIC JUGO NARANJA MANGO TETRA X 500CC|1.00|unidad| |3850.00|3850.00|1|unidad||||
3|1|1682|7798085681834|1|CITRIC JUGO NARANJA TETRA X 1L|1.00|unidad| |5750.00|5750.00|1|unidad||||
3|1|1682|7798085681445|1|CITRIC JUGO NARANJA TETRA X 250CC|1.00|unidad| |2200.00|2200.00|1|unidad||||
3|1|1682|7798085681452|1|CITRIC JUGO NARANJA TETRA X 500CC|1.00|unidad| |3850.00|3850.00|1|unidad||||
3|1|1682|7798085680295|1|CITRIC JUGO NARANJA/ DURAZNO TETRA X 500CC|1.00|unidad| |3850.00|3850.00|1|unidad||||
3|1|1682|7790895000997|1|COCA-COLA X 2.25L|1.00|unidad| |8950.00|8950.00|1|unidad||||
3|1|1682|7790040659605|1|COFLER BLOCK ALFAJOR CHOCOLATE X 60 G|1.00|unidad| |3100.00|3100.00|1|unidad||||
3|1|1682|0000000018365|0|COFLER BLOCK CHOCOLATE C/LECHE Y MANI TAB.X 110GR|1.00|unidad| |8300.00|8300.00|1|unidad||||
3|1|1682|0000000015301|0|COFLER BLOCK CHOCOLATE C/LECHE Y MANI TAB.X 38GR|1.00|unidad| |3400.00|3400.00|1|unidad||||
3|1|1682|7790580105013|1|COFLER BLOCK CHOCOLATE X 170G|1.00|unidad| |14000.00|14000.00|1|unidad||||
3|1|1682|7790580115579|1|COFLER BLOCK CHOCOLATE X 1KG|1.00|unidad| |66200.00|66200.00|1|unidad||||
3|1|1682|7790580103385|1|COFLER CHOCOLATE AIREADO BCO/LECHE X 27 GR.|1.00|unidad| |3600.00|3600.00|1|unidad||||
3|1|1682|7790580103378|1|COFLER CHOCOLATE AIREADO BLANCO X 27 GR.|1.00|unidad| |3600.00|3600.00|1|unidad||||
3|1|1682|7790580115869|1|COFLER CHOCOLATE AIREADO BON O BON X 67G|1.00|unidad| |7000.00|7000.00|1|unidad||||
3|1|1682|7790580103361|1|COFLER CHOCOLATE AIREADO LECHE X 27 GR.|1.00|unidad| |3600.00|3600.00|1|unidad||||
3|1|1682|7790580043407|1|COFLER CHOCOLATE AIREADO LECHE X 55G|1.00|unidad| |7100.00|7100.00|1|unidad||||
3|1|1682|7790580003531|1|COFLER CHOCOLATE BCO&COOK X 55G|1.00|unidad| |6200.00|6200.00|1|unidad||||
3|1|1682|7790580043506|1|COFLER CHOCOLATE LECHE CON ALMENDRAS X 55G|1.00|unidad| |6200.00|6200.00|1|unidad||||
3|1|1682|0000000024109|0|CRIOLLITO X UN|1.00|unidad| |1700.00|1700.00|1|unidad||||
3|1|1682|0000000023957|0|CROISSANT J Y Q|1.00|unidad| |6400.00|6400.00|1|unidad||||
3|1|1682|7798024760798|1|CROQUE MONSIEUR J Y Q BLANCO X UN|1.00|unidad| |10100.00|10100.00|1|unidad||||
3|1|1682|7798024760804|1|CROQUE MONSIEUR J Y Q NEGRO X UN|1.00|unidad| |10100.00|10100.00|1|unidad||||
3|1|1682|0000000020568|0|CUADRADO DE PASTA FROLA|1.00|unidad| |5300.00|5300.00|1|unidad||||
3|1|1682|7795735000106|1|DON SATUR TALITAS X 140GR|1.00|unidad| |2800.00|2800.00|1|unidad||||
3|1|1682|7790206007509|1|DOS CORAZONES BOCADITO CHOC.C/LECHE RELL. X 26GR|1.00|unidad| |2200.00|2200.00|1|unidad||||
3|1|1682|7792799000035|1|ECO DE LOS ANDES AGUA CON GAS PET X 500CC.|1.00|unidad| |3300.00|3300.00|1|unidad||||
3|1|1682|7798128000486|1|EL CACHAFAZ ALFAJOR BLANCO FLOWPACK X 60 GR|1.00|unidad| |3300.00|3300.00|1|unidad||||
3|1|1682|7798128000462|1|EL CACHAFAZ ALFAJOR CHOCOLATE FLOWPACK X 60 GR|1.00|unidad| |3200.00|3200.00|1|unidad||||
3|1|1682|7798128001940|1|EL CACHAFAZ ALFAJOR DE MAICENA X 76G|1.00|unidad| |3300.00|3300.00|1|unidad||||
3|1|1682|7798128001797|1|EL CACHAFAZ CONITO DULCE DE LECHE X 38G|1.00|unidad| |2700.00|2700.00|1|unidad||||
3|1|1682|7798024760569|1|ENSALADA CESAR  PREMIUM X UN|1.00|unidad| |14300.00|14300.00|1|unidad||||
3|1|1682|7798024760392|1|ENSALADA CHEF PREMIUM X UN|1.00|unidad| |14300.00|14300.00|1|unidad||||
3|1|1682|7798024766417|1|ENSALADA MIX VEG.C/PECHUGUITAS AL SESAMO X UN|1.00|unidad| |14300.00|14300.00|1|unidad||||
3|1|1682|7613035242524|1|EPA DDL MAX 88GR|1.00|unidad| |6800.00|6800.00|1|unidad||||
3|1|1682|7613035242500|1|EPA ROCKER X 88G|1.00|unidad| |6800.00|6800.00|1|unidad||||
3|1|1682|7898024390121|1|FERRERO ROCHER BOMBON CHOC.RELL.PAQ.3 UNID X 37.5G|1.00|unidad| |5600.00|5600.00|1|unidad||||
3|1|1682|7798024760255|1|FIGAZZITAS DE SALAME Y QUESO X 2 UN|1.00|unidad| |9100.00|9100.00|1|unidad||||
3|1|1682|7798147780062|1|Franui sabor Black 150gr|1.00|unidad| |8500.00|8500.00|1|unidad||||
3|1|1682|7798147783223|1|Franui sabor Leche 150gr|1.00|unidad| |8500.00|8500.00|1|unidad||||
3|1|1682|7790070431936|1|Gallo YoguBar 20gr|1.00|unidad| |1800.00|1800.00|1|unidad||||
3|1|1682|0067061111111|1|GATORADE COOL BLUE PET X 500CC|1.00|unidad| |4300.00|4300.00|1|unidad||||
3|1|1682|0071971211111|1|GATORADE FRUTOS TROPICALES PET X 750CC|1.00|unidad| |5200.00|5200.00|1|unidad||||
3|1|1682|0066011111111|1|GATORADE MANZANA PET X 500CC|1.00|unidad| |4300.00|4300.00|1|unidad||||
3|1|1682|0042831111111|1|GATORADE MANZANA PET X 750CC|1.00|unidad| |5100.00|5100.00|1|unidad||||
3|1|1682|0006602111111|1|GATORADE NARANJA PET X 500CC|1.00|unidad| |4300.00|4300.00|1|unidad||||
3|1|1682|7798024766103|1|GRANDWICH PANINI GRIGLIATTI JAM/QUE/TOM/HUE X 210G|1.00|unidad| |7350.00|7350.00|1|unidad||||
3|1|1682|0000000023445|0|HALLS FREE MENTA X 28 G|1.00|unidad| |1500.00|1500.00|1|unidad||||
3|1|1682|7791249450277|1|HALLS MENTA LYPTUS CARAMELOS DUROS PAQ.X 28G|1.00|unidad| |1300.00|1300.00|1|unidad||||
3|1|1682|0000000023603|0|ICEDREAM CIRCULAR PASTELERA X UN|1.00|unidad| |1700.00|1700.00|1|unidad||||
3|1|1682|0028411111111|1|JORGITO ALFAJOR BLANCO X 50G|1.00|unidad| |1800.00|1800.00|1|unidad||||
3|1|1682|0011111112842|1|JORGITO ALFAJOR CHOCOLATE X 55G|1.00|unidad| |1800.00|1800.00|1|unidad||||
3|1|1682|7790957000545|1|JORGITO MINI ALFAJOR CHOCOLATE PAQ.X 6 UNID.|1.00|unidad| |4900.00|4900.00|1|unidad||||
3|1|1682|7790957000538|1|JORGITO MINI ALFAJOR GLACEADO PAQ.X 6 UNID.X 155GR|1.00|unidad| |4900.00|4900.00|1|unidad||||
3|1|1682|0000080052760|1|KINDER BUENO OBLEA CHOCOLATE CON LECHE X 43G|1.00|unidad| |4900.00|4900.00|1|unidad||||
3|1|1682|0000077949677|1|KINDER CHOCOLATE X 50G|1.00|unidad| |5700.00|5700.00|1|unidad||||
3|1|1682|7891000379073|1|KIT KAT DARK OBLEA BAÑADA CHOCOLATE X 41.5G|1.00|unidad| |3000.00|3000.00|1|unidad||||
3|1|1682|7891000379028|1|KIT KAT OBLEA BAÑADA CHOCOLATE BLANCO X 41.5G|1.00|unidad| |3000.00|3000.00|1|unidad||||
3|1|1682|7791337007260|1|Leche chocolatada Cindor 200ml|1.00|unidad| |3800.00|3800.00|1|unidad||||
3|1|1682|7791337007253|1|Leche chocolatada Cindor x 1L|1.00|unidad| |11500.00|11500.00|1|unidad||||
3|1|1682|7798368470391|1|LUCCIANO´S CHANTILLY X 100GR (02)|1.00|unidad| |7400.00|7400.00|1|unidad||||
3|1|1682|7798368470384|1|LUCCIANO´S CHOCOLATE C/CROCANTE X 100GR (01)|1.00|unidad| |7400.00|7400.00|1|unidad||||
3|1|1682|7798368470421|1|LUCCIANO´S CHOCOLATE X 90GR (05)|1.00|unidad| |7400.00|7400.00|1|unidad||||
3|1|1682|7798368470438|1|LUCCIANO´S DDL C/ CROCANTE X 90GR (06)|1.00|unidad| |7400.00|7400.00|1|unidad||||
3|1|1682|0000000024240|0|LUCCIANO´S DDL X 90GR (03)|1.00|unidad| |6000.00|6000.00|1|unidad||||
3|1|1682|7798368470476|1|LUCCIANO´S MINION ICE POP X 100GR (10)|1.00|unidad| |7900.00|7900.00|1|unidad||||
3|1|1682|7798368470469|1|LUCCIANO´S OLI KING X 90GR (09)|1.00|unidad| |7800.00|7800.00|1|unidad||||
3|1|1682|7798368470735|1|LUCCIANO´S PISTACCHIO X 95GR (08)|1.00|unidad| |7800.00|7800.00|1|unidad||||
3|1|1682|7798368470414|1|LUCCIANO´S SORBETE PATAGONIA X 90GR (04)|1.00|unidad| |7400.00|7400.00|1|unidad||||
3|1|1682|7613034797469|1|LUXOR BOMBON HELADO 53G|1.00|unidad| |3100.00|3100.00|1|unidad||||
3|1|1682|7797453001441|1|M&M Chocolate 48 Grs|1.00|unidad| |5000.00|5000.00|1|unidad||||
3|1|1682|7797453001458|1|M&M MANI PAQ. X 49 GR|1.00|unidad| |5000.00|5000.00|1|unidad||||
3|1|1682|7790387015324|1|MAÑANITA YERBA 4FLEX X 500 GR|1.00|unidad| |4600.00|4600.00|1|unidad||||
3|1|1682|7790206006106|1|MARROC BOCADITO X 14 GR.|1.00|unidad| |1250.00|1250.00|1|unidad||||
3|1|1682|7798024760125|1|MAX PREMIUM JyQ-TOM-HUE- PAN NGO X UN|1.00|unidad| |10600.00|10600.00|1|unidad||||
3|1|1682|7798024766172|1|MAX PREMIUM POLLO-RU-PAR-PAN NGO X UN|1.00|unidad| |10600.00|10600.00|1|unidad||||
3|1|1682|7798024760552|1|MAX TRIANGULO LIGHT POLLO-LEC-PAN NGO X UN|1.00|unidad| |10600.00|10600.00|1|unidad||||
3|1|1682|0000000023602|0|MEDIALUNA DE GRASA X UN|1.00|unidad| |1700.00|1700.00|1|unidad||||
3|1|1682|0000000023601|0|MEDIALUNA DE MANTECA X UN|1.00|unidad| |1700.00|1700.00|1|unidad||||
3|1|1682|7891000120057|1|MEGA AMERICANA CON ALMENDRAS X 74g|1.00|unidad| |7600.00|7600.00|1|unidad||||
3|1|1682|0000000020546|0|MENTHO-PLUS ACIDOS CEREZA X 27.2G|1.00|unidad| |1900.00|1900.00|1|unidad||||
3|1|1682|0000000020540|0|MENTHO-PLUS ACIDOS NARANJA X 27.2G|1.00|unidad| |1900.00|1900.00|1|unidad||||
3|1|1682|0000000021660|0|MENTHO-PLUS CARAMELOS INHALANTES DE CEREZA X 29.4G|1.00|unidad| |1000.00|1000.00|1|unidad||||
3|1|1682|0000000021663|0|MENTHO-PLUS CARAMELOS INHALANTES MIEL X 29.4G|1.00|unidad| |1000.00|1000.00|1|unidad||||
3|1|1682|0000000021661|0|MENTHO-PLUS CARAMELOS INHALANTES STRONG X 29.4G|1.00|unidad| |1000.00|1000.00|1|unidad||||
3|1|1682|0000000017476|0|MENTHO-PLUS CARAMELOS SIN AZUCAR CHERRY X 27.3G|1.00|unidad| |1900.00|1900.00|1|unidad||||
3|1|1682|0000000017474|0|MENTHO-PLUS CARAMELOS SIN AZUCAR MENTOL X 27.3G|1.00|unidad| |1900.00|1900.00|1|unidad||||
3|1|1682|0000000021664|0|MENTHOPLUS MENTA X 29.4G|1.00|unidad| |1000.00|1000.00|1|unidad||||
3|1|1682|0000000021662|0|MENTHOPLUS MENTOL X 29.4G|1.00|unidad| |1000.00|1000.00|1|unidad||||
3|1|1682|0000000021044|0|MENTHOPLUS ZERO CARAMELOS DURAZNO X 26.6G|1.00|unidad| |1900.00|1900.00|1|unidad||||
3|1|1682|0000000021047|0|MENTHOPLUS ZERO CARAMELOS STRONG X 26.6G|1.00|unidad| |1900.00|1900.00|1|unidad||||
3|1|1682|7895144699851|1|MENTOS CARAMELOS MASTICABLES SAB.FRUTA X 29.7GR|1.00|unidad| |1300.00|1300.00|1|unidad||||
3|1|1682|7895144699844|1|MENTOS CARAMELOS MASTICABLES SAB.MENTA X 29.7GR|1.00|unidad| |1300.00|1300.00|1|unidad||||
3|1|1682|0000000021770|0|MERMELADAS X UNIDAD|1.00|unidad| |60.00|60.00|1|unidad||||
3|1|1682|0000077903785|1|MILKA ALFAJOR MOUSSE TRIPLE X 55 GR.|1.00|unidad| |3000.00|3000.00|1|unidad||||
3|1|1682|7622300457303|1|MILKA ALFAJOR TRIPLE BLANCO X 55G|1.00|unidad| |3000.00|3000.00|1|unidad||||
3|1|1682|7622300844967|1|MILKA CHOCOLATE BLANCO CON DULCE DE LECHE X 67.5G|1.00|unidad| |7200.00|7200.00|1|unidad||||
3|1|1682|7622300844943|1|MILKA CHOCOLATE C DULCE DE LECHE X 67.5G|1.00|unidad| |7400.00|7400.00|1|unidad||||
3|1|1682|0000000021565|0|MILKA CHOCOLATE C/LECHE ALMENDRAS|1.00|unidad| |3510.00|3510.00|1|unidad||||
3|1|1682|7622300990114|1|MILKA CHOCOLATE CON LECHE X 150G|1.00|unidad| |14100.00|14100.00|1|unidad||||
3|1|1682|7622201818937|1|MILKA LEGER CHOCOLATE LECHE TABLETA X 50G|1.00|unidad| |6100.00|6100.00|1|unidad||||
3|1|1682|7790580116958|1|MOGUL CARAMELO DE GOMA DINOS X 30G|1.00|unidad| |850.00|850.00|1|unidad||||
3|1|1682|7790580129507|1|MOGUL CARAMELOS DE GOMA ACIDOS BOLSA X 60G|1.00|unidad| |1400.00|1400.00|1|unidad||||
3|1|1682|7790580169312|1|MOGUL CARAMELOS DE GOMA CEREBRITOS X 30G|1.00|unidad| |1200.00|1200.00|1|unidad||||
3|1|1682|7790580116460|1|MOGUL CARAMELOS DE GOMA EXTREME ACIDO ROLLO X 35G|1.00|unidad| |1200.00|1200.00|1|unidad||||
3|1|1682|7790580603809|1|MOGUL CARAMELOS DE GOMA FRUTALES ROLLO X 35G|1.00|unidad| |1200.00|1200.00|1|unidad||||
3|1|1682|7790580199913|1|MOGUL CARAMELOS DE GOMA OSITOS X 30 GR|1.00|unidad| |1200.00|1200.00|1|unidad||||
3|1|1682|7790580200114|1|MOGUL CARAMELOS DE GOMA TIBURON X 30G|1.00|unidad| |1200.00|1200.00|1|unidad||||
3|1|1682|7798422620014|1|MONSTER ENERGY GREEN X 473CC|1.00|unidad| |5500.00|5500.00|1|unidad||||
3|1|1682|7798422620045|1|MONSTER MANGO LOCO 473|1.00|unidad| |5500.00|5500.00|1|unidad||||
3|1|1682|7798422620021|1|MONSTER ULTRA x 473 CC|1.00|unidad| |5500.00|5500.00|1|unidad||||
3|1|1682|1111111111142|1|MUFFIN CHIPS CHOC X UN|1.00|unidad| |4300.00|4300.00|1|unidad||||
3|1|1682|1111111111145|1|MUFFIN VAINILLA C/DDL X UN|1.00|unidad| |4300.00|4300.00|1|unidad||||
3|1|1682|7798304841261|1|NESQUIK NUTRIACTIV B HEL.CHOCOLATE CON CALCIN-N|1.00|unidad| |1900.00|1900.00|1|unidad||||
3|1|1682|7622210723468|1|OREO GALLETITAS BAÑADAS CHOCOLATE x17gr|1.00|unidad| |210.00|210.00|1|unidad||||
3|1|1682|7899975800523|1|Oreo Palito AR 20 x 65g|1.00|unidad| |6800.00|6800.00|1|unidad||||
3|1|1682|7899975800509|1|OREO SANDWICH AR 81GR|1.00|unidad| |6800.00|6800.00|1|unidad||||
3|1|1682|7798304841124|1|OREO TACITA X 95G|1.00|unidad| |6800.00|6800.00|1|unidad||||
3|1|1682|0000000024088|0|PAN DE CHOCOLATE X UN|1.00|unidad| |4300.00|4300.00|1|unidad||||
3|1|1682|7798024766110|1|PANINI GRIGLIATTI DE PECETO X 210G|1.00|unidad| |7350.00|7350.00|1|unidad||||
3|1|1682|7791007000764|1|PAÑUELOS DESCARTABLES CAJA X 75 UNID|1.00|unidad| |3600.00|3600.00|1|unidad||||
3|1|1682|7791070003482|1|PAÑUELOS DESCARTABLES X UNID|1.00|unidad| |700.00|700.00|1|unidad||||
3|1|1682|7798024760781|1|PEBETE PECHUGA CRISPY X UN|1.00|unidad| |10200.00|10200.00|1|unidad||||
3|1|1682|7798024760361|1|PECHUGA GRILLE C/VEGETAL DEL HUERTO X UN|1.00|unidad| |12700.00|12700.00|1|unidad||||
3|1|1682|0000077915481|1|PEPITOS ALFAJOR TRIPLE DE CHOCOLATE X 57GR|1.00|unidad| |3000.00|3000.00|1|unidad||||
3|1|1682|7791813828365|1|PEPSI BLACK PET X 500CC|1.00|unidad| |3450.00|3450.00|1|unidad||||
3|1|1682|1111111111200|1|PICO DULCE CHUPETIN X 14 GR.|1.00|unidad| |500.00|500.00|1|unidad||||
3|1|1682|7790895641183|1|POWERADE FRUTAS TROPICALES PET X 500CC|1.00|unidad| |3500.00|3500.00|1|unidad||||
3|1|1682|7790895640018|1|POWERADE MANZANA PET X 500CC|1.00|unidad| |3500.00|3500.00|1|unidad||||
3|1|1682|7790895640025|1|POWERADE MOUNTAIN BLAST PET X 500CC|1.00|unidad| |3500.00|3500.00|1|unidad||||
3|1|1682|7791519200021|1|PRIME PRESERVATIVO ANATOMICO CAJA X 3 UNID.|1.00|unidad| |6300.00|6300.00|1|unidad||||
3|1|1682|7791519200076|1|PRIME PRESERVATIVO ESPERMICIDA CAJA X 3 UNID.|1.00|unidad| |6300.00|6300.00|1|unidad||||
3|1|1682|7791519000676|1|PRIME PRESERVATIVO EXTRA LUBRICADO CAJA X 3 UNID.|1.00|unidad| |6300.00|6300.00|1|unidad||||
3|1|1682|7791519200045|1|PRIME PRESERVATIVO SUPERFINO CAJA X 3 UNID.|1.00|unidad| |6300.00|6300.00|1|unidad||||
3|1|1682|7791519200090|1|PRIME PRESERVATIVO TACHAS CAJA X 3 UNID.|1.00|unidad| |6300.00|6300.00|1|unidad||||
3|1|1682|7791519200069|1|PRIME PRESERVATIVO TEXTURADO CAJA X 3 UNID.|1.00|unidad| |6300.00|6300.00|1|unidad||||
3|1|1682|7790742167101|1|Queso Finlandia Chef Cheddar 150gr PAQUETE INSUMO|1.00|unidad| |685.00|685.00|1|unidad||||
3|1|1682|0045011111111|1|RED BULL ENERGY DRINK LATA X 250 CC|1.00|unidad| |5500.00|5500.00|1|unidad||||
3|1|1682|0000090435225|1|RED BULL ENERGY DRINK LATA X 355 CC|1.00|unidad| |6900.00|6900.00|1|unidad||||
3|1|1682|9002490232054|1|RED BULL ENERGY DRINK SUGAR FREE LATA X 250CC|1.00|unidad| |5500.00|5500.00|1|unidad||||
3|1|1682|7790580327415|1|ROCKLETS CONFITES DE CHOCOLATE PAQ. X 40 GR|1.00|unidad| |3100.00|3100.00|1|unidad||||
3|1|1682|7790580327613|1|ROCKLETS NARANJA MANI C/CHOCOLATE CONFITADO X 40G|1.00|unidad| |3100.00|3100.00|1|unidad||||
3|1|1682|7798024760507|1|ROLL CHICKEN CAESAR X 210GR|1.00|unidad| |10600.00|10600.00|1|unidad||||
3|1|1682|0000000023605|0|SACRAMENTO MEMBRILLO X UN|1.00|unidad| |1700.00|1700.00|1|unidad||||
3|1|1682|7790580716806|1|SALADIX GALLETITAS SAB. CALABRESA CAJA X 100G|1.00|unidad| |3200.00|3200.00|1|unidad||||
3|1|1682|7790580716707|1|SALADIX GALLETITAS SAB. JAMON CAJA X 100G|1.00|unidad| |3200.00|3200.00|1|unidad||||
3|1|1682|7790580697303|1|SALADIX GALLETITAS SAB. PIZZA CAJA X 100G|1.00|unidad| |3200.00|3200.00|1|unidad||||
3|1|1682|7790040374607|1|SALADIX GALLETITAS SAB.DUO CAJA X 80G|1.00|unidad| |3200.00|3200.00|1|unidad||||
3|1|1682|7790040123434|1|SALADIX GALLETITAS SAB.KESITOS X80G|1.00|unidad| |2700.00|2700.00|1|unidad||||
3|1|1682|0000077956699|1|SHOT ALFAJOR TRISHOT TRIPLE X 60G|1.00|unidad| |3000.00|3000.00|1|unidad||||
3|1|1682|7622300424084|1|SHOT CHOCOLATE CON LECHE Y MANI TABLETA X 170 GR|1.00|unidad| |12500.00|12500.00|1|unidad||||
3|1|1682|0000077914217|1|SHOT CHOCOLATE LECHE CON MANI TABLETA X 35G|1.00|unidad| |3000.00|3000.00|1|unidad||||
3|1|1682|7798304841803|1|SIN PARAR CHOCOLATE DULCE DE LECHE X 90G|1.00|unidad| |3000.00|3000.00|1|unidad||||
3|1|1682|7798304841797|1|SIN PARAR DULCE DE LECHE Y AMERICANA X 90G|1.00|unidad| |3000.00|3000.00|1|unidad||||
3|1|1682|7798304841780|1|SIN PARAR FRUTILLA CREMA X 90G|1.00|unidad| |3000.00|3000.00|1|unidad||||
3|1|1682|0022000018465|1|SKITTLES CONFITES ORIGINAL FRUIT PAQ.X 61.5GR|1.00|unidad| |4700.00|4700.00|1|unidad||||
3|1|1682|0022000018489|1|SKITTLES CONFITES WILDBERRY PAQ.X 61.5GR|1.00|unidad| |4700.00|4700.00|1|unidad||||
3|1|1682|7790895646027|1|SMART WATER C/G 591 ML|1.00|unidad| |3500.00|3500.00|1|unidad||||
3|1|1682|7790895645778|1|SMART WATER S/G 591 ML|1.00|unidad| |3500.00|3500.00|1|unidad||||
3|1|1682|7506174512248|1|SNICKERS BARRA RELL.MANI CUB.C/CHOCOLATE X 48 GR|1.00|unidad| |4700.00|4700.00|1|unidad||||
3|1|1682|0522111111111|1|SPEED UNLIMITED LATA X 250CC|1.00|unidad| |4200.00|4200.00|1|unidad||||
3|1|1682|0040000000518|1|STARBURST CARAMELO MASTICABLE SURTIDO PAQ.X 58.7G|1.00|unidad| |5100.00|5100.00|1|unidad||||
3|1|1682|7790580060206|1|SUGUS CARAMELO MASTICABLE SUELTO X 3.3 GR|1.00|unidad| |50.00|50.00|1|unidad||||
3|1|1682|7790580056001|1|SUGUS CONFITADOS CONFITES DE CARAMELO SURT.X 50 G|1.00|unidad| |2000.00|2000.00|1|unidad||||
3|1|1682|7790387000849|1|TARAGUI MATE COCIDO X 25 UNID S ENS|1.00|unidad| |135.00|135.00|1|unidad||||
3|1|1682|0029601111111|1|TARAGUI MATE LISTO X 35 GR.|1.00|unidad| |4000.00|4000.00|1|unidad||||
3|1|1682|0029621111111|1|TARAGUI TERMO MATE-LISTO CAPACIDAD 500 CC.|1.00|unidad| |5900.00|5900.00|1|unidad||||
3|1|1682|7790387013627|1|TARAGUI YERBA 4FLEX X 500 GR.|1.00|unidad| |4600.00|4600.00|1|unidad||||
3|1|1682|0000077939234|1|TERRABUSI ALFAJOR CHOCOLATE X 50 GR|1.00|unidad| |2000.00|2000.00|1|unidad||||
3|1|1682|0000077903792|1|TERRABUSI ALFAJOR TRIPLE CHOCOLATE X 70G.|1.00|unidad| |3000.00|3000.00|1|unidad||||
3|1|1682|0000077903860|1|TERRABUSI ALFAJOR TRIPLE TIPO TORTA CHOCOLAT.X 70G|1.00|unidad| |3000.00|3000.00|1|unidad||||
3|1|1682|7622300335052|1|TERRABUSI SNACKY X 60GR|1.00|unidad| |4600.00|4600.00|1|unidad||||
3|1|1682|7861002910314|1|TIC TAC PASTILLAS SABOR MENTA CAJA X 16 GR.|1.00|unidad| |1600.00|1600.00|1|unidad||||
3|1|1682|7861002910321|1|TIC TAC PASTILLAS SABOR NARANJA CAJA X 16 GR.|1.00|unidad| |1600.00|1600.00|1|unidad||||
3|1|1682|7790580746612|1|TOFI CHOCOLATE C/LECHE RELLENO D.LECHE X 55G|1.00|unidad| |420.00|420.00|1|unidad||||
3|1|1682|7798024760354|1|TOP PBT DE JAMON COCIDO Y QUESO X UN|1.00|unidad| |9100.00|9100.00|1|unidad||||
3|1|1682|0000000019823|0|TOPLINE 7 CHICLE S/AZUCAR ATM STRONG X 14G|1.00|unidad| |2300.00|2300.00|1|unidad||||
3|1|1682|0000000018843|0|TOPLINE 7 CHICLE S/AZUCAR MANDARINA  CAJA X 14G|1.00|unidad| |2300.00|2300.00|1|unidad||||
3|1|1682|7790580120573|1|TOPLINE 7 ULTRA CLEAN X 24G|1.00|unidad| |3600.00|3600.00|1|unidad||||
3|1|1682|7790580120702|1|TOPLINE 7 ULTRA GREEN MINT X 24G|1.00|unidad| |3600.00|3600.00|1|unidad||||
3|1|1682|7790580121013|1|TOPLINE 7 ULTRA RED BERRY X 24G|1.00|unidad| |3600.00|3600.00|1|unidad||||
3|1|1682|7798304841421|1|TORPEDO FRUTILLA|1.00|unidad| |2100.00|2100.00|1|unidad||||
3|1|1682|7798304841414|1|TORPEDO LIMON|1.00|unidad| |2100.00|2100.00|1|unidad||||
3|1|1682|7798024760460|1|TRIPLE MIGA BLANCO J.COCIDO Y QUESO X 3 UN|1.00|unidad| |9600.00|9600.00|1|unidad||||
3|1|1682|7798024760477|1|TRIPLE MIGA NEGRO J.COCIDO Y QUESO X 3 UN|1.00|unidad| |9600.00|9600.00|1|unidad||||
3|1|1682|7622202839962|1|VARIEDAD GALLETITAS DULCES SURTIDAS X 390GR.|1.00|unidad|VARIEDAD|5800.00|5800.00|1|unidad||||
3|1|1682|0016871111111|1|VASO REUTILIZABLE|1.00|unidad| |4500.00|4500.00|1|unidad||||
3|1|1682|0000000004361|0|VAUQUITA TABLETA DE DULCE DE LECHE X 25 GR.|1.00|unidad| |190.00|190.00|1|unidad||||
3|1|1682|7790315100184|1|VDS LEVITE CERO AGUA S/G MANZANA PET X 500cc|1.00|unidad| |3450.00|3450.00|1|unidad||||
3|1|1682|0021352111111|1|VDS LEVITE CERO AGUA S/G NARANJA PET X 500cc|1.00|unidad| |3450.00|3450.00|1|unidad||||
3|1|1682|0021347111111|1|VILLA DEL SUR LEVITE S/G MANZANA PET X 500cc|1.00|unidad| |3450.00|3450.00|1|unidad||||
3|1|1682|7798062548655|1|VILLA DEL SUR LEVITE S/G NARANJA PET X 500cc|1.00|unidad| |3450.00|3450.00|1|unidad||||
3|1|1682|0021349111111|1|VILLA DEL SUR LEVITE S/G PERA PET X 500cc|1.00|unidad| |3450.00|3450.00|1|unidad||||
3|1|1682|7799155000982|1|VILLA DEL SUR LEVITE S/G POMELO PET X 500cc|1.00|unidad| |3450.00|3450.00|1|unidad||||
3|1|1682|7799155000210|1|VILLAVICENCIO AGUA FINAMENTE GASIFICADA PET X 1.5L|1.00|unidad| |5300.00|5300.00|1|unidad||||
3|1|1682|7799155000203|1|VILLAVICENCIO AGUA FINAMENTE GASIFICADA PET X 500C|1.00|unidad| |3650.00|3650.00|1|unidad||||
3|1|1682|0022000293220|1|Wrigleys Doubl 12.5g|1.00|unidad| |2600.00|2600.00|1|unidad||||
3|1|1682|0022000293305|1|Wrigleys Spear 12.5g|1.00|unidad| |2600.00|2600.00|1|unidad||||
3|1|1682|7791337010826|1|Yogurisimo Botellita Frutilla x 190g|1.00|unidad| |5500.00|5500.00|1|unidad||||
3|1|1682|7798187760246|1|ZAFRAN BARRA DE CEREAL ALM/COCO X 28G|1.00|unidad| |1900.00|1900.00|1|unidad||||
3|1|1682|7798187760277|1|ZAFRAN BARRA DE CEREAL CAJU/ZAPALLO 28G|1.00|unidad| |1900.00|1900.00|1|unidad||||
3|1|1682|7798187760253|1|ZAFRAN BARRA DE CEREAL MANI/CACAO 28G|1.00|unidad| |1900.00|1900.00|1|unidad||||
3|1|1682|7798187760260|1|ZAFRAN BARRA DE CEREAL MZNA/CHIA 28G|1.00|unidad| |1900.00|1900.00|1|unidad||||
3|1|1695|7791813434412|1|7UP FREE PET X 1.5L|1.00|unidad| |4700.00|4700.00|1|unidad||||
3|1|1695|0000000023897|0|AFEITADORA BIC COMFORT  3|1.00|unidad| |820.00|820.00|1|unidad||||
3|1|1695|7790580109882|1|AGUILA EXTRAFINO 60% CACAO X 150 GR|1.00|unidad| |15200.00|15200.00|1|unidad||||
3|1|1695|7790040133594|1|AGUILA MINITORTA BROWNIE X 72G|1.00|unidad| |2800.00|2800.00|1|unidad||||
3|1|1695|7790040298705|1|AGUILA MINITORTA DDLECHE/MOUSSE SAB.VAINILLA X 72G|1.00|unidad| |2800.00|2800.00|1|unidad||||
3|1|1695|0000000023956|0|ALFAJOR CHOCOLATE|1.00|unidad| |2100.00|2100.00|1|unidad||||
3|1|1695|0000000023280|0|ALFAJORES DE MAICENA|1.00|unidad| |2100.00|2100.00|1|unidad||||
3|1|1695|7790580607418|1|ARCOR CHOCOLATE BLANCO TABLETA X 25 GR|1.00|unidad| |2200.00|2200.00|1|unidad||||
3|1|1695|7790580607210|1|ARCOR CHOCOLATE CON LECHE TABLETA X 25GR|1.00|unidad| |2200.00|2200.00|1|unidad||||
3|1|1695|0000000001339|0|ARCOR OBLEA RELLENA C/PASTA DE TURRON Y MANI X 25G|1.00|unidad| |700.00|700.00|1|unidad||||
3|1|1695|7793360294600|1|BC JUGO MANZANA TETRA X 200CC|1.00|unidad| |1100.00|1100.00|1|unidad||||
3|1|1695|7793360246609|1|BC JUGO NARANJA TETRA X 200CC.|1.00|unidad| |1100.00|1100.00|1|unidad||||
3|1|1695|7790580154264|1|BEB MULTIFRUTA BC 24X200ML|1.00|unidad| |1100.00|1100.00|1|unidad||||
3|1|1695|7792730020559|1|BIZNIKKE NEVADO CHOCOLATE TABLETA X 120 GR.|1.00|unidad| |8900.00|8900.00|1|unidad||||
3|1|1695|7790580722708|1|BOMBON TOFI LECHE X 15G|1.00|unidad| |1800.00|1800.00|1|unidad||||
3|1|1695|7790040613607|1|Bon O Bon Alfajor Chocolate Blanco x40 gr|1.00|unidad| |1800.00|1800.00|1|unidad||||
3|1|1695|7790040613706|1|BON O BON ALFAJOR CHOCOLATE NEGRO/LECHE X 40G|1.00|unidad| |1800.00|1800.00|1|unidad||||
3|1|1695|0000000021586|0|BON-O-BON BOMBON AGUILA X 15G|1.00|unidad| |1100.00|1100.00|1|unidad||||
3|1|1695|7790580119058|1|BON-O-BON BOMBON CHOCOLATE BLANCO X 15G|1.00|unidad| |1100.00|1100.00|1|unidad||||
3|1|1695|0000000021587|0|BON-O-BON BOMBON CHOCOLINA X 15G|1.00|unidad| |1100.00|1100.00|1|unidad||||
3|1|1695|7792360072409|1|BONAFIDE BOCADITO DDL X 16G|1.00|unidad| |1600.00|1600.00|1|unidad||||
3|1|1695|0000000021151|0|BROWNIE ARTESANAL|1.00|unidad| |5300.00|5300.00|1|unidad||||
3|1|1695|0000000023273|0|BUDIN BANANA Y DDL|1.00|unidad| |4800.00|4800.00|1|unidad||||
3|1|1695|0000000021701|0|BUDIN DE FRUTOS SECOS|1.00|unidad| |4800.00|4800.00|1|unidad||||
3|1|1695|0000000021700|0|BUDIN DE LIMON Y ARANDANOS|1.00|unidad| |4800.00|4800.00|1|unidad||||
3|1|1695|7790407022011|1|CABSHA BOCADITO X 10G|1.00|unidad| |1000.00|1000.00|1|unidad||||
3|1|1695|7798128000271|1|CACHAFAZ ALFAJOR MOUSSE X 50G|1.00|unidad| |3200.00|3200.00|1|unidad||||
3|1|1695|7622201818739|1|CADBURY CHOCOLATE C/LECHE TRES SUEÑOS X 82G|1.00|unidad| |7800.00|7800.00|1|unidad||||
3|1|1695|7622201818654|1|CADBURY CHOCOLATE RELLENO YOGHURT FRUTILLA X 29G|1.00|unidad| |3300.00|3300.00|1|unidad||||
3|1|1695|7622202271250|1|Caram. Halls 12u Strong Nvo|1.00|unidad| |1300.00|1300.00|1|unidad||||
3|1|1695|7622202247286|1|Caram. Halls Cherry Nvo 28 Grs|1.00|unidad| |1300.00|1300.00|1|unidad||||
3|1|1695|7790895649301|1|CEPITA 20% NARANJA 200ML|1.00|unidad| |2100.00|2100.00|1|unidad||||
3|1|1695|7790895009853|1|CEPITA JUGO MANZANA BOTELLA X 1L|1.00|unidad| |5800.00|5800.00|1|unidad||||
3|1|1695|7790895000720|1|CEPITA JUGO MANZANA TETRA X 200CC.|1.00|unidad| |2100.00|2100.00|1|unidad||||
3|1|1695|7790895647017|1|CEPITA JUGO MANZANA ZINC TETRA X 1 LT.|1.00|unidad| |4200.00|4200.00|1|unidad||||
3|1|1695|7790895000737|1|CEPITA JUGO MULTIFRUTA TETRA X 200CC|1.00|unidad| |2100.00|2100.00|1|unidad||||
3|1|1695|7790895647123|1|CEPITA JUGO MULTIFRUTA ZINC TETRA X 1 LT.|1.00|unidad| |4200.00|4200.00|1|unidad||||
3|1|1695|7790895648267|1|CEPITA NARANJA 20% 1L|1.00|unidad| |4200.00|4200.00|1|unidad||||
3|1|1695|7790895009815|1|CEPITA NARANJA 995CC|1.00|unidad| |5800.00|5800.00|1|unidad||||
3|1|1695|0000000022630|0|CEREAL MIX BARRA DE CEREAL C/FRUTILLA&YOGHURT X26G|1.00|unidad| |1700.00|1700.00|1|unidad||||
3|1|1695|0000000001341|0|CEREAL MIX BARRA DE CEREAL X 23G|1.00|unidad| |1700.00|1700.00|1|unidad||||
3|1|1695|0000000022631|0|CEREAL MIX BARRA DE CEREAL YOGH/FRUTIL.L.X26g|1.00|unidad| |1700.00|1700.00|1|unidad||||
3|1|1695|7790580123345|1|CH. TL7 MENTHOL 20X16X14G|1.00|unidad| |1900.00|1900.00|1|unidad||||
3|1|1695|0000000019822|0|CH. TL7 VIBR. STRAW. 20X16X14G|1.00|unidad| |1900.00|1900.00|1|unidad||||
3|1|1695|7790580104252|1|CH. TL7 VIOL. CHERRY 20X16X14G|1.00|unidad| |1900.00|1900.00|1|unidad||||
3|1|1695|7790580317607|1|CH. TL7 XPLOS. MINT 20X16X14G|1.00|unidad| |1900.00|1900.00|1|unidad||||
3|1|1695|8445290701961|1|Choc Bananita Dolca 30 grs|1.00|unidad| |2200.00|2200.00|1|unidad||||
3|1|1695|8445290701596|1|Choc. Bananita Dolca 14grs|1.00|unidad| |1200.00|1200.00|1|unidad||||
3|1|1695|7622202328947|1|Choc. Milka 55g Leche NVO|1.00|unidad| |6100.00|6100.00|1|unidad||||
3|1|1695|7790070418296|1|Chocoarroz Blanco est. 22g|1.00|unidad| |1800.00|1800.00|1|unidad||||
3|1|1695|7790070418203|1|Chocoarroz DL 22 gr|1.00|unidad| |1800.00|1800.00|1|unidad||||
3|1|1695|7790580103521|1|CHOCOLATE LECHE CON CONFITES COFLER X 55 G|1.00|unidad| |5800.00|5800.00|1|unidad||||
3|1|1695|7798304840851|1|CHOMPAlmedC/SsaDDL6x180g|1.00|unidad| |10200.00|10200.00|1|unidad||||
3|1|1695|7798130953640|1|CHUPETIN COCO POP X 17 G|1.00|unidad| |3500.00|3500.00|1|unidad||||
3|1|1695|7798130954777|1|CHUPETIN EMOTI POP 11GR|1.00|unidad| |3500.00|3500.00|1|unidad||||
3|1|1695|0000000023604|0|CIRCULAR MEMBRILLO X UN|1.00|unidad| |1500.00|1500.00|1|unidad||||
3|1|1695|7798085680516|1|CITRIC JUGO NARANJA MANGO TETRA X 500CC|1.00|unidad| |3700.00|3700.00|1|unidad||||
3|1|1695|7798085681834|1|CITRIC JUGO NARANJA TETRA X 1L|1.00|unidad| |5500.00|5500.00|1|unidad||||
3|1|1695|7798085681445|1|CITRIC JUGO NARANJA TETRA X 250CC|1.00|unidad| |2100.00|2100.00|1|unidad||||
3|1|1695|7798085681452|1|CITRIC JUGO NARANJA TETRA X 500CC|1.00|unidad| |3700.00|3700.00|1|unidad||||
3|1|1695|7798085680295|1|CITRIC JUGO NARANJA/ DURAZNO TETRA X 500CC|1.00|unidad| |3700.00|3700.00|1|unidad||||
3|1|1695|7790895000997|1|COCA-COLA X 2.25L|1.00|unidad| |8500.00|8500.00|1|unidad||||
3|1|1695|7790040659605|1|COFLER BLOCK ALFAJOR CHOCOLATE X 60 G|1.00|unidad| |2800.00|2800.00|1|unidad||||
3|1|1695|0000000018365|0|COFLER BLOCK CHOCOLATE C/LECHE Y MANI TAB.X 110GR|1.00|unidad| |7800.00|7800.00|1|unidad||||
3|1|1695|0000000015301|0|COFLER BLOCK CHOCOLATE C/LECHE Y MANI TAB.X 38GR|1.00|unidad| |3100.00|3100.00|1|unidad||||
3|1|1695|7790580105013|1|COFLER BLOCK CHOCOLATE X 170G|1.00|unidad| |13200.00|13200.00|1|unidad||||
3|1|1695|7790580115579|1|COFLER BLOCK CHOCOLATE X 1KG|1.00|unidad| |62900.00|62900.00|1|unidad||||
3|1|1695|7790580103385|1|COFLER CHOCOLATE AIREADO BCO/LECHE X 27 GR.|1.00|unidad| |3300.00|3300.00|1|unidad||||
3|1|1695|7790580103378|1|COFLER CHOCOLATE AIREADO BLANCO X 27 GR.|1.00|unidad| |3300.00|3300.00|1|unidad||||
3|1|1695|7790580115869|1|COFLER CHOCOLATE AIREADO BON O BON X 67G|1.00|unidad| |6500.00|6500.00|1|unidad||||
3|1|1695|7790580103361|1|COFLER CHOCOLATE AIREADO LECHE X 27 GR.|1.00|unidad| |3300.00|3300.00|1|unidad||||
3|1|1695|7790580043407|1|COFLER CHOCOLATE AIREADO LECHE X 55G|1.00|unidad| |6600.00|6600.00|1|unidad||||
3|1|1695|7790580003531|1|COFLER CHOCOLATE BCO&COOK X 55G|1.00|unidad| |5800.00|5800.00|1|unidad||||
3|1|1695|7790580043506|1|COFLER CHOCOLATE LECHE CON ALMENDRAS X 55G|1.00|unidad| |5800.00|5800.00|1|unidad||||
3|1|1695|0000000024109|0|CRIOLLITO X UN|1.00|unidad| |1500.00|1500.00|1|unidad||||
3|1|1695|0000000023957|0|CROISSANT J Y Q|1.00|unidad| |5800.00|5800.00|1|unidad||||
3|1|1695|7798024760798|1|CROQUE MONSIEUR J Y Q BLANCO X UN|1.00|unidad| |9100.00|9100.00|1|unidad||||
3|1|1695|7798024760804|1|CROQUE MONSIEUR J Y Q NEGRO X UN|1.00|unidad| |9100.00|9100.00|1|unidad||||
3|1|1695|0000000020568|0|CUADRADO DE PASTA FROLA|1.00|unidad| |4800.00|4800.00|1|unidad||||
3|1|1695|0000000023543|0|DELIVERY MEDIALUNAS X 6 UNIDADES|1.00|unidad| |205.00|205.00|1|unidad||||
3|1|1695|7795735000106|1|DON SATUR TALITAS X 140GR|1.00|unidad| |2200.00|2200.00|1|unidad||||
3|1|1695|7790206007509|1|DOS CORAZONES BOCADITO CHOC.C/LECHE RELL. X 26GR|1.00|unidad| |2100.00|2100.00|1|unidad||||
3|1|1695|7792799000035|1|ECO DE LOS ANDES AGUA CON GAS PET X 500CC.|1.00|unidad| |3000.00|3000.00|1|unidad||||
3|1|1695|7798128000486|1|EL CACHAFAZ ALFAJOR BLANCO FLOWPACK X 60 GR|1.00|unidad| |3100.00|3100.00|1|unidad||||
3|1|1695|7798128000462|1|EL CACHAFAZ ALFAJOR CHOCOLATE FLOWPACK X 60 GR|1.00|unidad| |3000.00|3000.00|1|unidad||||
3|1|1695|7798128001940|1|EL CACHAFAZ ALFAJOR DE MAICENA X 76G|1.00|unidad| |3100.00|3100.00|1|unidad||||
3|1|1695|7798128001797|1|EL CACHAFAZ CONITO DULCE DE LECHE X 38G|1.00|unidad| |2600.00|2600.00|1|unidad||||
3|1|1695|7798024760569|1|ENSALADA CESAR  PREMIUM X UN|1.00|unidad| |13000.00|13000.00|1|unidad||||
3|1|1695|7798024760392|1|ENSALADA CHEF PREMIUM X UN|1.00|unidad| |13000.00|13000.00|1|unidad||||
3|1|1695|7798024766417|1|ENSALADA MIX VEG.C/PECHUGUITAS AL SESAMO X UN|1.00|unidad| |13000.00|13000.00|1|unidad||||
3|1|1695|7613035242524|1|EPA DDL MAX 88GR|1.00|unidad| |6500.00|6500.00|1|unidad||||
3|1|1695|7613035242500|1|EPA ROCKER X 88G|1.00|unidad| |6500.00|6500.00|1|unidad||||
3|1|1695|7898024390121|1|FERRERO ROCHER BOMBON CHOC.RELL.PAQ.3 UNID X 37.5G|1.00|unidad| |5400.00|5400.00|1|unidad||||
3|1|1695|7798024760255|1|FIGAZZITAS DE SALAME Y QUESO X 2 UN|1.00|unidad| |8200.00|8200.00|1|unidad||||
3|1|1695|7798147780062|1|Franui sabor Black 150gr|1.00|unidad| |8500.00|8500.00|1|unidad||||
3|1|1695|7798147783223|1|Franui sabor Leche 150gr|1.00|unidad| |8500.00|8500.00|1|unidad||||
3|1|1695|7790070431936|1|Gallo YoguBar 20gr|1.00|unidad| |1700.00|1700.00|1|unidad||||
3|1|1695|0067061111111|1|GATORADE COOL BLUE PET X 500CC|1.00|unidad| |3900.00|3900.00|1|unidad||||
3|1|1695|0071971211111|1|GATORADE FRUTOS TROPICALES PET X 750CC|1.00|unidad| |4700.00|4700.00|1|unidad||||
3|1|1695|0066011111111|1|GATORADE MANZANA PET X 500CC|1.00|unidad| |3900.00|3900.00|1|unidad||||
3|1|1695|0042831111111|1|GATORADE MANZANA PET X 750CC|1.00|unidad| |4600.00|4600.00|1|unidad||||
3|1|1695|0006602111111|1|GATORADE NARANJA PET X 500CC|1.00|unidad| |3900.00|3900.00|1|unidad||||
3|1|1695|7798024766103|1|GRANDWICH PANINI GRIGLIATTI JAM/QUE/TOM/HUE X 210G|1.00|unidad| |6650.00|6650.00|1|unidad||||
3|1|1695|0000000023445|0|HALLS FREE MENTA X 28 G|1.00|unidad| |1450.00|1450.00|1|unidad||||
3|1|1695|7791249450277|1|HALLS MENTA LYPTUS CARAMELOS DUROS PAQ.X 28G|1.00|unidad| |1250.00|1250.00|1|unidad||||
3|1|1695|0000000023603|0|ICEDREAM CIRCULAR PASTELERA X UN|1.00|unidad| |1500.00|1500.00|1|unidad||||
3|1|1695|0028411111111|1|JORGITO ALFAJOR BLANCO X 50G|1.00|unidad| |1600.00|1600.00|1|unidad||||
3|1|1695|0011111112842|1|JORGITO ALFAJOR CHOCOLATE X 55G|1.00|unidad| |1600.00|1600.00|1|unidad||||
3|1|1695|7790957000545|1|JORGITO MINI ALFAJOR CHOCOLATE PAQ.X 6 UNID.|1.00|unidad| |4600.00|4600.00|1|unidad||||
3|1|1695|7790957000538|1|JORGITO MINI ALFAJOR GLACEADO PAQ.X 6 UNID.X 155GR|1.00|unidad| |4600.00|4600.00|1|unidad||||
3|1|1695|0000080052760|1|KINDER BUENO OBLEA CHOCOLATE CON LECHE X 43G|1.00|unidad| |4800.00|4800.00|1|unidad||||
3|1|1695|0000077949677|1|KINDER CHOCOLATE X 50G|1.00|unidad| |5500.00|5500.00|1|unidad||||
3|1|1695|7891000379073|1|KIT KAT DARK OBLEA BAÑADA CHOCOLATE X 41.5G|1.00|unidad| |2800.00|2800.00|1|unidad||||
3|1|1695|7891000379028|1|KIT KAT OBLEA BAÑADA CHOCOLATE BLANCO X 41.5G|1.00|unidad| |2800.00|2800.00|1|unidad||||
3|1|1695|7791337007260|1|Leche chocolatada Cindor 200ml|1.00|unidad| |3800.00|3800.00|1|unidad||||
3|1|1695|7791337007253|1|Leche chocolatada Cindor x 1L|1.00|unidad| |11500.00|11500.00|1|unidad||||
3|1|1695|7798368470391|1|LUCCIANO´S CHANTILLY X 100GR (02)|1.00|unidad| |7400.00|7400.00|1|unidad||||
3|1|1695|7798368470384|1|LUCCIANO´S CHOCOLATE C/CROCANTE X 100GR (01)|1.00|unidad| |7400.00|7400.00|1|unidad||||
3|1|1695|7798368470421|1|LUCCIANO´S CHOCOLATE X 90GR (05)|1.00|unidad| |7400.00|7400.00|1|unidad||||
3|1|1695|7798368470438|1|LUCCIANO´S DDL C/ CROCANTE X 90GR (06)|1.00|unidad| |7400.00|7400.00|1|unidad||||
3|1|1695|0000000024240|0|LUCCIANO´S DDL X 90GR (03)|1.00|unidad| |6000.00|6000.00|1|unidad||||
3|1|1695|7798368470476|1|LUCCIANO´S MINION ICE POP X 100GR (10)|1.00|unidad| |7900.00|7900.00|1|unidad||||
3|1|1695|7798368470469|1|LUCCIANO´S OLI KING X 90GR (09)|1.00|unidad| |7800.00|7800.00|1|unidad||||
3|1|1695|7798368470735|1|LUCCIANO´S PISTACCHIO X 95GR (08)|1.00|unidad| |7800.00|7800.00|1|unidad||||
3|1|1695|7798368470414|1|LUCCIANO´S SORBETE PATAGONIA X 90GR (04)|1.00|unidad| |7400.00|7400.00|1|unidad||||
3|1|1695|7613034797469|1|LUXOR BOMBON HELADO 53G|1.00|unidad| |3000.00|3000.00|1|unidad||||
3|1|1695|7797453001441|1|M&M Chocolate 48 Grs|1.00|unidad| |4800.00|4800.00|1|unidad||||
3|1|1695|7797453001458|1|M&M MANI PAQ. X 49 GR|1.00|unidad| |4800.00|4800.00|1|unidad||||
3|1|1695|7790387015324|1|MAÑANITA YERBA 4FLEX X 500 GR|1.00|unidad| |4400.00|4400.00|1|unidad||||
3|1|1695|7790206006106|1|MARROC BOCADITO X 14 GR.|1.00|unidad| |1200.00|1200.00|1|unidad||||
3|1|1695|7798024760125|1|MAX PREMIUM JyQ-TOM-HUE- PAN NGO X UN|1.00|unidad| |9600.00|9600.00|1|unidad||||
3|1|1695|7798024766172|1|MAX PREMIUM POLLO-RU-PAR-PAN NGO X UN|1.00|unidad| |9600.00|9600.00|1|unidad||||
3|1|1695|7798024760552|1|MAX TRIANGULO LIGHT POLLO-LEC-PAN NGO X UN|1.00|unidad| |9600.00|9600.00|1|unidad||||
3|1|1695|0000000023602|0|MEDIALUNA DE GRASA X UN|1.00|unidad| |1500.00|1500.00|1|unidad||||
3|1|1695|0000000023601|0|MEDIALUNA DE MANTECA X UN|1.00|unidad| |1500.00|1500.00|1|unidad||||
3|1|1695|7891000120057|1|MEGA AMERICANA CON ALMENDRAS X 74g|1.00|unidad| |7400.00|7400.00|1|unidad||||
3|1|1695|0000000020546|0|MENTHO-PLUS ACIDOS CEREZA X 27.2G|1.00|unidad| |1600.00|1600.00|1|unidad||||
3|1|1695|0000000020540|0|MENTHO-PLUS ACIDOS NARANJA X 27.2G|1.00|unidad| |1600.00|1600.00|1|unidad||||
3|1|1695|0000000021660|0|MENTHO-PLUS CARAMELOS INHALANTES DE CEREZA X 29.4G|1.00|unidad| |1000.00|1000.00|1|unidad||||
3|1|1695|0000000021663|0|MENTHO-PLUS CARAMELOS INHALANTES MIEL X 29.4G|1.00|unidad| |1000.00|1000.00|1|unidad||||
3|1|1695|0000000021661|0|MENTHO-PLUS CARAMELOS INHALANTES STRONG X 29.4G|1.00|unidad| |1000.00|1000.00|1|unidad||||
3|1|1695|0000000017476|0|MENTHO-PLUS CARAMELOS SIN AZUCAR CHERRY X 27.3G|1.00|unidad| |1600.00|1600.00|1|unidad||||
3|1|1695|0000000017474|0|MENTHO-PLUS CARAMELOS SIN AZUCAR MENTOL X 27.3G|1.00|unidad| |1600.00|1600.00|1|unidad||||
3|1|1695|0000000021664|0|MENTHOPLUS MENTA X 29.4G|1.00|unidad| |1000.00|1000.00|1|unidad||||
3|1|1695|0000000021662|0|MENTHOPLUS MENTOL X 29.4G|1.00|unidad| |1000.00|1000.00|1|unidad||||
3|1|1695|0000000021044|0|MENTHOPLUS ZERO CARAMELOS DURAZNO X 26.6G|1.00|unidad| |1600.00|1600.00|1|unidad||||
3|1|1695|0000000021047|0|MENTHOPLUS ZERO CARAMELOS STRONG X 26.6G|1.00|unidad| |1600.00|1600.00|1|unidad||||
3|1|1695|7895144699851|1|MENTOS CARAMELOS MASTICABLES SAB.FRUTA X 29.7GR|1.00|unidad| |1200.00|1200.00|1|unidad||||
3|1|1695|7895144699844|1|MENTOS CARAMELOS MASTICABLES SAB.MENTA X 29.7GR|1.00|unidad| |1200.00|1200.00|1|unidad||||
3|1|1695|0000000021770|0|MERMELADAS X UNIDAD|1.00|unidad| |50.00|50.00|1|unidad||||
3|1|1695|0000077903785|1|MILKA ALFAJOR MOUSSE TRIPLE X 55 GR.|1.00|unidad| |2800.00|2800.00|1|unidad||||
3|1|1695|7622300457303|1|MILKA ALFAJOR TRIPLE BLANCO X 55G|1.00|unidad| |2800.00|2800.00|1|unidad||||
3|1|1695|7622300844967|1|MILKA CHOCOLATE BLANCO CON DULCE DE LECHE X 67.5G|1.00|unidad| |7100.00|7100.00|1|unidad||||
3|1|1695|7622300844943|1|MILKA CHOCOLATE C DULCE DE LECHE X 67.5G|1.00|unidad| |7100.00|7100.00|1|unidad||||
3|1|1695|0000000021565|0|MILKA CHOCOLATE C/LECHE ALMENDRAS|1.00|unidad| |3290.00|3290.00|1|unidad||||
3|1|1695|7622300990114|1|MILKA CHOCOLATE CON LECHE X 150G|1.00|unidad| |13800.00|13800.00|1|unidad||||
3|1|1695|7622201818937|1|MILKA LEGER CHOCOLATE LECHE TABLETA X 50G|1.00|unidad| |5800.00|5800.00|1|unidad||||
3|1|1695|7790580116958|1|MOGUL CARAMELO DE GOMA DINOS X 30G|1.00|unidad| |800.00|800.00|1|unidad||||
3|1|1695|7790580129507|1|MOGUL CARAMELOS DE GOMA ACIDOS BOLSA X 60G|1.00|unidad| |1350.00|1350.00|1|unidad||||
3|1|1695|7790580169312|1|MOGUL CARAMELOS DE GOMA CEREBRITOS X 30G|1.00|unidad| |1200.00|1200.00|1|unidad||||
3|1|1695|7790580116460|1|MOGUL CARAMELOS DE GOMA EXTREME ACIDO ROLLO X 35G|1.00|unidad| |1200.00|1200.00|1|unidad||||
3|1|1695|7790580603809|1|MOGUL CARAMELOS DE GOMA FRUTALES ROLLO X 35G|1.00|unidad| |1200.00|1200.00|1|unidad||||
3|1|1695|7790580199913|1|MOGUL CARAMELOS DE GOMA OSITOS X 30 GR|1.00|unidad| |1200.00|1200.00|1|unidad||||
3|1|1695|7790580200114|1|MOGUL CARAMELOS DE GOMA TIBURON X 30G|1.00|unidad| |1200.00|1200.00|1|unidad||||
3|1|1695|7798422620014|1|MONSTER ENERGY GREEN X 473CC|1.00|unidad| |5200.00|5200.00|1|unidad||||
3|1|1695|7798422620045|1|MONSTER MANGO LOCO 473|1.00|unidad| |5200.00|5200.00|1|unidad||||
3|1|1695|7798422620021|1|MONSTER ULTRA x 473 CC|1.00|unidad| |5200.00|5200.00|1|unidad||||
3|1|1695|1111111111142|1|MUFFIN CHIPS CHOC X UN|1.00|unidad| |3900.00|3900.00|1|unidad||||
3|1|1695|1111111111145|1|MUFFIN VAINILLA C/DDL X UN|1.00|unidad| |3900.00|3900.00|1|unidad||||
3|1|1695|7798304841261|1|NESQUIK NUTRIACTIV B HEL.CHOCOLATE CON CALCIN-N|1.00|unidad| |1800.00|1800.00|1|unidad||||
3|1|1695|7622210723468|1|OREO GALLETITAS BAÑADAS CHOCOLATE x17gr|1.00|unidad| |200.00|200.00|1|unidad||||
3|1|1695|7899975800523|1|Oreo Palito AR 20 x 65g|1.00|unidad| |6500.00|6500.00|1|unidad||||
3|1|1695|7899975800509|1|OREO SANDWICH AR 81GR|1.00|unidad| |6500.00|6500.00|1|unidad||||
3|1|1695|7798304841124|1|OREO TACITA X 95G|1.00|unidad| |6500.00|6500.00|1|unidad||||
3|1|1695|0000000024088|0|PAN DE CHOCOLATE X UN|1.00|unidad| |3900.00|3900.00|1|unidad||||
3|1|1695|7798024766110|1|PANINI GRIGLIATTI DE PECETO X 210G|1.00|unidad| |6650.00|6650.00|1|unidad||||
3|1|1695|7791007000764|1|PAÑUELOS DESCARTABLES CAJA X 75 UNID|1.00|unidad| |3600.00|3600.00|1|unidad||||
3|1|1695|7791070003482|1|PAÑUELOS DESCARTABLES X UNID|1.00|unidad| |700.00|700.00|1|unidad||||
3|1|1695|7798024760781|1|PEBETE PECHUGA CRISPY X UN|1.00|unidad| |9200.00|9200.00|1|unidad||||
3|1|1695|7798024760361|1|PECHUGA GRILLE C/VEGETAL DEL HUERTO X UN|1.00|unidad| |11500.00|11500.00|1|unidad||||
3|1|1695|0000077915481|1|PEPITOS ALFAJOR TRIPLE DE CHOCOLATE X 57GR|1.00|unidad| |2800.00|2800.00|1|unidad||||
3|1|1695|7791813828365|1|PEPSI BLACK PET X 500CC|1.00|unidad| |3100.00|3100.00|1|unidad||||
3|1|1695|1111111111200|1|PICO DULCE CHUPETIN X 14 GR.|1.00|unidad| |500.00|500.00|1|unidad||||
3|1|1695|7790895641183|1|POWERADE FRUTAS TROPICALES PET X 500CC|1.00|unidad| |3300.00|3300.00|1|unidad||||
3|1|1695|7790895640018|1|POWERADE MANZANA PET X 500CC|1.00|unidad| |3300.00|3300.00|1|unidad||||
3|1|1695|7790895640025|1|POWERADE MOUNTAIN BLAST PET X 500CC|1.00|unidad| |3300.00|3300.00|1|unidad||||
3|1|1695|7791519200021|1|PRIME PRESERVATIVO ANATOMICO CAJA X 3 UNID.|1.00|unidad| |6000.00|6000.00|1|unidad||||
3|1|1695|7791519200076|1|PRIME PRESERVATIVO ESPERMICIDA CAJA X 3 UNID.|1.00|unidad| |6000.00|6000.00|1|unidad||||
3|1|1695|7791519000676|1|PRIME PRESERVATIVO EXTRA LUBRICADO CAJA X 3 UNID.|1.00|unidad| |6000.00|6000.00|1|unidad||||
3|1|1695|7791519200045|1|PRIME PRESERVATIVO SUPERFINO CAJA X 3 UNID.|1.00|unidad| |6000.00|6000.00|1|unidad||||
3|1|1695|7791519200090|1|PRIME PRESERVATIVO TACHAS CAJA X 3 UNID.|1.00|unidad| |6000.00|6000.00|1|unidad||||
3|1|1695|7791519200069|1|PRIME PRESERVATIVO TEXTURADO CAJA X 3 UNID.|1.00|unidad| |6000.00|6000.00|1|unidad||||
3|1|1695|7790742167101|1|Queso Finlandia Chef Cheddar 150gr PAQUETE INSUMO|1.00|unidad| |0.01|0.01|1|unidad||||
3|1|1695|0045011111111|1|RED BULL ENERGY DRINK LATA X 250 CC|1.00|unidad| |5000.00|5000.00|1|unidad||||
3|1|1695|0000090435225|1|RED BULL ENERGY DRINK LATA X 355 CC|1.00|unidad| |6200.00|6200.00|1|unidad||||
3|1|1695|9002490232054|1|RED BULL ENERGY DRINK SUGAR FREE LATA X 250CC|1.00|unidad| |5000.00|5000.00|1|unidad||||
3|1|1695|7790580327415|1|ROCKLETS CONFITES DE CHOCOLATE PAQ. X 40 GR|1.00|unidad| |2800.00|2800.00|1|unidad||||
3|1|1695|7790580327613|1|ROCKLETS NARANJA MANI C/CHOCOLATE CONFITADO X 40G|1.00|unidad| |2800.00|2800.00|1|unidad||||
3|1|1695|7798024760507|1|ROLL CHICKEN CAESAR X 210GR|1.00|unidad| |9600.00|9600.00|1|unidad||||
3|1|1695|0000000023605|0|SACRAMENTO MEMBRILLO X UN|1.00|unidad| |1500.00|1500.00|1|unidad||||
3|1|1695|7790580716806|1|SALADIX GALLETITAS SAB. CALABRESA CAJA X 100G|1.00|unidad| |2900.00|2900.00|1|unidad||||
3|1|1695|7790580716707|1|SALADIX GALLETITAS SAB. JAMON CAJA X 100G|1.00|unidad| |2900.00|2900.00|1|unidad||||
3|1|1695|7790580697303|1|SALADIX GALLETITAS SAB. PIZZA CAJA X 100G|1.00|unidad| |2900.00|2900.00|1|unidad||||
3|1|1695|7790040374607|1|SALADIX GALLETITAS SAB.DUO CAJA X 80G|1.00|unidad| |2900.00|2900.00|1|unidad||||
3|1|1695|7790040123434|1|SALADIX GALLETITAS SAB.KESITOS X80G|1.00|unidad| |2500.00|2500.00|1|unidad||||
3|1|1695|0000077956699|1|SHOT ALFAJOR TRISHOT TRIPLE X 60G|1.00|unidad| |2800.00|2800.00|1|unidad||||
3|1|1695|7622300424084|1|SHOT CHOCOLATE CON LECHE Y MANI TABLETA X 170 GR|1.00|unidad| |11900.00|11900.00|1|unidad||||
3|1|1695|0000077914217|1|SHOT CHOCOLATE LECHE CON MANI TABLETA X 35G|1.00|unidad| |2900.00|2900.00|1|unidad||||
3|1|1695|7798304841803|1|SIN PARAR CHOCOLATE DULCE DE LECHE X 90G|1.00|unidad| |2900.00|2900.00|1|unidad||||
3|1|1695|7798304841797|1|SIN PARAR DULCE DE LECHE Y AMERICANA X 90G|1.00|unidad| |2900.00|2900.00|1|unidad||||
3|1|1695|7798304841780|1|SIN PARAR FRUTILLA CREMA X 90G|1.00|unidad| |2900.00|2900.00|1|unidad||||
3|1|1695|0022000018465|1|SKITTLES CONFITES ORIGINAL FRUIT PAQ.X 61.5GR|1.00|unidad| |4500.00|4500.00|1|unidad||||
3|1|1695|0022000018489|1|SKITTLES CONFITES WILDBERRY PAQ.X 61.5GR|1.00|unidad| |4500.00|4500.00|1|unidad||||
3|1|1695|7790895646027|1|SMART WATER C/G 591 ML|1.00|unidad| |3300.00|3300.00|1|unidad||||
3|1|1695|7790895645778|1|SMART WATER S/G 591 ML|1.00|unidad| |3300.00|3300.00|1|unidad||||
3|1|1695|7506174512248|1|SNICKERS BARRA RELL.MANI CUB.C/CHOCOLATE X 48 GR|1.00|unidad| |4500.00|4500.00|1|unidad||||
3|1|1695|0522111111111|1|SPEED UNLIMITED LATA X 250CC|1.00|unidad| |3800.00|3800.00|1|unidad||||
3|1|1695|0040000000518|1|STARBURST CARAMELO MASTICABLE SURTIDO PAQ.X 58.7G|1.00|unidad| |4900.00|4900.00|1|unidad||||
3|1|1695|7790580060206|1|SUGUS CARAMELO MASTICABLE SUELTO X 3.3 GR|1.00|unidad| |50.00|50.00|1|unidad||||
3|1|1695|7790580056001|1|SUGUS CONFITADOS CONFITES DE CARAMELO SURT.X 50 G|1.00|unidad| |2000.00|2000.00|1|unidad||||
3|1|1695|7790387000849|1|TARAGUI MATE COCIDO X 25 UNID S ENS|1.00|unidad| |130.00|130.00|1|unidad||||
3|1|1695|0029601111111|1|TARAGUI MATE LISTO X 35 GR.|1.00|unidad| |3900.00|3900.00|1|unidad||||
3|1|1695|0029621111111|1|TARAGUI TERMO MATE-LISTO CAPACIDAD 500 CC.|1.00|unidad| |5800.00|5800.00|1|unidad||||
3|1|1695|7790387013627|1|TARAGUI YERBA 4FLEX X 500 GR.|1.00|unidad| |4400.00|4400.00|1|unidad||||
3|1|1695|0000077939234|1|TERRABUSI ALFAJOR CHOCOLATE X 50 GR|1.00|unidad| |1900.00|1900.00|1|unidad||||
3|1|1695|0000077903792|1|TERRABUSI ALFAJOR TRIPLE CHOCOLATE X 70G.|1.00|unidad| |2800.00|2800.00|1|unidad||||
3|1|1695|0000077903860|1|TERRABUSI ALFAJOR TRIPLE TIPO TORTA CHOCOLAT.X 70G|1.00|unidad| |2800.00|2800.00|1|unidad||||
3|1|1695|7622300335052|1|TERRABUSI SNACKY X 60GR|1.00|unidad| |4400.00|4400.00|1|unidad||||
3|1|1695|7861002910314|1|TIC TAC PASTILLAS SABOR MENTA CAJA X 16 GR.|1.00|unidad| |1500.00|1500.00|1|unidad||||
3|1|1695|7861002910321|1|TIC TAC PASTILLAS SABOR NARANJA CAJA X 16 GR.|1.00|unidad| |1500.00|1500.00|1|unidad||||
3|1|1695|7790580746612|1|TOFI CHOCOLATE C/LECHE RELLENO D.LECHE X 55G|1.00|unidad| |400.00|400.00|1|unidad||||
3|1|1695|7798024760354|1|TOP PBT DE JAMON COCIDO Y QUESO X UN|1.00|unidad| |8200.00|8200.00|1|unidad||||
3|1|1695|0000000019823|0|TOPLINE 7 CHICLE S/AZUCAR ATM STRONG X 14G|1.00|unidad| |1900.00|1900.00|1|unidad||||
3|1|1695|0000000018843|0|TOPLINE 7 CHICLE S/AZUCAR MANDARINA  CAJA X 14G|1.00|unidad| |1900.00|1900.00|1|unidad||||
3|1|1695|7790580120573|1|TOPLINE 7 ULTRA CLEAN X 24G|1.00|unidad| |3300.00|3300.00|1|unidad||||
3|1|1695|7790580120702|1|TOPLINE 7 ULTRA GREEN MINT X 24G|1.00|unidad| |3300.00|3300.00|1|unidad||||
3|1|1695|7790580121013|1|TOPLINE 7 ULTRA RED BERRY X 24G|1.00|unidad| |3300.00|3300.00|1|unidad||||
3|1|1695|7798304841421|1|TORPEDO FRUTILLA|1.00|unidad| |2000.00|2000.00|1|unidad||||
3|1|1695|7798304841414|1|TORPEDO LIMON|1.00|unidad| |2000.00|2000.00|1|unidad||||
3|1|1695|7798024760460|1|TRIPLE MIGA BLANCO J.COCIDO Y QUESO X 3 UN|1.00|unidad| |8700.00|8700.00|1|unidad||||
3|1|1695|7798024760477|1|TRIPLE MIGA NEGRO J.COCIDO Y QUESO X 3 UN|1.00|unidad| |8700.00|8700.00|1|unidad||||
3|1|1695|7622202839962|1|VARIEDAD GALLETITAS DULCES SURTIDAS X 390GR.|1.00|unidad|VARIEDAD|5500.00|5500.00|1|unidad||||
3|1|1695|0016871111111|1|VASO REUTILIZABLE|1.00|unidad| |4000.00|4000.00|1|unidad||||
3|1|1695|0000000004361|0|VAUQUITA TABLETA DE DULCE DE LECHE X 25 GR.|1.00|unidad| |180.00|180.00|1|unidad||||
3|1|1695|7790315100184|1|VDS LEVITE CERO AGUA S/G MANZANA PET X 500cc|1.00|unidad| |3100.00|3100.00|1|unidad||||
3|1|1695|0021352111111|1|VDS LEVITE CERO AGUA S/G NARANJA PET X 500cc|1.00|unidad| |3100.00|3100.00|1|unidad||||
3|1|1695|0021347111111|1|VILLA DEL SUR LEVITE S/G MANZANA PET X 500cc|1.00|unidad| |3100.00|3100.00|1|unidad||||
3|1|1695|7798062548655|1|VILLA DEL SUR LEVITE S/G NARANJA PET X 500cc|1.00|unidad| |3100.00|3100.00|1|unidad||||
3|1|1695|0021349111111|1|VILLA DEL SUR LEVITE S/G PERA PET X 500cc|1.00|unidad| |3100.00|3100.00|1|unidad||||
3|1|1695|7799155000982|1|VILLA DEL SUR LEVITE S/G POMELO PET X 500cc|1.00|unidad| |3100.00|3100.00|1|unidad||||
3|1|1695|7799155000210|1|VILLAVICENCIO AGUA FINAMENTE GASIFICADA PET X 1.5L|1.00|unidad| |4800.00|4800.00|1|unidad||||
3|1|1695|7799155000203|1|VILLAVICENCIO AGUA FINAMENTE GASIFICADA PET X 500C|1.00|unidad| |3300.00|3300.00|1|unidad||||
3|1|1695|0022000293220|1|Wrigleys Doubl 12.5g|1.00|unidad| |2500.00|2500.00|1|unidad||||
3|1|1695|0022000293305|1|Wrigleys Spear 12.5g|1.00|unidad| |2500.00|2500.00|1|unidad||||
3|1|1695|7791337010826|1|Yogurisimo Botellita Frutilla x 190g|1.00|unidad| |5500.00|5500.00|1|unidad||||
3|1|1695|7798187760246|1|ZAFRAN BARRA DE CEREAL ALM/COCO X 28G|1.00|unidad| |1800.00|1800.00|1|unidad||||
3|1|1695|7798187760277|1|ZAFRAN BARRA DE CEREAL CAJU/ZAPALLO 28G|1.00|unidad| |1800.00|1800.00|1|unidad||||
3|1|1695|7798187760253|1|ZAFRAN BARRA DE CEREAL MANI/CACAO 28G|1.00|unidad| |1800.00|1800.00|1|unidad||||
3|1|1695|7798187760260|1|ZAFRAN BARRA DE CEREAL MZNA/CHIA 28G|1.00|unidad| |1800.00|1800.00|1|unidad||||
3|1|1716|7791813434412|1|7UP FREE PET X 1.5L|1.00|unidad| |5200.00|5200.00|1|unidad||||
3|1|1716|0000000023897|0|AFEITADORA BIC COMFORT  3|1.00|unidad| |820.00|820.00|1|unidad||||
3|1|1716|7790580109882|1|AGUILA EXTRAFINO 60% CACAO X 150 GR|1.00|unidad| |16100.00|16100.00|1|unidad||||
3|1|1716|7790040133594|1|AGUILA MINITORTA BROWNIE X 72G|1.00|unidad| |3100.00|3100.00|1|unidad||||
3|1|1716|7790040298705|1|AGUILA MINITORTA DDLECHE/MOUSSE SAB.VAINILLA X 72G|1.00|unidad| |3100.00|3100.00|1|unidad||||
3|1|1716|0000000023956|0|ALFAJOR CHOCOLATE|1.00|unidad| |2350.00|2350.00|1|unidad||||
3|1|1716|0000000023280|0|ALFAJORES DE MAICENA|1.00|unidad| |2350.00|2350.00|1|unidad||||
3|1|1716|7790580607418|1|ARCOR CHOCOLATE BLANCO TABLETA X 25 GR|1.00|unidad| |2500.00|2500.00|1|unidad||||
3|1|1716|7790580607210|1|ARCOR CHOCOLATE CON LECHE TABLETA X 25GR|1.00|unidad| |2500.00|2500.00|1|unidad||||
3|1|1716|0000000001339|0|ARCOR OBLEA RELLENA C/PASTA DE TURRON Y MANI X 25G|1.00|unidad| |700.00|700.00|1|unidad||||
3|1|1716|7793360294600|1|BC JUGO MANZANA TETRA X 200CC|1.00|unidad| |1300.00|1300.00|1|unidad||||
3|1|1716|7793360246609|1|BC JUGO NARANJA TETRA X 200CC.|1.00|unidad| |1300.00|1300.00|1|unidad||||
3|1|1716|7790580154264|1|BEB MULTIFRUTA BC 24X200ML|1.00|unidad| |1300.00|1300.00|1|unidad||||
3|1|1716|7792730020559|1|BIZNIKKE NEVADO CHOCOLATE TABLETA X 120 GR.|1.00|unidad| |9200.00|9200.00|1|unidad||||
3|1|1716|7790580722708|1|BOMBON TOFI LECHE X 15G|1.00|unidad| |2100.00|2100.00|1|unidad||||
3|1|1716|7790040613607|1|Bon O Bon Alfajor Chocolate Blanco x40 gr|1.00|unidad| |2100.00|2100.00|1|unidad||||
3|1|1716|7790040613706|1|BON O BON ALFAJOR CHOCOLATE NEGRO/LECHE X 40G|1.00|unidad| |2100.00|2100.00|1|unidad||||
3|1|1716|0000000021586|0|BON-O-BON BOMBON AGUILA X 15G|1.00|unidad| |1100.00|1100.00|1|unidad||||
3|1|1716|7790580119058|1|BON-O-BON BOMBON CHOCOLATE BLANCO X 15G|1.00|unidad| |1100.00|1100.00|1|unidad||||
3|1|1716|0000000021587|0|BON-O-BON BOMBON CHOCOLINA X 15G|1.00|unidad| |1100.00|1100.00|1|unidad||||
3|1|1716|7792360072409|1|BONAFIDE BOCADITO DDL X 16G|1.00|unidad| |1800.00|1800.00|1|unidad||||
3|1|1716|0000000021151|0|BROWNIE ARTESANAL|1.00|unidad| |5850.00|5850.00|1|unidad||||
3|1|1716|0000000023273|0|BUDIN BANANA Y DDL|1.00|unidad| |5300.00|5300.00|1|unidad||||
3|1|1716|0000000021701|0|BUDIN DE FRUTOS SECOS|1.00|unidad| |5300.00|5300.00|1|unidad||||
3|1|1716|0000000021700|0|BUDIN DE LIMON Y ARANDANOS|1.00|unidad| |5300.00|5300.00|1|unidad||||
3|1|1716|7790407022011|1|CABSHA BOCADITO X 10G|1.00|unidad| |1000.00|1000.00|1|unidad||||
3|1|1716|7798128000271|1|CACHAFAZ ALFAJOR MOUSSE X 50G|1.00|unidad| |3400.00|3400.00|1|unidad||||
3|1|1716|7622201818739|1|CADBURY CHOCOLATE C/LECHE TRES SUEÑOS X 82G|1.00|unidad| |8200.00|8200.00|1|unidad||||
3|1|1716|7622201818654|1|CADBURY CHOCOLATE RELLENO YOGHURT FRUTILLA X 29G|1.00|unidad| |3500.00|3500.00|1|unidad||||
3|1|1716|7622202271250|1|Caram. Halls 12u Strong Nvo|1.00|unidad| |1350.00|1350.00|1|unidad||||
3|1|1716|7622202247286|1|Caram. Halls Cherry Nvo 28 Grs|1.00|unidad| |1350.00|1350.00|1|unidad||||
3|1|1716|7790895649301|1|CEPITA 20% NARANJA 200ML|1.00|unidad| |2200.00|2200.00|1|unidad||||
3|1|1716|7790895009853|1|CEPITA JUGO MANZANA BOTELLA X 1L|1.00|unidad| |6100.00|6100.00|1|unidad||||
3|1|1716|7790895000720|1|CEPITA JUGO MANZANA TETRA X 200CC.|1.00|unidad| |2200.00|2200.00|1|unidad||||
3|1|1716|7790895647017|1|CEPITA JUGO MANZANA ZINC TETRA X 1 LT.|1.00|unidad| |4450.00|4450.00|1|unidad||||
3|1|1716|7790895000737|1|CEPITA JUGO MULTIFRUTA TETRA X 200CC|1.00|unidad| |2200.00|2200.00|1|unidad||||
3|1|1716|7790895647123|1|CEPITA JUGO MULTIFRUTA ZINC TETRA X 1 LT.|1.00|unidad| |4450.00|4450.00|1|unidad||||
3|1|1716|7790895648267|1|CEPITA NARANJA 20% 1L|1.00|unidad| |4450.00|4450.00|1|unidad||||
3|1|1716|7790895009815|1|CEPITA NARANJA 995CC|1.00|unidad| |6100.00|6100.00|1|unidad||||
3|1|1716|0000000022630|0|CEREAL MIX BARRA DE CEREAL C/FRUTILLA&YOGHURT X26G|1.00|unidad| |2000.00|2000.00|1|unidad||||
3|1|1716|0000000001341|0|CEREAL MIX BARRA DE CEREAL X 23G|1.00|unidad| |2000.00|2000.00|1|unidad||||
3|1|1716|0000000022631|0|CEREAL MIX BARRA DE CEREAL YOGH/FRUTIL.L.X26g|1.00|unidad| |2000.00|2000.00|1|unidad||||
3|1|1716|7790580123345|1|CH. TL7 MENTHOL 20X16X14G|1.00|unidad| |2300.00|2300.00|1|unidad||||
3|1|1716|0000000019822|0|CH. TL7 VIBR. STRAW. 20X16X14G|1.00|unidad| |2300.00|2300.00|1|unidad||||
3|1|1716|7790580104252|1|CH. TL7 VIOL. CHERRY 20X16X14G|1.00|unidad| |2300.00|2300.00|1|unidad||||
3|1|1716|7790580317607|1|CH. TL7 XPLOS. MINT 20X16X14G|1.00|unidad| |2300.00|2300.00|1|unidad||||
3|1|1716|8445290701961|1|Choc Bananita Dolca 30 grs|1.00|unidad| |2400.00|2400.00|1|unidad||||
3|1|1716|8445290701596|1|Choc. Bananita Dolca 14grs|1.00|unidad| |1400.00|1400.00|1|unidad||||
3|1|1716|7622202328947|1|Choc. Milka 55g Leche NVO|1.00|unidad| |6400.00|6400.00|1|unidad||||
3|1|1716|7790070418296|1|Chocoarroz Blanco est. 22g|1.00|unidad| |2000.00|2000.00|1|unidad||||
3|1|1716|7790070418203|1|Chocoarroz DL 22 gr|1.00|unidad| |2000.00|2000.00|1|unidad||||
3|1|1716|7790580103521|1|CHOCOLATE LECHE CON CONFITES COFLER X 55 G|1.00|unidad| |6200.00|6200.00|1|unidad||||
3|1|1716|7798304840851|1|CHOMPAlmedC/SsaDDL6x180g|1.00|unidad| |10700.00|10700.00|1|unidad||||
3|1|1716|7798130953640|1|CHUPETIN COCO POP X 17 G|1.00|unidad| |3600.00|3600.00|1|unidad||||
3|1|1716|7798130954777|1|CHUPETIN EMOTI POP 11GR|1.00|unidad| |3600.00|3600.00|1|unidad||||
3|1|1716|0000000023604|0|CIRCULAR MEMBRILLO X UN|1.00|unidad| |1700.00|1700.00|1|unidad||||
3|1|1716|7798085680516|1|CITRIC JUGO NARANJA MANGO TETRA X 500CC|1.00|unidad| |3850.00|3850.00|1|unidad||||
3|1|1716|7798085681834|1|CITRIC JUGO NARANJA TETRA X 1L|1.00|unidad| |5750.00|5750.00|1|unidad||||
3|1|1716|7798085681445|1|CITRIC JUGO NARANJA TETRA X 250CC|1.00|unidad| |2200.00|2200.00|1|unidad||||
3|1|1716|7798085681452|1|CITRIC JUGO NARANJA TETRA X 500CC|1.00|unidad| |3850.00|3850.00|1|unidad||||
3|1|1716|7798085680295|1|CITRIC JUGO NARANJA/ DURAZNO TETRA X 500CC|1.00|unidad| |3850.00|3850.00|1|unidad||||
3|1|1716|7790895000997|1|COCA-COLA X 2.25L|1.00|unidad| |8950.00|8950.00|1|unidad||||
3|1|1716|7790040659605|1|COFLER BLOCK ALFAJOR CHOCOLATE X 60 G|1.00|unidad| |3100.00|3100.00|1|unidad||||
3|1|1716|0000000018365|0|COFLER BLOCK CHOCOLATE C/LECHE Y MANI TAB.X 110GR|1.00|unidad| |8300.00|8300.00|1|unidad||||
3|1|1716|0000000015301|0|COFLER BLOCK CHOCOLATE C/LECHE Y MANI TAB.X 38GR|1.00|unidad| |3400.00|3400.00|1|unidad||||
3|1|1716|7790580105013|1|COFLER BLOCK CHOCOLATE X 170G|1.00|unidad| |14000.00|14000.00|1|unidad||||
3|1|1716|7790580115579|1|COFLER BLOCK CHOCOLATE X 1KG|1.00|unidad| |66200.00|66200.00|1|unidad||||
3|1|1716|7790580103385|1|COFLER CHOCOLATE AIREADO BCO/LECHE X 27 GR.|1.00|unidad| |3600.00|3600.00|1|unidad||||
3|1|1716|7790580103378|1|COFLER CHOCOLATE AIREADO BLANCO X 27 GR.|1.00|unidad| |3600.00|3600.00|1|unidad||||
3|1|1716|7790580115869|1|COFLER CHOCOLATE AIREADO BON O BON X 67G|1.00|unidad| |7000.00|7000.00|1|unidad||||
3|1|1716|7790580103361|1|COFLER CHOCOLATE AIREADO LECHE X 27 GR.|1.00|unidad| |3600.00|3600.00|1|unidad||||
3|1|1716|7790580043407|1|COFLER CHOCOLATE AIREADO LECHE X 55G|1.00|unidad| |7100.00|7100.00|1|unidad||||
3|1|1716|7790580003531|1|COFLER CHOCOLATE BCO&COOK X 55G|1.00|unidad| |6200.00|6200.00|1|unidad||||
3|1|1716|7790580043506|1|COFLER CHOCOLATE LECHE CON ALMENDRAS X 55G|1.00|unidad| |6200.00|6200.00|1|unidad||||
3|1|1716|0000000024109|0|CRIOLLITO X UN|1.00|unidad| |1700.00|1700.00|1|unidad||||
3|1|1716|0000000023957|0|CROISSANT J Y Q|1.00|unidad| |6400.00|6400.00|1|unidad||||
3|1|1716|7798024760798|1|CROQUE MONSIEUR J Y Q BLANCO X UN|1.00|unidad| |10100.00|10100.00|1|unidad||||
3|1|1716|7798024760804|1|CROQUE MONSIEUR J Y Q NEGRO X UN|1.00|unidad| |10100.00|10100.00|1|unidad||||
3|1|1716|0000000020568|0|CUADRADO DE PASTA FROLA|1.00|unidad| |5300.00|5300.00|1|unidad||||
3|1|1716|7795735000106|1|DON SATUR TALITAS X 140GR|1.00|unidad| |2800.00|2800.00|1|unidad||||
3|1|1716|7790206007509|1|DOS CORAZONES BOCADITO CHOC.C/LECHE RELL. X 26GR|1.00|unidad| |2200.00|2200.00|1|unidad||||
3|1|1716|7792799000035|1|ECO DE LOS ANDES AGUA CON GAS PET X 500CC.|1.00|unidad| |3300.00|3300.00|1|unidad||||
3|1|1716|7798128000486|1|EL CACHAFAZ ALFAJOR BLANCO FLOWPACK X 60 GR|1.00|unidad| |3300.00|3300.00|1|unidad||||
3|1|1716|7798128000462|1|EL CACHAFAZ ALFAJOR CHOCOLATE FLOWPACK X 60 GR|1.00|unidad| |3200.00|3200.00|1|unidad||||
3|1|1716|7798128001940|1|EL CACHAFAZ ALFAJOR DE MAICENA X 76G|1.00|unidad| |3300.00|3300.00|1|unidad||||
3|1|1716|7798128001797|1|EL CACHAFAZ CONITO DULCE DE LECHE X 38G|1.00|unidad| |2700.00|2700.00|1|unidad||||
3|1|1716|7798024760569|1|ENSALADA CESAR  PREMIUM X UN|1.00|unidad| |14300.00|14300.00|1|unidad||||
3|1|1716|7798024760392|1|ENSALADA CHEF PREMIUM X UN|1.00|unidad| |14300.00|14300.00|1|unidad||||
3|1|1716|7798024766417|1|ENSALADA MIX VEG.C/PECHUGUITAS AL SESAMO X UN|1.00|unidad| |14300.00|14300.00|1|unidad||||
3|1|1716|7613035242524|1|EPA DDL MAX 88GR|1.00|unidad| |6800.00|6800.00|1|unidad||||
3|1|1716|7613035242500|1|EPA ROCKER X 88G|1.00|unidad| |6800.00|6800.00|1|unidad||||
3|1|1716|7898024390121|1|FERRERO ROCHER BOMBON CHOC.RELL.PAQ.3 UNID X 37.5G|1.00|unidad| |5600.00|5600.00|1|unidad||||
3|1|1716|7798024760255|1|FIGAZZITAS DE SALAME Y QUESO X 2 UN|1.00|unidad| |9100.00|9100.00|1|unidad||||
3|1|1716|7798147780062|1|Franui sabor Black 150gr|1.00|unidad| |8500.00|8500.00|1|unidad||||
3|1|1716|7798147783223|1|Franui sabor Leche 150gr|1.00|unidad| |8500.00|8500.00|1|unidad||||
3|1|1716|7790070431936|1|Gallo YoguBar 20gr|1.00|unidad| |1800.00|1800.00|1|unidad||||
3|1|1716|0067061111111|1|GATORADE COOL BLUE PET X 500CC|1.00|unidad| |4300.00|4300.00|1|unidad||||
3|1|1716|0071971211111|1|GATORADE FRUTOS TROPICALES PET X 750CC|1.00|unidad| |5200.00|5200.00|1|unidad||||
3|1|1716|0066011111111|1|GATORADE MANZANA PET X 500CC|1.00|unidad| |4300.00|4300.00|1|unidad||||
3|1|1716|0042831111111|1|GATORADE MANZANA PET X 750CC|1.00|unidad| |5100.00|5100.00|1|unidad||||
3|1|1716|0006602111111|1|GATORADE NARANJA PET X 500CC|1.00|unidad| |4300.00|4300.00|1|unidad||||
3|1|1716|7798024766103|1|GRANDWICH PANINI GRIGLIATTI JAM/QUE/TOM/HUE X 210G|1.00|unidad| |7350.00|7350.00|1|unidad||||
3|1|1716|0000000023445|0|HALLS FREE MENTA X 28 G|1.00|unidad| |1500.00|1500.00|1|unidad||||
3|1|1716|7791249450277|1|HALLS MENTA LYPTUS CARAMELOS DUROS PAQ.X 28G|1.00|unidad| |1300.00|1300.00|1|unidad||||
3|1|1716|0000000023603|0|ICEDREAM CIRCULAR PASTELERA X UN|1.00|unidad| |1700.00|1700.00|1|unidad||||
3|1|1716|0028411111111|1|JORGITO ALFAJOR BLANCO X 50G|1.00|unidad| |1800.00|1800.00|1|unidad||||
3|1|1716|0011111112842|1|JORGITO ALFAJOR CHOCOLATE X 55G|1.00|unidad| |1800.00|1800.00|1|unidad||||
3|1|1716|7790957000545|1|JORGITO MINI ALFAJOR CHOCOLATE PAQ.X 6 UNID.|1.00|unidad| |4900.00|4900.00|1|unidad||||
3|1|1716|7790957000538|1|JORGITO MINI ALFAJOR GLACEADO PAQ.X 6 UNID.X 155GR|1.00|unidad| |4900.00|4900.00|1|unidad||||
3|1|1716|0000080052760|1|KINDER BUENO OBLEA CHOCOLATE CON LECHE X 43G|1.00|unidad| |4900.00|4900.00|1|unidad||||
3|1|1716|0000077949677|1|KINDER CHOCOLATE X 50G|1.00|unidad| |5700.00|5700.00|1|unidad||||
3|1|1716|7891000379073|1|KIT KAT DARK OBLEA BAÑADA CHOCOLATE X 41.5G|1.00|unidad| |3000.00|3000.00|1|unidad||||
3|1|1716|7891000379028|1|KIT KAT OBLEA BAÑADA CHOCOLATE BLANCO X 41.5G|1.00|unidad| |3000.00|3000.00|1|unidad||||
3|1|1716|7791337007260|1|Leche chocolatada Cindor 200ml|1.00|unidad| |3800.00|3800.00|1|unidad||||
3|1|1716|7791337007253|1|Leche chocolatada Cindor x 1L|1.00|unidad| |11500.00|11500.00|1|unidad||||
3|1|1716|7798368470391|1|LUCCIANO´S CHANTILLY X 100GR (02)|1.00|unidad| |7400.00|7400.00|1|unidad||||
3|1|1716|7798368470384|1|LUCCIANO´S CHOCOLATE C/CROCANTE X 100GR (01)|1.00|unidad| |7400.00|7400.00|1|unidad||||
3|1|1716|7798368470421|1|LUCCIANO´S CHOCOLATE X 90GR (05)|1.00|unidad| |7400.00|7400.00|1|unidad||||
3|1|1716|7798368470438|1|LUCCIANO´S DDL C/ CROCANTE X 90GR (06)|1.00|unidad| |7400.00|7400.00|1|unidad||||
3|1|1716|0000000024240|0|LUCCIANO´S DDL X 90GR (03)|1.00|unidad| |6000.00|6000.00|1|unidad||||
3|1|1716|7798368470476|1|LUCCIANO´S MINION ICE POP X 100GR (10)|1.00|unidad| |7900.00|7900.00|1|unidad||||
3|1|1716|7798368470469|1|LUCCIANO´S OLI KING X 90GR (09)|1.00|unidad| |7800.00|7800.00|1|unidad||||
3|1|1716|7798368470735|1|LUCCIANO´S PISTACCHIO X 95GR (08)|1.00|unidad| |7800.00|7800.00|1|unidad||||
3|1|1716|7798368470414|1|LUCCIANO´S SORBETE PATAGONIA X 90GR (04)|1.00|unidad| |7400.00|7400.00|1|unidad||||
3|1|1716|7613034797469|1|LUXOR BOMBON HELADO 53G|1.00|unidad| |3100.00|3100.00|1|unidad||||
3|1|1716|7797453001441|1|M&M Chocolate 48 Grs|1.00|unidad| |5000.00|5000.00|1|unidad||||
3|1|1716|7797453001458|1|M&M MANI PAQ. X 49 GR|1.00|unidad| |5000.00|5000.00|1|unidad||||
3|1|1716|7790387015324|1|MAÑANITA YERBA 4FLEX X 500 GR|1.00|unidad| |4600.00|4600.00|1|unidad||||
3|1|1716|7790206006106|1|MARROC BOCADITO X 14 GR.|1.00|unidad| |1250.00|1250.00|1|unidad||||
3|1|1716|7798024760125|1|MAX PREMIUM JyQ-TOM-HUE- PAN NGO X UN|1.00|unidad| |10600.00|10600.00|1|unidad||||
3|1|1716|7798024766172|1|MAX PREMIUM POLLO-RU-PAR-PAN NGO X UN|1.00|unidad| |10600.00|10600.00|1|unidad||||
3|1|1716|7798024760552|1|MAX TRIANGULO LIGHT POLLO-LEC-PAN NGO X UN|1.00|unidad| |10600.00|10600.00|1|unidad||||
3|1|1716|0000000023602|0|MEDIALUNA DE GRASA X UN|1.00|unidad| |1700.00|1700.00|1|unidad||||
3|1|1716|0000000023601|0|MEDIALUNA DE MANTECA X UN|1.00|unidad| |1700.00|1700.00|1|unidad||||
3|1|1716|7891000120057|1|MEGA AMERICANA CON ALMENDRAS X 74g|1.00|unidad| |7600.00|7600.00|1|unidad||||
3|1|1716|0000000020546|0|MENTHO-PLUS ACIDOS CEREZA X 27.2G|1.00|unidad| |1900.00|1900.00|1|unidad||||
3|1|1716|0000000020540|0|MENTHO-PLUS ACIDOS NARANJA X 27.2G|1.00|unidad| |1900.00|1900.00|1|unidad||||
3|1|1716|0000000021660|0|MENTHO-PLUS CARAMELOS INHALANTES DE CEREZA X 29.4G|1.00|unidad| |1000.00|1000.00|1|unidad||||
3|1|1716|0000000021663|0|MENTHO-PLUS CARAMELOS INHALANTES MIEL X 29.4G|1.00|unidad| |1000.00|1000.00|1|unidad||||
3|1|1716|0000000021661|0|MENTHO-PLUS CARAMELOS INHALANTES STRONG X 29.4G|1.00|unidad| |1000.00|1000.00|1|unidad||||
3|1|1716|0000000017476|0|MENTHO-PLUS CARAMELOS SIN AZUCAR CHERRY X 27.3G|1.00|unidad| |1900.00|1900.00|1|unidad||||
3|1|1716|0000000017474|0|MENTHO-PLUS CARAMELOS SIN AZUCAR MENTOL X 27.3G|1.00|unidad| |1900.00|1900.00|1|unidad||||
3|1|1716|0000000021664|0|MENTHOPLUS MENTA X 29.4G|1.00|unidad| |1000.00|1000.00|1|unidad||||
3|1|1716|0000000021662|0|MENTHOPLUS MENTOL X 29.4G|1.00|unidad| |1000.00|1000.00|1|unidad||||
3|1|1716|0000000021044|0|MENTHOPLUS ZERO CARAMELOS DURAZNO X 26.6G|1.00|unidad| |1900.00|1900.00|1|unidad||||
3|1|1716|0000000021047|0|MENTHOPLUS ZERO CARAMELOS STRONG X 26.6G|1.00|unidad| |1900.00|1900.00|1|unidad||||
3|1|1716|7895144699851|1|MENTOS CARAMELOS MASTICABLES SAB.FRUTA X 29.7GR|1.00|unidad| |1300.00|1300.00|1|unidad||||
3|1|1716|7895144699844|1|MENTOS CARAMELOS MASTICABLES SAB.MENTA X 29.7GR|1.00|unidad| |1300.00|1300.00|1|unidad||||
3|1|1716|0000000021770|0|MERMELADAS X UNIDAD|1.00|unidad| |60.00|60.00|1|unidad||||
3|1|1716|0000077903785|1|MILKA ALFAJOR MOUSSE TRIPLE X 55 GR.|1.00|unidad| |3000.00|3000.00|1|unidad||||
3|1|1716|7622300457303|1|MILKA ALFAJOR TRIPLE BLANCO X 55G|1.00|unidad| |3000.00|3000.00|1|unidad||||
3|1|1716|7622300844967|1|MILKA CHOCOLATE BLANCO CON DULCE DE LECHE X 67.5G|1.00|unidad| |7200.00|7200.00|1|unidad||||
3|1|1716|7622300844943|1|MILKA CHOCOLATE C DULCE DE LECHE X 67.5G|1.00|unidad| |7400.00|7400.00|1|unidad||||
3|1|1716|0000000021565|0|MILKA CHOCOLATE C/LECHE ALMENDRAS|1.00|unidad| |3510.00|3510.00|1|unidad||||
3|1|1716|7622300990114|1|MILKA CHOCOLATE CON LECHE X 150G|1.00|unidad| |14100.00|14100.00|1|unidad||||
3|1|1716|7622201818937|1|MILKA LEGER CHOCOLATE LECHE TABLETA X 50G|1.00|unidad| |6100.00|6100.00|1|unidad||||
3|1|1716|7790580116958|1|MOGUL CARAMELO DE GOMA DINOS X 30G|1.00|unidad| |850.00|850.00|1|unidad||||
3|1|1716|7790580129507|1|MOGUL CARAMELOS DE GOMA ACIDOS BOLSA X 60G|1.00|unidad| |1400.00|1400.00|1|unidad||||
3|1|1716|7790580169312|1|MOGUL CARAMELOS DE GOMA CEREBRITOS X 30G|1.00|unidad| |1200.00|1200.00|1|unidad||||
3|1|1716|7790580116460|1|MOGUL CARAMELOS DE GOMA EXTREME ACIDO ROLLO X 35G|1.00|unidad| |1200.00|1200.00|1|unidad||||
3|1|1716|7790580603809|1|MOGUL CARAMELOS DE GOMA FRUTALES ROLLO X 35G|1.00|unidad| |1200.00|1200.00|1|unidad||||
3|1|1716|7790580199913|1|MOGUL CARAMELOS DE GOMA OSITOS X 30 GR|1.00|unidad| |1200.00|1200.00|1|unidad||||
3|1|1716|7790580200114|1|MOGUL CARAMELOS DE GOMA TIBURON X 30G|1.00|unidad| |1200.00|1200.00|1|unidad||||
3|1|1716|7798422620014|1|MONSTER ENERGY GREEN X 473CC|1.00|unidad| |5500.00|5500.00|1|unidad||||
3|1|1716|7798422620045|1|MONSTER MANGO LOCO 473|1.00|unidad| |5500.00|5500.00|1|unidad||||
3|1|1716|7798422620021|1|MONSTER ULTRA x 473 CC|1.00|unidad| |5500.00|5500.00|1|unidad||||
3|1|1716|1111111111142|1|MUFFIN CHIPS CHOC X UN|1.00|unidad| |4300.00|4300.00|1|unidad||||
3|1|1716|1111111111145|1|MUFFIN VAINILLA C/DDL X UN|1.00|unidad| |4300.00|4300.00|1|unidad||||
3|1|1716|7798304841261|1|NESQUIK NUTRIACTIV B HEL.CHOCOLATE CON CALCIN-N|1.00|unidad| |1900.00|1900.00|1|unidad||||
3|1|1716|7622210723468|1|OREO GALLETITAS BAÑADAS CHOCOLATE x17gr|1.00|unidad| |210.00|210.00|1|unidad||||
3|1|1716|7899975800523|1|Oreo Palito AR 20 x 65g|1.00|unidad| |6800.00|6800.00|1|unidad||||
3|1|1716|7899975800509|1|OREO SANDWICH AR 81GR|1.00|unidad| |6800.00|6800.00|1|unidad||||
3|1|1716|7798304841124|1|OREO TACITA X 95G|1.00|unidad| |6800.00|6800.00|1|unidad||||
3|1|1716|0000000024088|0|PAN DE CHOCOLATE X UN|1.00|unidad| |4300.00|4300.00|1|unidad||||
3|1|1716|7798024766110|1|PANINI GRIGLIATTI DE PECETO X 210G|1.00|unidad| |7350.00|7350.00|1|unidad||||
3|1|1716|7791007000764|1|PAÑUELOS DESCARTABLES CAJA X 75 UNID|1.00|unidad| |3600.00|3600.00|1|unidad||||
3|1|1716|7791070003482|1|PAÑUELOS DESCARTABLES X UNID|1.00|unidad| |700.00|700.00|1|unidad||||
3|1|1716|7798024760781|1|PEBETE PECHUGA CRISPY X UN|1.00|unidad| |10200.00|10200.00|1|unidad||||
3|1|1716|7798024760361|1|PECHUGA GRILLE C/VEGETAL DEL HUERTO X UN|1.00|unidad| |12700.00|12700.00|1|unidad||||
3|1|1716|0000077915481|1|PEPITOS ALFAJOR TRIPLE DE CHOCOLATE X 57GR|1.00|unidad| |3000.00|3000.00|1|unidad||||
3|1|1716|7791813828365|1|PEPSI BLACK PET X 500CC|1.00|unidad| |3450.00|3450.00|1|unidad||||
3|1|1716|1111111111200|1|PICO DULCE CHUPETIN X 14 GR.|1.00|unidad| |500.00|500.00|1|unidad||||
3|1|1716|7790895641183|1|POWERADE FRUTAS TROPICALES PET X 500CC|1.00|unidad| |3500.00|3500.00|1|unidad||||
3|1|1716|7790895640018|1|POWERADE MANZANA PET X 500CC|1.00|unidad| |3500.00|3500.00|1|unidad||||
3|1|1716|7790895640025|1|POWERADE MOUNTAIN BLAST PET X 500CC|1.00|unidad| |3500.00|3500.00|1|unidad||||
3|1|1716|7791519200021|1|PRIME PRESERVATIVO ANATOMICO CAJA X 3 UNID.|1.00|unidad| |6300.00|6300.00|1|unidad||||
3|1|1716|7791519200076|1|PRIME PRESERVATIVO ESPERMICIDA CAJA X 3 UNID.|1.00|unidad| |6300.00|6300.00|1|unidad||||
3|1|1716|7791519000676|1|PRIME PRESERVATIVO EXTRA LUBRICADO CAJA X 3 UNID.|1.00|unidad| |6300.00|6300.00|1|unidad||||
3|1|1716|7791519200045|1|PRIME PRESERVATIVO SUPERFINO CAJA X 3 UNID.|1.00|unidad| |6300.00|6300.00|1|unidad||||
3|1|1716|7791519200090|1|PRIME PRESERVATIVO TACHAS CAJA X 3 UNID.|1.00|unidad| |6300.00|6300.00|1|unidad||||
3|1|1716|7791519200069|1|PRIME PRESERVATIVO TEXTURADO CAJA X 3 UNID.|1.00|unidad| |6300.00|6300.00|1|unidad||||
3|1|1716|7790742167101|1|Queso Finlandia Chef Cheddar 150gr PAQUETE INSUMO|1.00|unidad| |685.00|685.00|1|unidad||||
3|1|1716|0045011111111|1|RED BULL ENERGY DRINK LATA X 250 CC|1.00|unidad| |5500.00|5500.00|1|unidad||||
3|1|1716|0000090435225|1|RED BULL ENERGY DRINK LATA X 355 CC|1.00|unidad| |6900.00|6900.00|1|unidad||||
3|1|1716|9002490232054|1|RED BULL ENERGY DRINK SUGAR FREE LATA X 250CC|1.00|unidad| |5500.00|5500.00|1|unidad||||
3|1|1716|7790580327415|1|ROCKLETS CONFITES DE CHOCOLATE PAQ. X 40 GR|1.00|unidad| |3100.00|3100.00|1|unidad||||
3|1|1716|7790580327613|1|ROCKLETS NARANJA MANI C/CHOCOLATE CONFITADO X 40G|1.00|unidad| |3100.00|3100.00|1|unidad||||
3|1|1716|7798024760507|1|ROLL CHICKEN CAESAR X 210GR|1.00|unidad| |10600.00|10600.00|1|unidad||||
3|1|1716|0000000023605|0|SACRAMENTO MEMBRILLO X UN|1.00|unidad| |1700.00|1700.00|1|unidad||||
3|1|1716|7790580716806|1|SALADIX GALLETITAS SAB. CALABRESA CAJA X 100G|1.00|unidad| |3200.00|3200.00|1|unidad||||
3|1|1716|7790580716707|1|SALADIX GALLETITAS SAB. JAMON CAJA X 100G|1.00|unidad| |3200.00|3200.00|1|unidad||||
3|1|1716|7790580697303|1|SALADIX GALLETITAS SAB. PIZZA CAJA X 100G|1.00|unidad| |3200.00|3200.00|1|unidad||||
3|1|1716|7790040374607|1|SALADIX GALLETITAS SAB.DUO CAJA X 80G|1.00|unidad| |3200.00|3200.00|1|unidad||||
3|1|1716|7790040123434|1|SALADIX GALLETITAS SAB.KESITOS X80G|1.00|unidad| |2700.00|2700.00|1|unidad||||
3|1|1716|0000077956699|1|SHOT ALFAJOR TRISHOT TRIPLE X 60G|1.00|unidad| |3000.00|3000.00|1|unidad||||
3|1|1716|7622300424084|1|SHOT CHOCOLATE CON LECHE Y MANI TABLETA X 170 GR|1.00|unidad| |12500.00|12500.00|1|unidad||||
3|1|1716|0000077914217|1|SHOT CHOCOLATE LECHE CON MANI TABLETA X 35G|1.00|unidad| |3000.00|3000.00|1|unidad||||
3|1|1716|7798304841803|1|SIN PARAR CHOCOLATE DULCE DE LECHE X 90G|1.00|unidad| |3000.00|3000.00|1|unidad||||
3|1|1716|7798304841797|1|SIN PARAR DULCE DE LECHE Y AMERICANA X 90G|1.00|unidad| |3000.00|3000.00|1|unidad||||
3|1|1716|7798304841780|1|SIN PARAR FRUTILLA CREMA X 90G|1.00|unidad| |3000.00|3000.00|1|unidad||||
3|1|1716|0022000018465|1|SKITTLES CONFITES ORIGINAL FRUIT PAQ.X 61.5GR|1.00|unidad| |4700.00|4700.00|1|unidad||||
3|1|1716|0022000018489|1|SKITTLES CONFITES WILDBERRY PAQ.X 61.5GR|1.00|unidad| |4700.00|4700.00|1|unidad||||
3|1|1716|7790895646027|1|SMART WATER C/G 591 ML|1.00|unidad| |3500.00|3500.00|1|unidad||||
3|1|1716|7790895645778|1|SMART WATER S/G 591 ML|1.00|unidad| |3500.00|3500.00|1|unidad||||
3|1|1716|7506174512248|1|SNICKERS BARRA RELL.MANI CUB.C/CHOCOLATE X 48 GR|1.00|unidad| |4700.00|4700.00|1|unidad||||
3|1|1716|0522111111111|1|SPEED UNLIMITED LATA X 250CC|1.00|unidad| |4200.00|4200.00|1|unidad||||
3|1|1716|0040000000518|1|STARBURST CARAMELO MASTICABLE SURTIDO PAQ.X 58.7G|1.00|unidad| |5100.00|5100.00|1|unidad||||
3|1|1716|7790580060206|1|SUGUS CARAMELO MASTICABLE SUELTO X 3.3 GR|1.00|unidad| |50.00|50.00|1|unidad||||
3|1|1716|7790580056001|1|SUGUS CONFITADOS CONFITES DE CARAMELO SURT.X 50 G|1.00|unidad| |2000.00|2000.00|1|unidad||||
3|1|1716|7790387000849|1|TARAGUI MATE COCIDO X 25 UNID S ENS|1.00|unidad| |135.00|135.00|1|unidad||||
3|1|1716|0029601111111|1|TARAGUI MATE LISTO X 35 GR.|1.00|unidad| |4000.00|4000.00|1|unidad||||
3|1|1716|0029621111111|1|TARAGUI TERMO MATE-LISTO CAPACIDAD 500 CC.|1.00|unidad| |5900.00|5900.00|1|unidad||||
3|1|1716|7790387013627|1|TARAGUI YERBA 4FLEX X 500 GR.|1.00|unidad| |4600.00|4600.00|1|unidad||||
3|1|1716|0000077939234|1|TERRABUSI ALFAJOR CHOCOLATE X 50 GR|1.00|unidad| |2000.00|2000.00|1|unidad||||
3|1|1716|0000077903792|1|TERRABUSI ALFAJOR TRIPLE CHOCOLATE X 70G.|1.00|unidad| |3000.00|3000.00|1|unidad||||
3|1|1716|0000077903860|1|TERRABUSI ALFAJOR TRIPLE TIPO TORTA CHOCOLAT.X 70G|1.00|unidad| |3000.00|3000.00|1|unidad||||
3|1|1716|7622300335052|1|TERRABUSI SNACKY X 60GR|1.00|unidad| |4600.00|4600.00|1|unidad||||
3|1|1716|7861002910314|1|TIC TAC PASTILLAS SABOR MENTA CAJA X 16 GR.|1.00|unidad| |1600.00|1600.00|1|unidad||||
3|1|1716|7861002910321|1|TIC TAC PASTILLAS SABOR NARANJA CAJA X 16 GR.|1.00|unidad| |1600.00|1600.00|1|unidad||||
3|1|1716|7790580746612|1|TOFI CHOCOLATE C/LECHE RELLENO D.LECHE X 55G|1.00|unidad| |420.00|420.00|1|unidad||||
3|1|1716|7798024760354|1|TOP PBT DE JAMON COCIDO Y QUESO X UN|1.00|unidad| |9100.00|9100.00|1|unidad||||
3|1|1716|0000000019823|0|TOPLINE 7 CHICLE S/AZUCAR ATM STRONG X 14G|1.00|unidad| |2300.00|2300.00|1|unidad||||
3|1|1716|0000000018843|0|TOPLINE 7 CHICLE S/AZUCAR MANDARINA  CAJA X 14G|1.00|unidad| |2300.00|2300.00|1|unidad||||
3|1|1716|7790580120573|1|TOPLINE 7 ULTRA CLEAN X 24G|1.00|unidad| |3600.00|3600.00|1|unidad||||
3|1|1716|7790580120702|1|TOPLINE 7 ULTRA GREEN MINT X 24G|1.00|unidad| |3600.00|3600.00|1|unidad||||
3|1|1716|7790580121013|1|TOPLINE 7 ULTRA RED BERRY X 24G|1.00|unidad| |3600.00|3600.00|1|unidad||||
3|1|1716|7798304841421|1|TORPEDO FRUTILLA|1.00|unidad| |2100.00|2100.00|1|unidad||||
3|1|1716|7798304841414|1|TORPEDO LIMON|1.00|unidad| |2100.00|2100.00|1|unidad||||
3|1|1716|7798024760460|1|TRIPLE MIGA BLANCO J.COCIDO Y QUESO X 3 UN|1.00|unidad| |9600.00|9600.00|1|unidad||||
3|1|1716|7798024760477|1|TRIPLE MIGA NEGRO J.COCIDO Y QUESO X 3 UN|1.00|unidad| |9600.00|9600.00|1|unidad||||
3|1|1716|7622202839962|1|VARIEDAD GALLETITAS DULCES SURTIDAS X 390GR.|1.00|unidad|VARIEDAD|5800.00|5800.00|1|unidad||||
3|1|1716|0016871111111|1|VASO REUTILIZABLE|1.00|unidad| |4500.00|4500.00|1|unidad||||
3|1|1716|0000000004361|0|VAUQUITA TABLETA DE DULCE DE LECHE X 25 GR.|1.00|unidad| |190.00|190.00|1|unidad||||
3|1|1716|7790315100184|1|VDS LEVITE CERO AGUA S/G MANZANA PET X 500cc|1.00|unidad| |3450.00|3450.00|1|unidad||||
3|1|1716|0021352111111|1|VDS LEVITE CERO AGUA S/G NARANJA PET X 500cc|1.00|unidad| |3450.00|3450.00|1|unidad||||
3|1|1716|0021347111111|1|VILLA DEL SUR LEVITE S/G MANZANA PET X 500cc|1.00|unidad| |3450.00|3450.00|1|unidad||||
3|1|1716|7798062548655|1|VILLA DEL SUR LEVITE S/G NARANJA PET X 500cc|1.00|unidad| |3450.00|3450.00|1|unidad||||
3|1|1716|0021349111111|1|VILLA DEL SUR LEVITE S/G PERA PET X 500cc|1.00|unidad| |3450.00|3450.00|1|unidad||||
3|1|1716|7799155000982|1|VILLA DEL SUR LEVITE S/G POMELO PET X 500cc|1.00|unidad| |3450.00|3450.00|1|unidad||||
3|1|1716|7799155000210|1|VILLAVICENCIO AGUA FINAMENTE GASIFICADA PET X 1.5L|1.00|unidad| |5300.00|5300.00|1|unidad||||
3|1|1716|7799155000203|1|VILLAVICENCIO AGUA FINAMENTE GASIFICADA PET X 500C|1.00|unidad| |3650.00|3650.00|1|unidad||||
3|1|1716|0022000293220|1|Wrigleys Doubl 12.5g|1.00|unidad| |2600.00|2600.00|1|unidad||||
3|1|1716|0022000293305|1|Wrigleys Spear 12.5g|1.00|unidad| |2600.00|2600.00|1|unidad||||
3|1|1716|7791337010826|1|Yogurisimo Botellita Frutilla x 190g|1.00|unidad| |5500.00|5500.00|1|unidad||||
3|1|1716|7798187760246|1|ZAFRAN BARRA DE CEREAL ALM/COCO X 28G|1.00|unidad| |1900.00|1900.00|1|unidad||||
3|1|1716|7798187760277|1|ZAFRAN BARRA DE CEREAL CAJU/ZAPALLO 28G|1.00|unidad| |1900.00|1900.00|1|unidad||||
3|1|1716|7798187760253|1|ZAFRAN BARRA DE CEREAL MANI/CACAO 28G|1.00|unidad| |1900.00|1900.00|1|unidad||||
3|1|1716|7798187760260|1|ZAFRAN BARRA DE CEREAL MZNA/CHIA 28G|1.00|unidad| |1900.00|1900.00|1|unidad||||
3|1|1717|7791813434412|1|7UP FREE PET X 1.5L|1.00|unidad| |5200.00|5200.00|1|unidad||||
3|1|1717|0000000023897|0|AFEITADORA BIC COMFORT  3|1.00|unidad| |820.00|820.00|1|unidad||||
3|1|1717|7790580109882|1|AGUILA EXTRAFINO 60% CACAO X 150 GR|1.00|unidad| |16100.00|16100.00|1|unidad||||
3|1|1717|7790040133594|1|AGUILA MINITORTA BROWNIE X 72G|1.00|unidad| |3100.00|3100.00|1|unidad||||
3|1|1717|7790040298705|1|AGUILA MINITORTA DDLECHE/MOUSSE SAB.VAINILLA X 72G|1.00|unidad| |3100.00|3100.00|1|unidad||||
3|1|1717|0000000023956|0|ALFAJOR CHOCOLATE|1.00|unidad| |2350.00|2350.00|1|unidad||||
3|1|1717|0000000023280|0|ALFAJORES DE MAICENA|1.00|unidad| |2350.00|2350.00|1|unidad||||
3|1|1717|7790580607418|1|ARCOR CHOCOLATE BLANCO TABLETA X 25 GR|1.00|unidad| |2500.00|2500.00|1|unidad||||
3|1|1717|7790580607210|1|ARCOR CHOCOLATE CON LECHE TABLETA X 25GR|1.00|unidad| |2500.00|2500.00|1|unidad||||
3|1|1717|0000000001339|0|ARCOR OBLEA RELLENA C/PASTA DE TURRON Y MANI X 25G|1.00|unidad| |700.00|700.00|1|unidad||||
3|1|1717|7793360294600|1|BC JUGO MANZANA TETRA X 200CC|1.00|unidad| |1300.00|1300.00|1|unidad||||
3|1|1717|7793360246609|1|BC JUGO NARANJA TETRA X 200CC.|1.00|unidad| |1300.00|1300.00|1|unidad||||
3|1|1717|7790580154264|1|BEB MULTIFRUTA BC 24X200ML|1.00|unidad| |1300.00|1300.00|1|unidad||||
3|1|1717|7792730020559|1|BIZNIKKE NEVADO CHOCOLATE TABLETA X 120 GR.|1.00|unidad| |9200.00|9200.00|1|unidad||||
3|1|1717|7790580722708|1|BOMBON TOFI LECHE X 15G|1.00|unidad| |2100.00|2100.00|1|unidad||||
3|1|1717|7790040613607|1|Bon O Bon Alfajor Chocolate Blanco x40 gr|1.00|unidad| |2100.00|2100.00|1|unidad||||
3|1|1717|7790040613706|1|BON O BON ALFAJOR CHOCOLATE NEGRO/LECHE X 40G|1.00|unidad| |2100.00|2100.00|1|unidad||||
3|1|1717|0000000021586|0|BON-O-BON BOMBON AGUILA X 15G|1.00|unidad| |1100.00|1100.00|1|unidad||||
3|1|1717|7790580119058|1|BON-O-BON BOMBON CHOCOLATE BLANCO X 15G|1.00|unidad| |1100.00|1100.00|1|unidad||||
3|1|1717|0000000021587|0|BON-O-BON BOMBON CHOCOLINA X 15G|1.00|unidad| |1100.00|1100.00|1|unidad||||
3|1|1717|7792360072409|1|BONAFIDE BOCADITO DDL X 16G|1.00|unidad| |1800.00|1800.00|1|unidad||||
3|1|1717|0000000021151|0|BROWNIE ARTESANAL|1.00|unidad| |5850.00|5850.00|1|unidad||||
3|1|1717|0000000023273|0|BUDIN BANANA Y DDL|1.00|unidad| |5300.00|5300.00|1|unidad||||
3|1|1717|0000000021701|0|BUDIN DE FRUTOS SECOS|1.00|unidad| |5300.00|5300.00|1|unidad||||
3|1|1717|0000000021700|0|BUDIN DE LIMON Y ARANDANOS|1.00|unidad| |5300.00|5300.00|1|unidad||||
3|1|1717|7790407022011|1|CABSHA BOCADITO X 10G|1.00|unidad| |1000.00|1000.00|1|unidad||||
3|1|1717|7798128000271|1|CACHAFAZ ALFAJOR MOUSSE X 50G|1.00|unidad| |3400.00|3400.00|1|unidad||||
3|1|1717|7622201818739|1|CADBURY CHOCOLATE C/LECHE TRES SUEÑOS X 82G|1.00|unidad| |8200.00|8200.00|1|unidad||||
3|1|1717|7622201818654|1|CADBURY CHOCOLATE RELLENO YOGHURT FRUTILLA X 29G|1.00|unidad| |3500.00|3500.00|1|unidad||||
3|1|1717|7622202271250|1|Caram. Halls 12u Strong Nvo|1.00|unidad| |1350.00|1350.00|1|unidad||||
3|1|1717|7622202247286|1|Caram. Halls Cherry Nvo 28 Grs|1.00|unidad| |1350.00|1350.00|1|unidad||||
3|1|1717|7790895649301|1|CEPITA 20% NARANJA 200ML|1.00|unidad| |2200.00|2200.00|1|unidad||||
3|1|1717|7790895009853|1|CEPITA JUGO MANZANA BOTELLA X 1L|1.00|unidad| |6100.00|6100.00|1|unidad||||
3|1|1717|7790895000720|1|CEPITA JUGO MANZANA TETRA X 200CC.|1.00|unidad| |2200.00|2200.00|1|unidad||||
3|1|1717|7790895647017|1|CEPITA JUGO MANZANA ZINC TETRA X 1 LT.|1.00|unidad| |4450.00|4450.00|1|unidad||||
3|1|1717|7790895000737|1|CEPITA JUGO MULTIFRUTA TETRA X 200CC|1.00|unidad| |2200.00|2200.00|1|unidad||||
3|1|1717|7790895647123|1|CEPITA JUGO MULTIFRUTA ZINC TETRA X 1 LT.|1.00|unidad| |4450.00|4450.00|1|unidad||||
3|1|1717|7790895648267|1|CEPITA NARANJA 20% 1L|1.00|unidad| |4450.00|4450.00|1|unidad||||
3|1|1717|7790895009815|1|CEPITA NARANJA 995CC|1.00|unidad| |6100.00|6100.00|1|unidad||||
3|1|1717|0000000022630|0|CEREAL MIX BARRA DE CEREAL C/FRUTILLA&YOGHURT X26G|1.00|unidad| |2000.00|2000.00|1|unidad||||
3|1|1717|0000000001341|0|CEREAL MIX BARRA DE CEREAL X 23G|1.00|unidad| |2000.00|2000.00|1|unidad||||
3|1|1717|0000000022631|0|CEREAL MIX BARRA DE CEREAL YOGH/FRUTIL.L.X26g|1.00|unidad| |2000.00|2000.00|1|unidad||||
3|1|1717|7790580123345|1|CH. TL7 MENTHOL 20X16X14G|1.00|unidad| |2300.00|2300.00|1|unidad||||
3|1|1717|0000000019822|0|CH. TL7 VIBR. STRAW. 20X16X14G|1.00|unidad| |2300.00|2300.00|1|unidad||||
3|1|1717|7790580104252|1|CH. TL7 VIOL. CHERRY 20X16X14G|1.00|unidad| |2300.00|2300.00|1|unidad||||
3|1|1717|7790580317607|1|CH. TL7 XPLOS. MINT 20X16X14G|1.00|unidad| |2300.00|2300.00|1|unidad||||
3|1|1717|8445290701961|1|Choc Bananita Dolca 30 grs|1.00|unidad| |2400.00|2400.00|1|unidad||||
3|1|1717|8445290701596|1|Choc. Bananita Dolca 14grs|1.00|unidad| |1400.00|1400.00|1|unidad||||
3|1|1717|7622202328947|1|Choc. Milka 55g Leche NVO|1.00|unidad| |6400.00|6400.00|1|unidad||||
3|1|1717|7790070418296|1|Chocoarroz Blanco est. 22g|1.00|unidad| |2000.00|2000.00|1|unidad||||
3|1|1717|7790070418203|1|Chocoarroz DL 22 gr|1.00|unidad| |2000.00|2000.00|1|unidad||||
3|1|1717|7790580103521|1|CHOCOLATE LECHE CON CONFITES COFLER X 55 G|1.00|unidad| |6200.00|6200.00|1|unidad||||
3|1|1717|7798304840851|1|CHOMPAlmedC/SsaDDL6x180g|1.00|unidad| |10700.00|10700.00|1|unidad||||
3|1|1717|7798130953640|1|CHUPETIN COCO POP X 17 G|1.00|unidad| |3600.00|3600.00|1|unidad||||
3|1|1717|7798130954777|1|CHUPETIN EMOTI POP 11GR|1.00|unidad| |3600.00|3600.00|1|unidad||||
3|1|1717|0000000023604|0|CIRCULAR MEMBRILLO X UN|1.00|unidad| |1700.00|1700.00|1|unidad||||
3|1|1717|7798085680516|1|CITRIC JUGO NARANJA MANGO TETRA X 500CC|1.00|unidad| |3850.00|3850.00|1|unidad||||
3|1|1717|7798085681834|1|CITRIC JUGO NARANJA TETRA X 1L|1.00|unidad| |5750.00|5750.00|1|unidad||||
3|1|1717|7798085681445|1|CITRIC JUGO NARANJA TETRA X 250CC|1.00|unidad| |2200.00|2200.00|1|unidad||||
3|1|1717|7798085681452|1|CITRIC JUGO NARANJA TETRA X 500CC|1.00|unidad| |3850.00|3850.00|1|unidad||||
3|1|1717|7798085680295|1|CITRIC JUGO NARANJA/ DURAZNO TETRA X 500CC|1.00|unidad| |3850.00|3850.00|1|unidad||||
3|1|1717|7790895000997|1|COCA-COLA X 2.25L|1.00|unidad| |8950.00|8950.00|1|unidad||||
3|1|1717|7790040659605|1|COFLER BLOCK ALFAJOR CHOCOLATE X 60 G|1.00|unidad| |3100.00|3100.00|1|unidad||||
3|1|1717|0000000018365|0|COFLER BLOCK CHOCOLATE C/LECHE Y MANI TAB.X 110GR|1.00|unidad| |8300.00|8300.00|1|unidad||||
3|1|1717|0000000015301|0|COFLER BLOCK CHOCOLATE C/LECHE Y MANI TAB.X 38GR|1.00|unidad| |3400.00|3400.00|1|unidad||||
3|1|1717|7790580105013|1|COFLER BLOCK CHOCOLATE X 170G|1.00|unidad| |14000.00|14000.00|1|unidad||||
3|1|1717|7790580115579|1|COFLER BLOCK CHOCOLATE X 1KG|1.00|unidad| |66200.00|66200.00|1|unidad||||
3|1|1717|7790580103385|1|COFLER CHOCOLATE AIREADO BCO/LECHE X 27 GR.|1.00|unidad| |3600.00|3600.00|1|unidad||||
3|1|1717|7790580103378|1|COFLER CHOCOLATE AIREADO BLANCO X 27 GR.|1.00|unidad| |3600.00|3600.00|1|unidad||||
3|1|1717|7790580115869|1|COFLER CHOCOLATE AIREADO BON O BON X 67G|1.00|unidad| |7000.00|7000.00|1|unidad||||
3|1|1717|7790580103361|1|COFLER CHOCOLATE AIREADO LECHE X 27 GR.|1.00|unidad| |3600.00|3600.00|1|unidad||||
3|1|1717|7790580043407|1|COFLER CHOCOLATE AIREADO LECHE X 55G|1.00|unidad| |7100.00|7100.00|1|unidad||||
3|1|1717|7790580003531|1|COFLER CHOCOLATE BCO&COOK X 55G|1.00|unidad| |6200.00|6200.00|1|unidad||||
3|1|1717|7790580043506|1|COFLER CHOCOLATE LECHE CON ALMENDRAS X 55G|1.00|unidad| |6200.00|6200.00|1|unidad||||
3|1|1717|0000000024109|0|CRIOLLITO X UN|1.00|unidad| |1700.00|1700.00|1|unidad||||
3|1|1717|0000000023957|0|CROISSANT J Y Q|1.00|unidad| |6400.00|6400.00|1|unidad||||
3|1|1717|7798024760798|1|CROQUE MONSIEUR J Y Q BLANCO X UN|1.00|unidad| |10100.00|10100.00|1|unidad||||
3|1|1717|7798024760804|1|CROQUE MONSIEUR J Y Q NEGRO X UN|1.00|unidad| |10100.00|10100.00|1|unidad||||
3|1|1717|0000000020568|0|CUADRADO DE PASTA FROLA|1.00|unidad| |5300.00|5300.00|1|unidad||||
3|1|1717|7795735000106|1|DON SATUR TALITAS X 140GR|1.00|unidad| |2800.00|2800.00|1|unidad||||
3|1|1717|7790206007509|1|DOS CORAZONES BOCADITO CHOC.C/LECHE RELL. X 26GR|1.00|unidad| |2200.00|2200.00|1|unidad||||
3|1|1717|7792799000035|1|ECO DE LOS ANDES AGUA CON GAS PET X 500CC.|1.00|unidad| |3300.00|3300.00|1|unidad||||
3|1|1717|7798128000486|1|EL CACHAFAZ ALFAJOR BLANCO FLOWPACK X 60 GR|1.00|unidad| |3300.00|3300.00|1|unidad||||
3|1|1717|7798128000462|1|EL CACHAFAZ ALFAJOR CHOCOLATE FLOWPACK X 60 GR|1.00|unidad| |3200.00|3200.00|1|unidad||||
3|1|1717|7798128001940|1|EL CACHAFAZ ALFAJOR DE MAICENA X 76G|1.00|unidad| |3300.00|3300.00|1|unidad||||
3|1|1717|7798128001797|1|EL CACHAFAZ CONITO DULCE DE LECHE X 38G|1.00|unidad| |2700.00|2700.00|1|unidad||||
3|1|1717|7798024760569|1|ENSALADA CESAR  PREMIUM X UN|1.00|unidad| |14300.00|14300.00|1|unidad||||
3|1|1717|7798024760392|1|ENSALADA CHEF PREMIUM X UN|1.00|unidad| |14300.00|14300.00|1|unidad||||
3|1|1717|7798024766417|1|ENSALADA MIX VEG.C/PECHUGUITAS AL SESAMO X UN|1.00|unidad| |14300.00|14300.00|1|unidad||||
3|1|1717|7613035242524|1|EPA DDL MAX 88GR|1.00|unidad| |6800.00|6800.00|1|unidad||||
3|1|1717|7613035242500|1|EPA ROCKER X 88G|1.00|unidad| |6800.00|6800.00|1|unidad||||
3|1|1717|7898024390121|1|FERRERO ROCHER BOMBON CHOC.RELL.PAQ.3 UNID X 37.5G|1.00|unidad| |5600.00|5600.00|1|unidad||||
3|1|1717|7798024760255|1|FIGAZZITAS DE SALAME Y QUESO X 2 UN|1.00|unidad| |9100.00|9100.00|1|unidad||||
3|1|1717|7798147780062|1|Franui sabor Black 150gr|1.00|unidad| |8500.00|8500.00|1|unidad||||
3|1|1717|7798147783223|1|Franui sabor Leche 150gr|1.00|unidad| |8500.00|8500.00|1|unidad||||
3|1|1717|7790070431936|1|Gallo YoguBar 20gr|1.00|unidad| |1800.00|1800.00|1|unidad||||
3|1|1717|0067061111111|1|GATORADE COOL BLUE PET X 500CC|1.00|unidad| |4300.00|4300.00|1|unidad||||
3|1|1717|0071971211111|1|GATORADE FRUTOS TROPICALES PET X 750CC|1.00|unidad| |5200.00|5200.00|1|unidad||||
3|1|1717|0066011111111|1|GATORADE MANZANA PET X 500CC|1.00|unidad| |4300.00|4300.00|1|unidad||||
3|1|1717|0042831111111|1|GATORADE MANZANA PET X 750CC|1.00|unidad| |5100.00|5100.00|1|unidad||||
3|1|1717|0006602111111|1|GATORADE NARANJA PET X 500CC|1.00|unidad| |4300.00|4300.00|1|unidad||||
3|1|1717|7798024766103|1|GRANDWICH PANINI GRIGLIATTI JAM/QUE/TOM/HUE X 210G|1.00|unidad| |7350.00|7350.00|1|unidad||||
3|1|1717|0000000023445|0|HALLS FREE MENTA X 28 G|1.00|unidad| |1500.00|1500.00|1|unidad||||
3|1|1717|7791249450277|1|HALLS MENTA LYPTUS CARAMELOS DUROS PAQ.X 28G|1.00|unidad| |1300.00|1300.00|1|unidad||||
3|1|1717|0000000023603|0|ICEDREAM CIRCULAR PASTELERA X UN|1.00|unidad| |1700.00|1700.00|1|unidad||||
3|1|1717|0028411111111|1|JORGITO ALFAJOR BLANCO X 50G|1.00|unidad| |1800.00|1800.00|1|unidad||||
3|1|1717|0011111112842|1|JORGITO ALFAJOR CHOCOLATE X 55G|1.00|unidad| |1800.00|1800.00|1|unidad||||
3|1|1717|7790957000545|1|JORGITO MINI ALFAJOR CHOCOLATE PAQ.X 6 UNID.|1.00|unidad| |4900.00|4900.00|1|unidad||||
3|1|1717|7790957000538|1|JORGITO MINI ALFAJOR GLACEADO PAQ.X 6 UNID.X 155GR|1.00|unidad| |4900.00|4900.00|1|unidad||||
3|1|1717|0000080052760|1|KINDER BUENO OBLEA CHOCOLATE CON LECHE X 43G|1.00|unidad| |4900.00|4900.00|1|unidad||||
3|1|1717|0000077949677|1|KINDER CHOCOLATE X 50G|1.00|unidad| |5700.00|5700.00|1|unidad||||
3|1|1717|7891000379073|1|KIT KAT DARK OBLEA BAÑADA CHOCOLATE X 41.5G|1.00|unidad| |3000.00|3000.00|1|unidad||||
3|1|1717|7891000379028|1|KIT KAT OBLEA BAÑADA CHOCOLATE BLANCO X 41.5G|1.00|unidad| |3000.00|3000.00|1|unidad||||
3|1|1717|7791337007260|1|Leche chocolatada Cindor 200ml|1.00|unidad| |3800.00|3800.00|1|unidad||||
3|1|1717|7791337007253|1|Leche chocolatada Cindor x 1L|1.00|unidad| |11500.00|11500.00|1|unidad||||
3|1|1717|7798368470391|1|LUCCIANO´S CHANTILLY X 100GR (02)|1.00|unidad| |7400.00|7400.00|1|unidad||||
3|1|1717|7798368470384|1|LUCCIANO´S CHOCOLATE C/CROCANTE X 100GR (01)|1.00|unidad| |7400.00|7400.00|1|unidad||||
3|1|1717|7798368470421|1|LUCCIANO´S CHOCOLATE X 90GR (05)|1.00|unidad| |7400.00|7400.00|1|unidad||||
3|1|1717|7798368470438|1|LUCCIANO´S DDL C/ CROCANTE X 90GR (06)|1.00|unidad| |7400.00|7400.00|1|unidad||||
3|1|1717|0000000024240|0|LUCCIANO´S DDL X 90GR (03)|1.00|unidad| |6000.00|6000.00|1|unidad||||
3|1|1717|7798368470476|1|LUCCIANO´S MINION ICE POP X 100GR (10)|1.00|unidad| |7900.00|7900.00|1|unidad||||
3|1|1717|7798368470469|1|LUCCIANO´S OLI KING X 90GR (09)|1.00|unidad| |7800.00|7800.00|1|unidad||||
3|1|1717|7798368470735|1|LUCCIANO´S PISTACCHIO X 95GR (08)|1.00|unidad| |7800.00|7800.00|1|unidad||||
3|1|1717|7798368470414|1|LUCCIANO´S SORBETE PATAGONIA X 90GR (04)|1.00|unidad| |7400.00|7400.00|1|unidad||||
3|1|1717|7613034797469|1|LUXOR BOMBON HELADO 53G|1.00|unidad| |3100.00|3100.00|1|unidad||||
3|1|1717|7797453001441|1|M&M Chocolate 48 Grs|1.00|unidad| |5000.00|5000.00|1|unidad||||
3|1|1717|7797453001458|1|M&M MANI PAQ. X 49 GR|1.00|unidad| |5000.00|5000.00|1|unidad||||
3|1|1717|7790387015324|1|MAÑANITA YERBA 4FLEX X 500 GR|1.00|unidad| |4600.00|4600.00|1|unidad||||
3|1|1717|7790206006106|1|MARROC BOCADITO X 14 GR.|1.00|unidad| |1250.00|1250.00|1|unidad||||
3|1|1717|7798024760125|1|MAX PREMIUM JyQ-TOM-HUE- PAN NGO X UN|1.00|unidad| |10600.00|10600.00|1|unidad||||
3|1|1717|7798024766172|1|MAX PREMIUM POLLO-RU-PAR-PAN NGO X UN|1.00|unidad| |10600.00|10600.00|1|unidad||||
3|1|1717|7798024760552|1|MAX TRIANGULO LIGHT POLLO-LEC-PAN NGO X UN|1.00|unidad| |10600.00|10600.00|1|unidad||||
3|1|1717|0000000023602|0|MEDIALUNA DE GRASA X UN|1.00|unidad| |1700.00|1700.00|1|unidad||||
3|1|1717|0000000023601|0|MEDIALUNA DE MANTECA X UN|1.00|unidad| |1700.00|1700.00|1|unidad||||
3|1|1717|7891000120057|1|MEGA AMERICANA CON ALMENDRAS X 74g|1.00|unidad| |7600.00|7600.00|1|unidad||||
3|1|1717|0000000020546|0|MENTHO-PLUS ACIDOS CEREZA X 27.2G|1.00|unidad| |1900.00|1900.00|1|unidad||||
3|1|1717|0000000020540|0|MENTHO-PLUS ACIDOS NARANJA X 27.2G|1.00|unidad| |1900.00|1900.00|1|unidad||||
3|1|1717|0000000021660|0|MENTHO-PLUS CARAMELOS INHALANTES DE CEREZA X 29.4G|1.00|unidad| |1000.00|1000.00|1|unidad||||
3|1|1717|0000000021663|0|MENTHO-PLUS CARAMELOS INHALANTES MIEL X 29.4G|1.00|unidad| |1000.00|1000.00|1|unidad||||
3|1|1717|0000000021661|0|MENTHO-PLUS CARAMELOS INHALANTES STRONG X 29.4G|1.00|unidad| |1000.00|1000.00|1|unidad||||
3|1|1717|0000000017476|0|MENTHO-PLUS CARAMELOS SIN AZUCAR CHERRY X 27.3G|1.00|unidad| |1900.00|1900.00|1|unidad||||
3|1|1717|0000000017474|0|MENTHO-PLUS CARAMELOS SIN AZUCAR MENTOL X 27.3G|1.00|unidad| |1900.00|1900.00|1|unidad||||
3|1|1717|0000000021664|0|MENTHOPLUS MENTA X 29.4G|1.00|unidad| |1000.00|1000.00|1|unidad||||
3|1|1717|0000000021662|0|MENTHOPLUS MENTOL X 29.4G|1.00|unidad| |1000.00|1000.00|1|unidad||||
3|1|1717|0000000021044|0|MENTHOPLUS ZERO CARAMELOS DURAZNO X 26.6G|1.00|unidad| |1900.00|1900.00|1|unidad||||
3|1|1717|0000000021047|0|MENTHOPLUS ZERO CARAMELOS STRONG X 26.6G|1.00|unidad| |1900.00|1900.00|1|unidad||||
3|1|1717|7895144699851|1|MENTOS CARAMELOS MASTICABLES SAB.FRUTA X 29.7GR|1.00|unidad| |1300.00|1300.00|1|unidad||||
3|1|1717|7895144699844|1|MENTOS CARAMELOS MASTICABLES SAB.MENTA X 29.7GR|1.00|unidad| |1300.00|1300.00|1|unidad||||
3|1|1717|0000000021770|0|MERMELADAS X UNIDAD|1.00|unidad| |60.00|60.00|1|unidad||||
3|1|1717|0000077903785|1|MILKA ALFAJOR MOUSSE TRIPLE X 55 GR.|1.00|unidad| |3000.00|3000.00|1|unidad||||
3|1|1717|7622300457303|1|MILKA ALFAJOR TRIPLE BLANCO X 55G|1.00|unidad| |3000.00|3000.00|1|unidad||||
3|1|1717|7622300844967|1|MILKA CHOCOLATE BLANCO CON DULCE DE LECHE X 67.5G|1.00|unidad| |7200.00|7200.00|1|unidad||||
3|1|1717|7622300844943|1|MILKA CHOCOLATE C DULCE DE LECHE X 67.5G|1.00|unidad| |7400.00|7400.00|1|unidad||||
3|1|1717|0000000021565|0|MILKA CHOCOLATE C/LECHE ALMENDRAS|1.00|unidad| |3510.00|3510.00|1|unidad||||
3|1|1717|7622300990114|1|MILKA CHOCOLATE CON LECHE X 150G|1.00|unidad| |14100.00|14100.00|1|unidad||||
3|1|1717|7622201818937|1|MILKA LEGER CHOCOLATE LECHE TABLETA X 50G|1.00|unidad| |6100.00|6100.00|1|unidad||||
3|1|1717|7790580116958|1|MOGUL CARAMELO DE GOMA DINOS X 30G|1.00|unidad| |850.00|850.00|1|unidad||||
3|1|1717|7790580129507|1|MOGUL CARAMELOS DE GOMA ACIDOS BOLSA X 60G|1.00|unidad| |1400.00|1400.00|1|unidad||||
3|1|1717|7790580169312|1|MOGUL CARAMELOS DE GOMA CEREBRITOS X 30G|1.00|unidad| |1200.00|1200.00|1|unidad||||
3|1|1717|7790580116460|1|MOGUL CARAMELOS DE GOMA EXTREME ACIDO ROLLO X 35G|1.00|unidad| |1200.00|1200.00|1|unidad||||
3|1|1717|7790580603809|1|MOGUL CARAMELOS DE GOMA FRUTALES ROLLO X 35G|1.00|unidad| |1200.00|1200.00|1|unidad||||
3|1|1717|7790580199913|1|MOGUL CARAMELOS DE GOMA OSITOS X 30 GR|1.00|unidad| |1200.00|1200.00|1|unidad||||
3|1|1717|7790580200114|1|MOGUL CARAMELOS DE GOMA TIBURON X 30G|1.00|unidad| |1200.00|1200.00|1|unidad||||
3|1|1717|7798422620014|1|MONSTER ENERGY GREEN X 473CC|1.00|unidad| |5500.00|5500.00|1|unidad||||
3|1|1717|7798422620045|1|MONSTER MANGO LOCO 473|1.00|unidad| |5500.00|5500.00|1|unidad||||
3|1|1717|7798422620021|1|MONSTER ULTRA x 473 CC|1.00|unidad| |5500.00|5500.00|1|unidad||||
3|1|1717|1111111111142|1|MUFFIN CHIPS CHOC X UN|1.00|unidad| |4300.00|4300.00|1|unidad||||
3|1|1717|1111111111145|1|MUFFIN VAINILLA C/DDL X UN|1.00|unidad| |4300.00|4300.00|1|unidad||||
3|1|1717|7798304841261|1|NESQUIK NUTRIACTIV B HEL.CHOCOLATE CON CALCIN-N|1.00|unidad| |1900.00|1900.00|1|unidad||||
3|1|1717|7622210723468|1|OREO GALLETITAS BAÑADAS CHOCOLATE x17gr|1.00|unidad| |210.00|210.00|1|unidad||||
3|1|1717|7899975800523|1|Oreo Palito AR 20 x 65g|1.00|unidad| |6800.00|6800.00|1|unidad||||
3|1|1717|7899975800509|1|OREO SANDWICH AR 81GR|1.00|unidad| |6800.00|6800.00|1|unidad||||
3|1|1717|7798304841124|1|OREO TACITA X 95G|1.00|unidad| |6800.00|6800.00|1|unidad||||
3|1|1717|0000000024088|0|PAN DE CHOCOLATE X UN|1.00|unidad| |4300.00|4300.00|1|unidad||||
3|1|1717|7798024766110|1|PANINI GRIGLIATTI DE PECETO X 210G|1.00|unidad| |7350.00|7350.00|1|unidad||||
3|1|1717|7791007000764|1|PAÑUELOS DESCARTABLES CAJA X 75 UNID|1.00|unidad| |3600.00|3600.00|1|unidad||||
3|1|1717|7791070003482|1|PAÑUELOS DESCARTABLES X UNID|1.00|unidad| |700.00|700.00|1|unidad||||
3|1|1717|7798024760781|1|PEBETE PECHUGA CRISPY X UN|1.00|unidad| |10200.00|10200.00|1|unidad||||
3|1|1717|7798024760361|1|PECHUGA GRILLE C/VEGETAL DEL HUERTO X UN|1.00|unidad| |12700.00|12700.00|1|unidad||||
3|1|1717|0000077915481|1|PEPITOS ALFAJOR TRIPLE DE CHOCOLATE X 57GR|1.00|unidad| |3000.00|3000.00|1|unidad||||
3|1|1717|7791813828365|1|PEPSI BLACK PET X 500CC|1.00|unidad| |3450.00|3450.00|1|unidad||||
3|1|1717|1111111111200|1|PICO DULCE CHUPETIN X 14 GR.|1.00|unidad| |500.00|500.00|1|unidad||||
3|1|1717|7790895641183|1|POWERADE FRUTAS TROPICALES PET X 500CC|1.00|unidad| |3500.00|3500.00|1|unidad||||
3|1|1717|7790895640018|1|POWERADE MANZANA PET X 500CC|1.00|unidad| |3500.00|3500.00|1|unidad||||
3|1|1717|7790895640025|1|POWERADE MOUNTAIN BLAST PET X 500CC|1.00|unidad| |3500.00|3500.00|1|unidad||||
3|1|1717|7791519200021|1|PRIME PRESERVATIVO ANATOMICO CAJA X 3 UNID.|1.00|unidad| |6300.00|6300.00|1|unidad||||
3|1|1717|7791519200076|1|PRIME PRESERVATIVO ESPERMICIDA CAJA X 3 UNID.|1.00|unidad| |6300.00|6300.00|1|unidad||||
3|1|1717|7791519000676|1|PRIME PRESERVATIVO EXTRA LUBRICADO CAJA X 3 UNID.|1.00|unidad| |6300.00|6300.00|1|unidad||||
3|1|1717|7791519200045|1|PRIME PRESERVATIVO SUPERFINO CAJA X 3 UNID.|1.00|unidad| |6300.00|6300.00|1|unidad||||
3|1|1717|7791519200090|1|PRIME PRESERVATIVO TACHAS CAJA X 3 UNID.|1.00|unidad| |6300.00|6300.00|1|unidad||||
3|1|1717|7791519200069|1|PRIME PRESERVATIVO TEXTURADO CAJA X 3 UNID.|1.00|unidad| |6300.00|6300.00|1|unidad||||
3|1|1717|7790742167101|1|Queso Finlandia Chef Cheddar 150gr PAQUETE INSUMO|1.00|unidad| |685.00|685.00|1|unidad||||
3|1|1717|0045011111111|1|RED BULL ENERGY DRINK LATA X 250 CC|1.00|unidad| |5500.00|5500.00|1|unidad||||
3|1|1717|0000090435225|1|RED BULL ENERGY DRINK LATA X 355 CC|1.00|unidad| |6900.00|6900.00|1|unidad||||
3|1|1717|9002490232054|1|RED BULL ENERGY DRINK SUGAR FREE LATA X 250CC|1.00|unidad| |5500.00|5500.00|1|unidad||||
3|1|1717|7790580327415|1|ROCKLETS CONFITES DE CHOCOLATE PAQ. X 40 GR|1.00|unidad| |3100.00|3100.00|1|unidad||||
3|1|1717|7790580327613|1|ROCKLETS NARANJA MANI C/CHOCOLATE CONFITADO X 40G|1.00|unidad| |3100.00|3100.00|1|unidad||||
3|1|1717|7798024760507|1|ROLL CHICKEN CAESAR X 210GR|1.00|unidad| |10600.00|10600.00|1|unidad||||
3|1|1717|0000000023605|0|SACRAMENTO MEMBRILLO X UN|1.00|unidad| |1700.00|1700.00|1|unidad||||
3|1|1717|7790580716806|1|SALADIX GALLETITAS SAB. CALABRESA CAJA X 100G|1.00|unidad| |3200.00|3200.00|1|unidad||||
3|1|1717|7790580716707|1|SALADIX GALLETITAS SAB. JAMON CAJA X 100G|1.00|unidad| |3200.00|3200.00|1|unidad||||
3|1|1717|7790580697303|1|SALADIX GALLETITAS SAB. PIZZA CAJA X 100G|1.00|unidad| |3200.00|3200.00|1|unidad||||
3|1|1717|7790040374607|1|SALADIX GALLETITAS SAB.DUO CAJA X 80G|1.00|unidad| |3200.00|3200.00|1|unidad||||
3|1|1717|7790040123434|1|SALADIX GALLETITAS SAB.KESITOS X80G|1.00|unidad| |2700.00|2700.00|1|unidad||||
3|1|1717|0000077956699|1|SHOT ALFAJOR TRISHOT TRIPLE X 60G|1.00|unidad| |3000.00|3000.00|1|unidad||||
3|1|1717|7622300424084|1|SHOT CHOCOLATE CON LECHE Y MANI TABLETA X 170 GR|1.00|unidad| |12500.00|12500.00|1|unidad||||
3|1|1717|0000077914217|1|SHOT CHOCOLATE LECHE CON MANI TABLETA X 35G|1.00|unidad| |3000.00|3000.00|1|unidad||||
3|1|1717|7798304841803|1|SIN PARAR CHOCOLATE DULCE DE LECHE X 90G|1.00|unidad| |3000.00|3000.00|1|unidad||||
3|1|1717|7798304841797|1|SIN PARAR DULCE DE LECHE Y AMERICANA X 90G|1.00|unidad| |3000.00|3000.00|1|unidad||||
3|1|1717|7798304841780|1|SIN PARAR FRUTILLA CREMA X 90G|1.00|unidad| |3000.00|3000.00|1|unidad||||
3|1|1717|0022000018465|1|SKITTLES CONFITES ORIGINAL FRUIT PAQ.X 61.5GR|1.00|unidad| |4700.00|4700.00|1|unidad||||
3|1|1717|0022000018489|1|SKITTLES CONFITES WILDBERRY PAQ.X 61.5GR|1.00|unidad| |4700.00|4700.00|1|unidad||||
3|1|1717|7790895646027|1|SMART WATER C/G 591 ML|1.00|unidad| |3500.00|3500.00|1|unidad||||
3|1|1717|7790895645778|1|SMART WATER S/G 591 ML|1.00|unidad| |3500.00|3500.00|1|unidad||||
3|1|1717|7506174512248|1|SNICKERS BARRA RELL.MANI CUB.C/CHOCOLATE X 48 GR|1.00|unidad| |4700.00|4700.00|1|unidad||||
3|1|1717|0522111111111|1|SPEED UNLIMITED LATA X 250CC|1.00|unidad| |4200.00|4200.00|1|unidad||||
3|1|1717|0040000000518|1|STARBURST CARAMELO MASTICABLE SURTIDO PAQ.X 58.7G|1.00|unidad| |5100.00|5100.00|1|unidad||||
3|1|1717|7790580060206|1|SUGUS CARAMELO MASTICABLE SUELTO X 3.3 GR|1.00|unidad| |50.00|50.00|1|unidad||||
3|1|1717|7790580056001|1|SUGUS CONFITADOS CONFITES DE CARAMELO SURT.X 50 G|1.00|unidad| |2000.00|2000.00|1|unidad||||
3|1|1717|7790387000849|1|TARAGUI MATE COCIDO X 25 UNID S ENS|1.00|unidad| |135.00|135.00|1|unidad||||
3|1|1717|0029601111111|1|TARAGUI MATE LISTO X 35 GR.|1.00|unidad| |4000.00|4000.00|1|unidad||||
3|1|1717|0029621111111|1|TARAGUI TERMO MATE-LISTO CAPACIDAD 500 CC.|1.00|unidad| |5900.00|5900.00|1|unidad||||
3|1|1717|7790387013627|1|TARAGUI YERBA 4FLEX X 500 GR.|1.00|unidad| |4600.00|4600.00|1|unidad||||
3|1|1717|0000077939234|1|TERRABUSI ALFAJOR CHOCOLATE X 50 GR|1.00|unidad| |2000.00|2000.00|1|unidad||||
3|1|1717|0000077903792|1|TERRABUSI ALFAJOR TRIPLE CHOCOLATE X 70G.|1.00|unidad| |3000.00|3000.00|1|unidad||||
3|1|1717|0000077903860|1|TERRABUSI ALFAJOR TRIPLE TIPO TORTA CHOCOLAT.X 70G|1.00|unidad| |3000.00|3000.00|1|unidad||||
3|1|1717|7622300335052|1|TERRABUSI SNACKY X 60GR|1.00|unidad| |4600.00|4600.00|1|unidad||||
3|1|1717|7861002910314|1|TIC TAC PASTILLAS SABOR MENTA CAJA X 16 GR.|1.00|unidad| |1600.00|1600.00|1|unidad||||
3|1|1717|7861002910321|1|TIC TAC PASTILLAS SABOR NARANJA CAJA X 16 GR.|1.00|unidad| |1600.00|1600.00|1|unidad||||
3|1|1717|7790580746612|1|TOFI CHOCOLATE C/LECHE RELLENO D.LECHE X 55G|1.00|unidad| |420.00|420.00|1|unidad||||
3|1|1717|7798024760354|1|TOP PBT DE JAMON COCIDO Y QUESO X UN|1.00|unidad| |9100.00|9100.00|1|unidad||||
3|1|1717|0000000019823|0|TOPLINE 7 CHICLE S/AZUCAR ATM STRONG X 14G|1.00|unidad| |2300.00|2300.00|1|unidad||||
3|1|1717|0000000018843|0|TOPLINE 7 CHICLE S/AZUCAR MANDARINA  CAJA X 14G|1.00|unidad| |2300.00|2300.00|1|unidad||||
3|1|1717|7790580120573|1|TOPLINE 7 ULTRA CLEAN X 24G|1.00|unidad| |3600.00|3600.00|1|unidad||||
3|1|1717|7790580120702|1|TOPLINE 7 ULTRA GREEN MINT X 24G|1.00|unidad| |3600.00|3600.00|1|unidad||||
3|1|1717|7790580121013|1|TOPLINE 7 ULTRA RED BERRY X 24G|1.00|unidad| |3600.00|3600.00|1|unidad||||
3|1|1717|7798304841421|1|TORPEDO FRUTILLA|1.00|unidad| |2100.00|2100.00|1|unidad||||
3|1|1717|7798304841414|1|TORPEDO LIMON|1.00|unidad| |2100.00|2100.00|1|unidad||||
3|1|1717|7798024760460|1|TRIPLE MIGA BLANCO J.COCIDO Y QUESO X 3 UN|1.00|unidad| |9600.00|9600.00|1|unidad||||
3|1|1717|7798024760477|1|TRIPLE MIGA NEGRO J.COCIDO Y QUESO X 3 UN|1.00|unidad| |9600.00|9600.00|1|unidad||||
3|1|1717|7622202839962|1|VARIEDAD GALLETITAS DULCES SURTIDAS X 390GR.|1.00|unidad|VARIEDAD|5800.00|5800.00|1|unidad||||
3|1|1717|0016871111111|1|VASO REUTILIZABLE|1.00|unidad| |4500.00|4500.00|1|unidad||||
3|1|1717|0000000004361|0|VAUQUITA TABLETA DE DULCE DE LECHE X 25 GR.|1.00|unidad| |190.00|190.00|1|unidad||||
3|1|1717|7790315100184|1|VDS LEVITE CERO AGUA S/G MANZANA PET X 500cc|1.00|unidad| |3450.00|3450.00|1|unidad||||
3|1|1717|0021352111111|1|VDS LEVITE CERO AGUA S/G NARANJA PET X 500cc|1.00|unidad| |3450.00|3450.00|1|unidad||||
3|1|1717|0021347111111|1|VILLA DEL SUR LEVITE S/G MANZANA PET X 500cc|1.00|unidad| |3450.00|3450.00|1|unidad||||
3|1|1717|7798062548655|1|VILLA DEL SUR LEVITE S/G NARANJA PET X 500cc|1.00|unidad| |3450.00|3450.00|1|unidad||||
3|1|1717|0021349111111|1|VILLA DEL SUR LEVITE S/G PERA PET X 500cc|1.00|unidad| |3450.00|3450.00|1|unidad||||
3|1|1717|7799155000982|1|VILLA DEL SUR LEVITE S/G POMELO PET X 500cc|1.00|unidad| |3450.00|3450.00|1|unidad||||
3|1|1717|7799155000210|1|VILLAVICENCIO AGUA FINAMENTE GASIFICADA PET X 1.5L|1.00|unidad| |5300.00|5300.00|1|unidad||||
3|1|1717|7799155000203|1|VILLAVICENCIO AGUA FINAMENTE GASIFICADA PET X 500C|1.00|unidad| |3650.00|3650.00|1|unidad||||
3|1|1717|0022000293220|1|Wrigleys Doubl 12.5g|1.00|unidad| |2600.00|2600.00|1|unidad||||
3|1|1717|0022000293305|1|Wrigleys Spear 12.5g|1.00|unidad| |2600.00|2600.00|1|unidad||||
3|1|1717|7791337010826|1|Yogurisimo Botellita Frutilla x 190g|1.00|unidad| |5500.00|5500.00|1|unidad||||
3|1|1717|7798187760246|1|ZAFRAN BARRA DE CEREAL ALM/COCO X 28G|1.00|unidad| |1900.00|1900.00|1|unidad||||
3|1|1717|7798187760277|1|ZAFRAN BARRA DE CEREAL CAJU/ZAPALLO 28G|1.00|unidad| |1900.00|1900.00|1|unidad||||
3|1|1717|7798187760253|1|ZAFRAN BARRA DE CEREAL MANI/CACAO 28G|1.00|unidad| |1900.00|1900.00|1|unidad||||
3|1|1717|7798187760260|1|ZAFRAN BARRA DE CEREAL MZNA/CHIA 28G|1.00|unidad| |1900.00|1900.00|1|unidad||||
3|1|1735|7791813434412|1|7UP FREE PET X 1.5L|1.00|unidad| |5200.00|5200.00|1|unidad||||
3|1|1735|0000000023897|0|AFEITADORA BIC COMFORT  3|1.00|unidad| |820.00|820.00|1|unidad||||
3|1|1735|7790580109882|1|AGUILA EXTRAFINO 60% CACAO X 150 GR|1.00|unidad| |16100.00|16100.00|1|unidad||||
3|1|1735|7790040133594|1|AGUILA MINITORTA BROWNIE X 72G|1.00|unidad| |3100.00|3100.00|1|unidad||||
3|1|1735|7790040298705|1|AGUILA MINITORTA DDLECHE/MOUSSE SAB.VAINILLA X 72G|1.00|unidad| |3100.00|3100.00|1|unidad||||
3|1|1735|0000000023956|0|ALFAJOR CHOCOLATE|1.00|unidad| |2350.00|2350.00|1|unidad||||
3|1|1735|0000000023280|0|ALFAJORES DE MAICENA|1.00|unidad| |2350.00|2350.00|1|unidad||||
3|1|1735|7790580607418|1|ARCOR CHOCOLATE BLANCO TABLETA X 25 GR|1.00|unidad| |2500.00|2500.00|1|unidad||||
3|1|1735|7790580607210|1|ARCOR CHOCOLATE CON LECHE TABLETA X 25GR|1.00|unidad| |2500.00|2500.00|1|unidad||||
3|1|1735|0000000001339|0|ARCOR OBLEA RELLENA C/PASTA DE TURRON Y MANI X 25G|1.00|unidad| |700.00|700.00|1|unidad||||
3|1|1735|7793360294600|1|BC JUGO MANZANA TETRA X 200CC|1.00|unidad| |1300.00|1300.00|1|unidad||||
3|1|1735|7793360246609|1|BC JUGO NARANJA TETRA X 200CC.|1.00|unidad| |1300.00|1300.00|1|unidad||||
3|1|1735|7790580154264|1|BEB MULTIFRUTA BC 24X200ML|1.00|unidad| |1300.00|1300.00|1|unidad||||
3|1|1735|7792730020559|1|BIZNIKKE NEVADO CHOCOLATE TABLETA X 120 GR.|1.00|unidad| |9200.00|9200.00|1|unidad||||
3|1|1735|7790580722708|1|BOMBON TOFI LECHE X 15G|1.00|unidad| |2100.00|2100.00|1|unidad||||
3|1|1735|7790040613607|1|Bon O Bon Alfajor Chocolate Blanco x40 gr|1.00|unidad| |2100.00|2100.00|1|unidad||||
3|1|1735|7790040613706|1|BON O BON ALFAJOR CHOCOLATE NEGRO/LECHE X 40G|1.00|unidad| |2100.00|2100.00|1|unidad||||
3|1|1735|0000000021586|0|BON-O-BON BOMBON AGUILA X 15G|1.00|unidad| |1100.00|1100.00|1|unidad||||
3|1|1735|7790580119058|1|BON-O-BON BOMBON CHOCOLATE BLANCO X 15G|1.00|unidad| |1100.00|1100.00|1|unidad||||
3|1|1735|0000000021587|0|BON-O-BON BOMBON CHOCOLINA X 15G|1.00|unidad| |1100.00|1100.00|1|unidad||||
3|1|1735|7792360072409|1|BONAFIDE BOCADITO DDL X 16G|1.00|unidad| |1800.00|1800.00|1|unidad||||
3|1|1735|0000000021151|0|BROWNIE ARTESANAL|1.00|unidad| |5850.00|5850.00|1|unidad||||
3|1|1735|0000000023273|0|BUDIN BANANA Y DDL|1.00|unidad| |5300.00|5300.00|1|unidad||||
3|1|1735|0000000021701|0|BUDIN DE FRUTOS SECOS|1.00|unidad| |5300.00|5300.00|1|unidad||||
3|1|1735|0000000021700|0|BUDIN DE LIMON Y ARANDANOS|1.00|unidad| |5300.00|5300.00|1|unidad||||
3|1|1735|7790407022011|1|CABSHA BOCADITO X 10G|1.00|unidad| |1000.00|1000.00|1|unidad||||
3|1|1735|7798128000271|1|CACHAFAZ ALFAJOR MOUSSE X 50G|1.00|unidad| |3400.00|3400.00|1|unidad||||
3|1|1735|7622201818739|1|CADBURY CHOCOLATE C/LECHE TRES SUEÑOS X 82G|1.00|unidad| |8200.00|8200.00|1|unidad||||
3|1|1735|7622201818654|1|CADBURY CHOCOLATE RELLENO YOGHURT FRUTILLA X 29G|1.00|unidad| |3500.00|3500.00|1|unidad||||
3|1|1735|7622202271250|1|Caram. Halls 12u Strong Nvo|1.00|unidad| |1350.00|1350.00|1|unidad||||
3|1|1735|7622202247286|1|Caram. Halls Cherry Nvo 28 Grs|1.00|unidad| |1350.00|1350.00|1|unidad||||
3|1|1735|7790895649301|1|CEPITA 20% NARANJA 200ML|1.00|unidad| |2200.00|2200.00|1|unidad||||
3|1|1735|7790895009853|1|CEPITA JUGO MANZANA BOTELLA X 1L|1.00|unidad| |6100.00|6100.00|1|unidad||||
3|1|1735|7790895000720|1|CEPITA JUGO MANZANA TETRA X 200CC.|1.00|unidad| |2200.00|2200.00|1|unidad||||
3|1|1735|7790895647017|1|CEPITA JUGO MANZANA ZINC TETRA X 1 LT.|1.00|unidad| |4450.00|4450.00|1|unidad||||
3|1|1735|7790895000737|1|CEPITA JUGO MULTIFRUTA TETRA X 200CC|1.00|unidad| |2200.00|2200.00|1|unidad||||
3|1|1735|7790895647123|1|CEPITA JUGO MULTIFRUTA ZINC TETRA X 1 LT.|1.00|unidad| |4450.00|4450.00|1|unidad||||
3|1|1735|7790895648267|1|CEPITA NARANJA 20% 1L|1.00|unidad| |4450.00|4450.00|1|unidad||||
3|1|1735|7790895009815|1|CEPITA NARANJA 995CC|1.00|unidad| |6100.00|6100.00|1|unidad||||
3|1|1735|0000000022630|0|CEREAL MIX BARRA DE CEREAL C/FRUTILLA&YOGHURT X26G|1.00|unidad| |2000.00|2000.00|1|unidad||||
3|1|1735|0000000001341|0|CEREAL MIX BARRA DE CEREAL X 23G|1.00|unidad| |2000.00|2000.00|1|unidad||||
3|1|1735|0000000022631|0|CEREAL MIX BARRA DE CEREAL YOGH/FRUTIL.L.X26g|1.00|unidad| |2000.00|2000.00|1|unidad||||
3|1|1735|7790580123345|1|CH. TL7 MENTHOL 20X16X14G|1.00|unidad| |2300.00|2300.00|1|unidad||||
3|1|1735|0000000019822|0|CH. TL7 VIBR. STRAW. 20X16X14G|1.00|unidad| |2300.00|2300.00|1|unidad||||
3|1|1735|7790580104252|1|CH. TL7 VIOL. CHERRY 20X16X14G|1.00|unidad| |2300.00|2300.00|1|unidad||||
3|1|1735|7790580317607|1|CH. TL7 XPLOS. MINT 20X16X14G|1.00|unidad| |2300.00|2300.00|1|unidad||||
3|1|1735|8445290701961|1|Choc Bananita Dolca 30 grs|1.00|unidad| |2400.00|2400.00|1|unidad||||
3|1|1735|8445290701596|1|Choc. Bananita Dolca 14grs|1.00|unidad| |1400.00|1400.00|1|unidad||||
3|1|1735|7622202328947|1|Choc. Milka 55g Leche NVO|1.00|unidad| |6400.00|6400.00|1|unidad||||
3|1|1735|7790070418296|1|Chocoarroz Blanco est. 22g|1.00|unidad| |2000.00|2000.00|1|unidad||||
3|1|1735|7790070418203|1|Chocoarroz DL 22 gr|1.00|unidad| |2000.00|2000.00|1|unidad||||
3|1|1735|7790580103521|1|CHOCOLATE LECHE CON CONFITES COFLER X 55 G|1.00|unidad| |6200.00|6200.00|1|unidad||||
3|1|1735|7798304840851|1|CHOMPAlmedC/SsaDDL6x180g|1.00|unidad| |10700.00|10700.00|1|unidad||||
3|1|1735|7798130953640|1|CHUPETIN COCO POP X 17 G|1.00|unidad| |3600.00|3600.00|1|unidad||||
3|1|1735|7798130954777|1|CHUPETIN EMOTI POP 11GR|1.00|unidad| |3600.00|3600.00|1|unidad||||
3|1|1735|0000000023604|0|CIRCULAR MEMBRILLO X UN|1.00|unidad| |1700.00|1700.00|1|unidad||||
3|1|1735|7798085680516|1|CITRIC JUGO NARANJA MANGO TETRA X 500CC|1.00|unidad| |3850.00|3850.00|1|unidad||||
3|1|1735|7798085681834|1|CITRIC JUGO NARANJA TETRA X 1L|1.00|unidad| |5750.00|5750.00|1|unidad||||
3|1|1735|7798085681445|1|CITRIC JUGO NARANJA TETRA X 250CC|1.00|unidad| |2200.00|2200.00|1|unidad||||
3|1|1735|7798085681452|1|CITRIC JUGO NARANJA TETRA X 500CC|1.00|unidad| |3850.00|3850.00|1|unidad||||
3|1|1735|7798085680295|1|CITRIC JUGO NARANJA/ DURAZNO TETRA X 500CC|1.00|unidad| |3850.00|3850.00|1|unidad||||
3|1|1735|7790895000997|1|COCA-COLA X 2.25L|1.00|unidad| |8950.00|8950.00|1|unidad||||
3|1|1735|7790040659605|1|COFLER BLOCK ALFAJOR CHOCOLATE X 60 G|1.00|unidad| |3100.00|3100.00|1|unidad||||
3|1|1735|0000000018365|0|COFLER BLOCK CHOCOLATE C/LECHE Y MANI TAB.X 110GR|1.00|unidad| |8300.00|8300.00|1|unidad||||
3|1|1735|0000000015301|0|COFLER BLOCK CHOCOLATE C/LECHE Y MANI TAB.X 38GR|1.00|unidad| |3400.00|3400.00|1|unidad||||
3|1|1735|7790580105013|1|COFLER BLOCK CHOCOLATE X 170G|1.00|unidad| |14000.00|14000.00|1|unidad||||
3|1|1735|7790580115579|1|COFLER BLOCK CHOCOLATE X 1KG|1.00|unidad| |66200.00|66200.00|1|unidad||||
3|1|1735|7790580103385|1|COFLER CHOCOLATE AIREADO BCO/LECHE X 27 GR.|1.00|unidad| |3600.00|3600.00|1|unidad||||
3|1|1735|7790580103378|1|COFLER CHOCOLATE AIREADO BLANCO X 27 GR.|1.00|unidad| |3600.00|3600.00|1|unidad||||
3|1|1735|7790580115869|1|COFLER CHOCOLATE AIREADO BON O BON X 67G|1.00|unidad| |7000.00|7000.00|1|unidad||||
3|1|1735|7790580103361|1|COFLER CHOCOLATE AIREADO LECHE X 27 GR.|1.00|unidad| |3600.00|3600.00|1|unidad||||
3|1|1735|7790580043407|1|COFLER CHOCOLATE AIREADO LECHE X 55G|1.00|unidad| |7100.00|7100.00|1|unidad||||
3|1|1735|7790580003531|1|COFLER CHOCOLATE BCO&COOK X 55G|1.00|unidad| |6200.00|6200.00|1|unidad||||
3|1|1735|7790580043506|1|COFLER CHOCOLATE LECHE CON ALMENDRAS X 55G|1.00|unidad| |6200.00|6200.00|1|unidad||||
3|1|1735|0000000024109|0|CRIOLLITO X UN|1.00|unidad| |1700.00|1700.00|1|unidad||||
3|1|1735|0000000023957|0|CROISSANT J Y Q|1.00|unidad| |6400.00|6400.00|1|unidad||||
3|1|1735|7798024760798|1|CROQUE MONSIEUR J Y Q BLANCO X UN|1.00|unidad| |10100.00|10100.00|1|unidad||||
3|1|1735|7798024760804|1|CROQUE MONSIEUR J Y Q NEGRO X UN|1.00|unidad| |10100.00|10100.00|1|unidad||||
3|1|1735|0000000020568|0|CUADRADO DE PASTA FROLA|1.00|unidad| |5300.00|5300.00|1|unidad||||
3|1|1735|7795735000106|1|DON SATUR TALITAS X 140GR|1.00|unidad| |2800.00|2800.00|1|unidad||||
3|1|1735|7790206007509|1|DOS CORAZONES BOCADITO CHOC.C/LECHE RELL. X 26GR|1.00|unidad| |2200.00|2200.00|1|unidad||||
3|1|1735|7792799000035|1|ECO DE LOS ANDES AGUA CON GAS PET X 500CC.|1.00|unidad| |3300.00|3300.00|1|unidad||||
3|1|1735|7798128000486|1|EL CACHAFAZ ALFAJOR BLANCO FLOWPACK X 60 GR|1.00|unidad| |3300.00|3300.00|1|unidad||||
3|1|1735|7798128000462|1|EL CACHAFAZ ALFAJOR CHOCOLATE FLOWPACK X 60 GR|1.00|unidad| |3200.00|3200.00|1|unidad||||
3|1|1735|7798128001940|1|EL CACHAFAZ ALFAJOR DE MAICENA X 76G|1.00|unidad| |3300.00|3300.00|1|unidad||||
3|1|1735|7798128001797|1|EL CACHAFAZ CONITO DULCE DE LECHE X 38G|1.00|unidad| |2700.00|2700.00|1|unidad||||
3|1|1735|7798024760569|1|ENSALADA CESAR  PREMIUM X UN|1.00|unidad| |14300.00|14300.00|1|unidad||||
3|1|1735|7798024760392|1|ENSALADA CHEF PREMIUM X UN|1.00|unidad| |14300.00|14300.00|1|unidad||||
3|1|1735|7798024766417|1|ENSALADA MIX VEG.C/PECHUGUITAS AL SESAMO X UN|1.00|unidad| |14300.00|14300.00|1|unidad||||
3|1|1735|7613035242524|1|EPA DDL MAX 88GR|1.00|unidad| |6800.00|6800.00|1|unidad||||
3|1|1735|7613035242500|1|EPA ROCKER X 88G|1.00|unidad| |6800.00|6800.00|1|unidad||||
3|1|1735|7898024390121|1|FERRERO ROCHER BOMBON CHOC.RELL.PAQ.3 UNID X 37.5G|1.00|unidad| |5600.00|5600.00|1|unidad||||
3|1|1735|7798024760255|1|FIGAZZITAS DE SALAME Y QUESO X 2 UN|1.00|unidad| |9100.00|9100.00|1|unidad||||
3|1|1735|7798147780062|1|Franui sabor Black 150gr|1.00|unidad| |8500.00|8500.00|1|unidad||||
3|1|1735|7798147783223|1|Franui sabor Leche 150gr|1.00|unidad| |8500.00|8500.00|1|unidad||||
3|1|1735|7790070431936|1|Gallo YoguBar 20gr|1.00|unidad| |1800.00|1800.00|1|unidad||||
3|1|1735|0067061111111|1|GATORADE COOL BLUE PET X 500CC|1.00|unidad| |4300.00|4300.00|1|unidad||||
3|1|1735|0071971211111|1|GATORADE FRUTOS TROPICALES PET X 750CC|1.00|unidad| |5200.00|5200.00|1|unidad||||
3|1|1735|0066011111111|1|GATORADE MANZANA PET X 500CC|1.00|unidad| |4300.00|4300.00|1|unidad||||
3|1|1735|0042831111111|1|GATORADE MANZANA PET X 750CC|1.00|unidad| |5100.00|5100.00|1|unidad||||
3|1|1735|0006602111111|1|GATORADE NARANJA PET X 500CC|1.00|unidad| |4300.00|4300.00|1|unidad||||
3|1|1735|7798024766103|1|GRANDWICH PANINI GRIGLIATTI JAM/QUE/TOM/HUE X 210G|1.00|unidad| |7350.00|7350.00|1|unidad||||
3|1|1735|0000000023445|0|HALLS FREE MENTA X 28 G|1.00|unidad| |1500.00|1500.00|1|unidad||||
3|1|1735|7791249450277|1|HALLS MENTA LYPTUS CARAMELOS DUROS PAQ.X 28G|1.00|unidad| |1300.00|1300.00|1|unidad||||
3|1|1735|0000000023603|0|ICEDREAM CIRCULAR PASTELERA X UN|1.00|unidad| |1700.00|1700.00|1|unidad||||
3|1|1735|0028411111111|1|JORGITO ALFAJOR BLANCO X 50G|1.00|unidad| |1800.00|1800.00|1|unidad||||
3|1|1735|0011111112842|1|JORGITO ALFAJOR CHOCOLATE X 55G|1.00|unidad| |1800.00|1800.00|1|unidad||||
3|1|1735|7790957000545|1|JORGITO MINI ALFAJOR CHOCOLATE PAQ.X 6 UNID.|1.00|unidad| |4900.00|4900.00|1|unidad||||
3|1|1735|7790957000538|1|JORGITO MINI ALFAJOR GLACEADO PAQ.X 6 UNID.X 155GR|1.00|unidad| |4900.00|4900.00|1|unidad||||
3|1|1735|0000080052760|1|KINDER BUENO OBLEA CHOCOLATE CON LECHE X 43G|1.00|unidad| |4900.00|4900.00|1|unidad||||
3|1|1735|0000077949677|1|KINDER CHOCOLATE X 50G|1.00|unidad| |5700.00|5700.00|1|unidad||||
3|1|1735|7891000379073|1|KIT KAT DARK OBLEA BAÑADA CHOCOLATE X 41.5G|1.00|unidad| |3000.00|3000.00|1|unidad||||
3|1|1735|7891000379028|1|KIT KAT OBLEA BAÑADA CHOCOLATE BLANCO X 41.5G|1.00|unidad| |3000.00|3000.00|1|unidad||||
3|1|1735|7791337007260|1|Leche chocolatada Cindor 200ml|1.00|unidad| |3800.00|3800.00|1|unidad||||
3|1|1735|7791337007253|1|Leche chocolatada Cindor x 1L|1.00|unidad| |11500.00|11500.00|1|unidad||||
3|1|1735|7798368470391|1|LUCCIANO´S CHANTILLY X 100GR (02)|1.00|unidad| |7400.00|7400.00|1|unidad||||
3|1|1735|7798368470384|1|LUCCIANO´S CHOCOLATE C/CROCANTE X 100GR (01)|1.00|unidad| |7400.00|7400.00|1|unidad||||
3|1|1735|7798368470421|1|LUCCIANO´S CHOCOLATE X 90GR (05)|1.00|unidad| |7400.00|7400.00|1|unidad||||
3|1|1735|7798368470438|1|LUCCIANO´S DDL C/ CROCANTE X 90GR (06)|1.00|unidad| |7400.00|7400.00|1|unidad||||
3|1|1735|0000000024240|0|LUCCIANO´S DDL X 90GR (03)|1.00|unidad| |6000.00|6000.00|1|unidad||||
3|1|1735|7798368470476|1|LUCCIANO´S MINION ICE POP X 100GR (10)|1.00|unidad| |7900.00|7900.00|1|unidad||||
3|1|1735|7798368470469|1|LUCCIANO´S OLI KING X 90GR (09)|1.00|unidad| |7800.00|7800.00|1|unidad||||
3|1|1735|7798368470735|1|LUCCIANO´S PISTACCHIO X 95GR (08)|1.00|unidad| |7800.00|7800.00|1|unidad||||
3|1|1735|7798368470414|1|LUCCIANO´S SORBETE PATAGONIA X 90GR (04)|1.00|unidad| |7400.00|7400.00|1|unidad||||
3|1|1735|7613034797469|1|LUXOR BOMBON HELADO 53G|1.00|unidad| |3100.00|3100.00|1|unidad||||
3|1|1735|7797453001441|1|M&M Chocolate 48 Grs|1.00|unidad| |5000.00|5000.00|1|unidad||||
3|1|1735|7797453001458|1|M&M MANI PAQ. X 49 GR|1.00|unidad| |5000.00|5000.00|1|unidad||||
3|1|1735|7790387015324|1|MAÑANITA YERBA 4FLEX X 500 GR|1.00|unidad| |4600.00|4600.00|1|unidad||||
3|1|1735|7790206006106|1|MARROC BOCADITO X 14 GR.|1.00|unidad| |1250.00|1250.00|1|unidad||||
3|1|1735|7798024760125|1|MAX PREMIUM JyQ-TOM-HUE- PAN NGO X UN|1.00|unidad| |10600.00|10600.00|1|unidad||||
3|1|1735|7798024766172|1|MAX PREMIUM POLLO-RU-PAR-PAN NGO X UN|1.00|unidad| |10600.00|10600.00|1|unidad||||
3|1|1735|7798024760552|1|MAX TRIANGULO LIGHT POLLO-LEC-PAN NGO X UN|1.00|unidad| |10600.00|10600.00|1|unidad||||
3|1|1735|0000000023602|0|MEDIALUNA DE GRASA X UN|1.00|unidad| |1700.00|1700.00|1|unidad||||
3|1|1735|0000000023601|0|MEDIALUNA DE MANTECA X UN|1.00|unidad| |1700.00|1700.00|1|unidad||||
3|1|1735|7891000120057|1|MEGA AMERICANA CON ALMENDRAS X 74g|1.00|unidad| |7600.00|7600.00|1|unidad||||
3|1|1735|0000000020546|0|MENTHO-PLUS ACIDOS CEREZA X 27.2G|1.00|unidad| |1900.00|1900.00|1|unidad||||
3|1|1735|0000000020540|0|MENTHO-PLUS ACIDOS NARANJA X 27.2G|1.00|unidad| |1900.00|1900.00|1|unidad||||
3|1|1735|0000000021660|0|MENTHO-PLUS CARAMELOS INHALANTES DE CEREZA X 29.4G|1.00|unidad| |1000.00|1000.00|1|unidad||||
3|1|1735|0000000021663|0|MENTHO-PLUS CARAMELOS INHALANTES MIEL X 29.4G|1.00|unidad| |1000.00|1000.00|1|unidad||||
3|1|1735|0000000021661|0|MENTHO-PLUS CARAMELOS INHALANTES STRONG X 29.4G|1.00|unidad| |1000.00|1000.00|1|unidad||||
3|1|1735|0000000017476|0|MENTHO-PLUS CARAMELOS SIN AZUCAR CHERRY X 27.3G|1.00|unidad| |1900.00|1900.00|1|unidad||||
3|1|1735|0000000017474|0|MENTHO-PLUS CARAMELOS SIN AZUCAR MENTOL X 27.3G|1.00|unidad| |1900.00|1900.00|1|unidad||||
3|1|1735|0000000021664|0|MENTHOPLUS MENTA X 29.4G|1.00|unidad| |1000.00|1000.00|1|unidad||||
3|1|1735|0000000021662|0|MENTHOPLUS MENTOL X 29.4G|1.00|unidad| |1000.00|1000.00|1|unidad||||
3|1|1735|0000000021044|0|MENTHOPLUS ZERO CARAMELOS DURAZNO X 26.6G|1.00|unidad| |1900.00|1900.00|1|unidad||||
3|1|1735|0000000021047|0|MENTHOPLUS ZERO CARAMELOS STRONG X 26.6G|1.00|unidad| |1900.00|1900.00|1|unidad||||
3|1|1735|7895144699851|1|MENTOS CARAMELOS MASTICABLES SAB.FRUTA X 29.7GR|1.00|unidad| |1300.00|1300.00|1|unidad||||
3|1|1735|7895144699844|1|MENTOS CARAMELOS MASTICABLES SAB.MENTA X 29.7GR|1.00|unidad| |1300.00|1300.00|1|unidad||||
3|1|1735|0000000021770|0|MERMELADAS X UNIDAD|1.00|unidad| |60.00|60.00|1|unidad||||
3|1|1735|0000077903785|1|MILKA ALFAJOR MOUSSE TRIPLE X 55 GR.|1.00|unidad| |3000.00|3000.00|1|unidad||||
3|1|1735|7622300457303|1|MILKA ALFAJOR TRIPLE BLANCO X 55G|1.00|unidad| |3000.00|3000.00|1|unidad||||
3|1|1735|7622300844967|1|MILKA CHOCOLATE BLANCO CON DULCE DE LECHE X 67.5G|1.00|unidad| |7200.00|7200.00|1|unidad||||
3|1|1735|7622300844943|1|MILKA CHOCOLATE C DULCE DE LECHE X 67.5G|1.00|unidad| |7400.00|7400.00|1|unidad||||
3|1|1735|0000000021565|0|MILKA CHOCOLATE C/LECHE ALMENDRAS|1.00|unidad| |3510.00|3510.00|1|unidad||||
3|1|1735|7622300990114|1|MILKA CHOCOLATE CON LECHE X 150G|1.00|unidad| |14100.00|14100.00|1|unidad||||
3|1|1735|7622201818937|1|MILKA LEGER CHOCOLATE LECHE TABLETA X 50G|1.00|unidad| |6100.00|6100.00|1|unidad||||
3|1|1735|7790580116958|1|MOGUL CARAMELO DE GOMA DINOS X 30G|1.00|unidad| |850.00|850.00|1|unidad||||
3|1|1735|7790580129507|1|MOGUL CARAMELOS DE GOMA ACIDOS BOLSA X 60G|1.00|unidad| |1400.00|1400.00|1|unidad||||
3|1|1735|7790580169312|1|MOGUL CARAMELOS DE GOMA CEREBRITOS X 30G|1.00|unidad| |1200.00|1200.00|1|unidad||||
3|1|1735|7790580116460|1|MOGUL CARAMELOS DE GOMA EXTREME ACIDO ROLLO X 35G|1.00|unidad| |1200.00|1200.00|1|unidad||||
3|1|1735|7790580603809|1|MOGUL CARAMELOS DE GOMA FRUTALES ROLLO X 35G|1.00|unidad| |1200.00|1200.00|1|unidad||||
3|1|1735|7790580199913|1|MOGUL CARAMELOS DE GOMA OSITOS X 30 GR|1.00|unidad| |1200.00|1200.00|1|unidad||||
3|1|1735|7790580200114|1|MOGUL CARAMELOS DE GOMA TIBURON X 30G|1.00|unidad| |1200.00|1200.00|1|unidad||||
3|1|1735|7798422620014|1|MONSTER ENERGY GREEN X 473CC|1.00|unidad| |5500.00|5500.00|1|unidad||||
3|1|1735|7798422620045|1|MONSTER MANGO LOCO 473|1.00|unidad| |5500.00|5500.00|1|unidad||||
3|1|1735|7798422620021|1|MONSTER ULTRA x 473 CC|1.00|unidad| |5500.00|5500.00|1|unidad||||
3|1|1735|1111111111142|1|MUFFIN CHIPS CHOC X UN|1.00|unidad| |4300.00|4300.00|1|unidad||||
3|1|1735|1111111111145|1|MUFFIN VAINILLA C/DDL X UN|1.00|unidad| |4300.00|4300.00|1|unidad||||
3|1|1735|7798304841261|1|NESQUIK NUTRIACTIV B HEL.CHOCOLATE CON CALCIN-N|1.00|unidad| |1900.00|1900.00|1|unidad||||
3|1|1735|7622210723468|1|OREO GALLETITAS BAÑADAS CHOCOLATE x17gr|1.00|unidad| |210.00|210.00|1|unidad||||
3|1|1735|7899975800523|1|Oreo Palito AR 20 x 65g|1.00|unidad| |6800.00|6800.00|1|unidad||||
3|1|1735|7899975800509|1|OREO SANDWICH AR 81GR|1.00|unidad| |6800.00|6800.00|1|unidad||||
3|1|1735|7798304841124|1|OREO TACITA X 95G|1.00|unidad| |6800.00|6800.00|1|unidad||||
3|1|1735|0000000024088|0|PAN DE CHOCOLATE X UN|1.00|unidad| |4300.00|4300.00|1|unidad||||
3|1|1735|7798024766110|1|PANINI GRIGLIATTI DE PECETO X 210G|1.00|unidad| |7350.00|7350.00|1|unidad||||
3|1|1735|7791007000764|1|PAÑUELOS DESCARTABLES CAJA X 75 UNID|1.00|unidad| |3600.00|3600.00|1|unidad||||
3|1|1735|7791070003482|1|PAÑUELOS DESCARTABLES X UNID|1.00|unidad| |700.00|700.00|1|unidad||||
3|1|1735|7798024760781|1|PEBETE PECHUGA CRISPY X UN|1.00|unidad| |10200.00|10200.00|1|unidad||||
3|1|1735|7798024760361|1|PECHUGA GRILLE C/VEGETAL DEL HUERTO X UN|1.00|unidad| |12700.00|12700.00|1|unidad||||
3|1|1735|0000077915481|1|PEPITOS ALFAJOR TRIPLE DE CHOCOLATE X 57GR|1.00|unidad| |3000.00|3000.00|1|unidad||||
3|1|1735|7791813828365|1|PEPSI BLACK PET X 500CC|1.00|unidad| |3450.00|3450.00|1|unidad||||
3|1|1735|1111111111200|1|PICO DULCE CHUPETIN X 14 GR.|1.00|unidad| |500.00|500.00|1|unidad||||
3|1|1735|7790895641183|1|POWERADE FRUTAS TROPICALES PET X 500CC|1.00|unidad| |3500.00|3500.00|1|unidad||||
3|1|1735|7790895640018|1|POWERADE MANZANA PET X 500CC|1.00|unidad| |3500.00|3500.00|1|unidad||||
3|1|1735|7790895640025|1|POWERADE MOUNTAIN BLAST PET X 500CC|1.00|unidad| |3500.00|3500.00|1|unidad||||
3|1|1735|7791519200021|1|PRIME PRESERVATIVO ANATOMICO CAJA X 3 UNID.|1.00|unidad| |6300.00|6300.00|1|unidad||||
3|1|1735|7791519200076|1|PRIME PRESERVATIVO ESPERMICIDA CAJA X 3 UNID.|1.00|unidad| |6300.00|6300.00|1|unidad||||
3|1|1735|7791519000676|1|PRIME PRESERVATIVO EXTRA LUBRICADO CAJA X 3 UNID.|1.00|unidad| |6300.00|6300.00|1|unidad||||
3|1|1735|7791519200045|1|PRIME PRESERVATIVO SUPERFINO CAJA X 3 UNID.|1.00|unidad| |6300.00|6300.00|1|unidad||||
3|1|1735|7791519200090|1|PRIME PRESERVATIVO TACHAS CAJA X 3 UNID.|1.00|unidad| |6300.00|6300.00|1|unidad||||
3|1|1735|7791519200069|1|PRIME PRESERVATIVO TEXTURADO CAJA X 3 UNID.|1.00|unidad| |6300.00|6300.00|1|unidad||||
3|1|1735|7790742167101|1|Queso Finlandia Chef Cheddar 150gr PAQUETE INSUMO|1.00|unidad| |685.00|685.00|1|unidad||||
3|1|1735|0045011111111|1|RED BULL ENERGY DRINK LATA X 250 CC|1.00|unidad| |5500.00|5500.00|1|unidad||||
3|1|1735|0000090435225|1|RED BULL ENERGY DRINK LATA X 355 CC|1.00|unidad| |6900.00|6900.00|1|unidad||||
3|1|1735|9002490232054|1|RED BULL ENERGY DRINK SUGAR FREE LATA X 250CC|1.00|unidad| |5500.00|5500.00|1|unidad||||
3|1|1735|7790580327415|1|ROCKLETS CONFITES DE CHOCOLATE PAQ. X 40 GR|1.00|unidad| |3100.00|3100.00|1|unidad||||
3|1|1735|7790580327613|1|ROCKLETS NARANJA MANI C/CHOCOLATE CONFITADO X 40G|1.00|unidad| |3100.00|3100.00|1|unidad||||
3|1|1735|7798024760507|1|ROLL CHICKEN CAESAR X 210GR|1.00|unidad| |10600.00|10600.00|1|unidad||||
3|1|1735|0000000023605|0|SACRAMENTO MEMBRILLO X UN|1.00|unidad| |1700.00|1700.00|1|unidad||||
3|1|1735|7790580716806|1|SALADIX GALLETITAS SAB. CALABRESA CAJA X 100G|1.00|unidad| |3200.00|3200.00|1|unidad||||
3|1|1735|7790580716707|1|SALADIX GALLETITAS SAB. JAMON CAJA X 100G|1.00|unidad| |3200.00|3200.00|1|unidad||||
3|1|1735|7790580697303|1|SALADIX GALLETITAS SAB. PIZZA CAJA X 100G|1.00|unidad| |3200.00|3200.00|1|unidad||||
3|1|1735|7790040374607|1|SALADIX GALLETITAS SAB.DUO CAJA X 80G|1.00|unidad| |3200.00|3200.00|1|unidad||||
3|1|1735|7790040123434|1|SALADIX GALLETITAS SAB.KESITOS X80G|1.00|unidad| |2700.00|2700.00|1|unidad||||
3|1|1735|0000077956699|1|SHOT ALFAJOR TRISHOT TRIPLE X 60G|1.00|unidad| |3000.00|3000.00|1|unidad||||
3|1|1735|7622300424084|1|SHOT CHOCOLATE CON LECHE Y MANI TABLETA X 170 GR|1.00|unidad| |12500.00|12500.00|1|unidad||||
3|1|1735|0000077914217|1|SHOT CHOCOLATE LECHE CON MANI TABLETA X 35G|1.00|unidad| |3000.00|3000.00|1|unidad||||
3|1|1735|7798304841803|1|SIN PARAR CHOCOLATE DULCE DE LECHE X 90G|1.00|unidad| |3000.00|3000.00|1|unidad||||
3|1|1735|7798304841797|1|SIN PARAR DULCE DE LECHE Y AMERICANA X 90G|1.00|unidad| |3000.00|3000.00|1|unidad||||
3|1|1735|7798304841780|1|SIN PARAR FRUTILLA CREMA X 90G|1.00|unidad| |3000.00|3000.00|1|unidad||||
3|1|1735|0022000018465|1|SKITTLES CONFITES ORIGINAL FRUIT PAQ.X 61.5GR|1.00|unidad| |4700.00|4700.00|1|unidad||||
3|1|1735|0022000018489|1|SKITTLES CONFITES WILDBERRY PAQ.X 61.5GR|1.00|unidad| |4700.00|4700.00|1|unidad||||
3|1|1735|7790895646027|1|SMART WATER C/G 591 ML|1.00|unidad| |3500.00|3500.00|1|unidad||||
3|1|1735|7790895645778|1|SMART WATER S/G 591 ML|1.00|unidad| |3500.00|3500.00|1|unidad||||
3|1|1735|7506174512248|1|SNICKERS BARRA RELL.MANI CUB.C/CHOCOLATE X 48 GR|1.00|unidad| |4700.00|4700.00|1|unidad||||
3|1|1735|0522111111111|1|SPEED UNLIMITED LATA X 250CC|1.00|unidad| |4200.00|4200.00|1|unidad||||
3|1|1735|0040000000518|1|STARBURST CARAMELO MASTICABLE SURTIDO PAQ.X 58.7G|1.00|unidad| |5100.00|5100.00|1|unidad||||
3|1|1735|7790580060206|1|SUGUS CARAMELO MASTICABLE SUELTO X 3.3 GR|1.00|unidad| |50.00|50.00|1|unidad||||
3|1|1735|7790580056001|1|SUGUS CONFITADOS CONFITES DE CARAMELO SURT.X 50 G|1.00|unidad| |2000.00|2000.00|1|unidad||||
3|1|1735|7790387000849|1|TARAGUI MATE COCIDO X 25 UNID S ENS|1.00|unidad| |135.00|135.00|1|unidad||||
3|1|1735|0029601111111|1|TARAGUI MATE LISTO X 35 GR.|1.00|unidad| |4000.00|4000.00|1|unidad||||
3|1|1735|0029621111111|1|TARAGUI TERMO MATE-LISTO CAPACIDAD 500 CC.|1.00|unidad| |5900.00|5900.00|1|unidad||||
3|1|1735|7790387013627|1|TARAGUI YERBA 4FLEX X 500 GR.|1.00|unidad| |4600.00|4600.00|1|unidad||||
3|1|1735|0000077939234|1|TERRABUSI ALFAJOR CHOCOLATE X 50 GR|1.00|unidad| |2000.00|2000.00|1|unidad||||
3|1|1735|0000077903792|1|TERRABUSI ALFAJOR TRIPLE CHOCOLATE X 70G.|1.00|unidad| |3000.00|3000.00|1|unidad||||
3|1|1735|0000077903860|1|TERRABUSI ALFAJOR TRIPLE TIPO TORTA CHOCOLAT.X 70G|1.00|unidad| |3000.00|3000.00|1|unidad||||
3|1|1735|7622300335052|1|TERRABUSI SNACKY X 60GR|1.00|unidad| |4600.00|4600.00|1|unidad||||
3|1|1735|7861002910314|1|TIC TAC PASTILLAS SABOR MENTA CAJA X 16 GR.|1.00|unidad| |1600.00|1600.00|1|unidad||||
3|1|1735|7861002910321|1|TIC TAC PASTILLAS SABOR NARANJA CAJA X 16 GR.|1.00|unidad| |1600.00|1600.00|1|unidad||||
3|1|1735|7790580746612|1|TOFI CHOCOLATE C/LECHE RELLENO D.LECHE X 55G|1.00|unidad| |420.00|420.00|1|unidad||||
3|1|1735|7798024760354|1|TOP PBT DE JAMON COCIDO Y QUESO X UN|1.00|unidad| |9100.00|9100.00|1|unidad||||
3|1|1735|0000000019823|0|TOPLINE 7 CHICLE S/AZUCAR ATM STRONG X 14G|1.00|unidad| |2300.00|2300.00|1|unidad||||
3|1|1735|0000000018843|0|TOPLINE 7 CHICLE S/AZUCAR MANDARINA  CAJA X 14G|1.00|unidad| |2300.00|2300.00|1|unidad||||
3|1|1735|7790580120573|1|TOPLINE 7 ULTRA CLEAN X 24G|1.00|unidad| |3600.00|3600.00|1|unidad||||
3|1|1735|7790580120702|1|TOPLINE 7 ULTRA GREEN MINT X 24G|1.00|unidad| |3600.00|3600.00|1|unidad||||
3|1|1735|7790580121013|1|TOPLINE 7 ULTRA RED BERRY X 24G|1.00|unidad| |3600.00|3600.00|1|unidad||||
3|1|1735|7798304841421|1|TORPEDO FRUTILLA|1.00|unidad| |2100.00|2100.00|1|unidad||||
3|1|1735|7798304841414|1|TORPEDO LIMON|1.00|unidad| |2100.00|2100.00|1|unidad||||
3|1|1735|7798024760460|1|TRIPLE MIGA BLANCO J.COCIDO Y QUESO X 3 UN|1.00|unidad| |9600.00|9600.00|1|unidad||||
3|1|1735|7798024760477|1|TRIPLE MIGA NEGRO J.COCIDO Y QUESO X 3 UN|1.00|unidad| |9600.00|9600.00|1|unidad||||
3|1|1735|7622202839962|1|VARIEDAD GALLETITAS DULCES SURTIDAS X 390GR.|1.00|unidad|VARIEDAD|5800.00|5800.00|1|unidad||||
3|1|1735|0016871111111|1|VASO REUTILIZABLE|1.00|unidad| |4500.00|4500.00|1|unidad||||
3|1|1735|0000000004361|0|VAUQUITA TABLETA DE DULCE DE LECHE X 25 GR.|1.00|unidad| |190.00|190.00|1|unidad||||
3|1|1735|7790315100184|1|VDS LEVITE CERO AGUA S/G MANZANA PET X 500cc|1.00|unidad| |3450.00|3450.00|1|unidad||||
3|1|1735|0021352111111|1|VDS LEVITE CERO AGUA S/G NARANJA PET X 500cc|1.00|unidad| |3450.00|3450.00|1|unidad||||
3|1|1735|0021347111111|1|VILLA DEL SUR LEVITE S/G MANZANA PET X 500cc|1.00|unidad| |3450.00|3450.00|1|unidad||||
3|1|1735|7798062548655|1|VILLA DEL SUR LEVITE S/G NARANJA PET X 500cc|1.00|unidad| |3450.00|3450.00|1|unidad||||
3|1|1735|0021349111111|1|VILLA DEL SUR LEVITE S/G PERA PET X 500cc|1.00|unidad| |3450.00|3450.00|1|unidad||||
3|1|1735|7799155000982|1|VILLA DEL SUR LEVITE S/G POMELO PET X 500cc|1.00|unidad| |3450.00|3450.00|1|unidad||||
3|1|1735|7799155000210|1|VILLAVICENCIO AGUA FINAMENTE GASIFICADA PET X 1.5L|1.00|unidad| |5300.00|5300.00|1|unidad||||
3|1|1735|7799155000203|1|VILLAVICENCIO AGUA FINAMENTE GASIFICADA PET X 500C|1.00|unidad| |3650.00|3650.00|1|unidad||||
3|1|1735|0022000293220|1|Wrigleys Doubl 12.5g|1.00|unidad| |2600.00|2600.00|1|unidad||||
3|1|1735|0022000293305|1|Wrigleys Spear 12.5g|1.00|unidad| |2600.00|2600.00|1|unidad||||
3|1|1735|7791337010826|1|Yogurisimo Botellita Frutilla x 190g|1.00|unidad| |5500.00|5500.00|1|unidad||||
3|1|1735|7798187760246|1|ZAFRAN BARRA DE CEREAL ALM/COCO X 28G|1.00|unidad| |1900.00|1900.00|1|unidad||||
3|1|1735|7798187760277|1|ZAFRAN BARRA DE CEREAL CAJU/ZAPALLO 28G|1.00|unidad| |1900.00|1900.00|1|unidad||||
3|1|1735|7798187760253|1|ZAFRAN BARRA DE CEREAL MANI/CACAO 28G|1.00|unidad| |1900.00|1900.00|1|unidad||||
3|1|1735|7798187760260|1|ZAFRAN BARRA DE CEREAL MZNA/CHIA 28G|1.00|unidad| |1900.00|1900.00|1|unidad||||
3|1|1736|7791813434412|1|7UP FREE PET X 1.5L|1.00|unidad| |5200.00|5200.00|1|unidad||||
3|1|1736|0000000023897|0|AFEITADORA BIC COMFORT  3|1.00|unidad| |820.00|820.00|1|unidad||||
3|1|1736|7790580109882|1|AGUILA EXTRAFINO 60% CACAO X 150 GR|1.00|unidad| |16100.00|16100.00|1|unidad||||
3|1|1736|7790040133594|1|AGUILA MINITORTA BROWNIE X 72G|1.00|unidad| |3100.00|3100.00|1|unidad||||
3|1|1736|7790040298705|1|AGUILA MINITORTA DDLECHE/MOUSSE SAB.VAINILLA X 72G|1.00|unidad| |3100.00|3100.00|1|unidad||||
3|1|1736|0000000023956|0|ALFAJOR CHOCOLATE|1.00|unidad| |2350.00|2350.00|1|unidad||||
3|1|1736|0000000023280|0|ALFAJORES DE MAICENA|1.00|unidad| |2350.00|2350.00|1|unidad||||
3|1|1736|7790580607418|1|ARCOR CHOCOLATE BLANCO TABLETA X 25 GR|1.00|unidad| |2500.00|2500.00|1|unidad||||
3|1|1736|7790580607210|1|ARCOR CHOCOLATE CON LECHE TABLETA X 25GR|1.00|unidad| |2500.00|2500.00|1|unidad||||
3|1|1736|0000000001339|0|ARCOR OBLEA RELLENA C/PASTA DE TURRON Y MANI X 25G|1.00|unidad| |700.00|700.00|1|unidad||||
3|1|1736|7793360294600|1|BC JUGO MANZANA TETRA X 200CC|1.00|unidad| |1300.00|1300.00|1|unidad||||
3|1|1736|7793360246609|1|BC JUGO NARANJA TETRA X 200CC.|1.00|unidad| |1300.00|1300.00|1|unidad||||
3|1|1736|7790580154264|1|BEB MULTIFRUTA BC 24X200ML|1.00|unidad| |1300.00|1300.00|1|unidad||||
3|1|1736|7792730020559|1|BIZNIKKE NEVADO CHOCOLATE TABLETA X 120 GR.|1.00|unidad| |9200.00|9200.00|1|unidad||||
3|1|1736|7790580722708|1|BOMBON TOFI LECHE X 15G|1.00|unidad| |2100.00|2100.00|1|unidad||||
3|1|1736|7790040613607|1|Bon O Bon Alfajor Chocolate Blanco x40 gr|1.00|unidad| |2100.00|2100.00|1|unidad||||
3|1|1736|7790040613706|1|BON O BON ALFAJOR CHOCOLATE NEGRO/LECHE X 40G|1.00|unidad| |2100.00|2100.00|1|unidad||||
3|1|1736|0000000021586|0|BON-O-BON BOMBON AGUILA X 15G|1.00|unidad| |1100.00|1100.00|1|unidad||||
3|1|1736|7790580119058|1|BON-O-BON BOMBON CHOCOLATE BLANCO X 15G|1.00|unidad| |1100.00|1100.00|1|unidad||||
3|1|1736|0000000021587|0|BON-O-BON BOMBON CHOCOLINA X 15G|1.00|unidad| |1100.00|1100.00|1|unidad||||
3|1|1736|7792360072409|1|BONAFIDE BOCADITO DDL X 16G|1.00|unidad| |1800.00|1800.00|1|unidad||||
3|1|1736|0000000021151|0|BROWNIE ARTESANAL|1.00|unidad| |5850.00|5850.00|1|unidad||||
3|1|1736|0000000023273|0|BUDIN BANANA Y DDL|1.00|unidad| |5300.00|5300.00|1|unidad||||
3|1|1736|0000000021701|0|BUDIN DE FRUTOS SECOS|1.00|unidad| |5300.00|5300.00|1|unidad||||
3|1|1736|0000000021700|0|BUDIN DE LIMON Y ARANDANOS|1.00|unidad| |5300.00|5300.00|1|unidad||||
3|1|1736|7790407022011|1|CABSHA BOCADITO X 10G|1.00|unidad| |1000.00|1000.00|1|unidad||||
3|1|1736|7798128000271|1|CACHAFAZ ALFAJOR MOUSSE X 50G|1.00|unidad| |3400.00|3400.00|1|unidad||||
3|1|1736|7622201818739|1|CADBURY CHOCOLATE C/LECHE TRES SUEÑOS X 82G|1.00|unidad| |8200.00|8200.00|1|unidad||||
3|1|1736|7622201818654|1|CADBURY CHOCOLATE RELLENO YOGHURT FRUTILLA X 29G|1.00|unidad| |3500.00|3500.00|1|unidad||||
3|1|1736|7622202271250|1|Caram. Halls 12u Strong Nvo|1.00|unidad| |1350.00|1350.00|1|unidad||||
3|1|1736|7622202247286|1|Caram. Halls Cherry Nvo 28 Grs|1.00|unidad| |1350.00|1350.00|1|unidad||||
3|1|1736|7790895649301|1|CEPITA 20% NARANJA 200ML|1.00|unidad| |2200.00|2200.00|1|unidad||||
3|1|1736|7790895009853|1|CEPITA JUGO MANZANA BOTELLA X 1L|1.00|unidad| |6100.00|6100.00|1|unidad||||
3|1|1736|7790895000720|1|CEPITA JUGO MANZANA TETRA X 200CC.|1.00|unidad| |2200.00|2200.00|1|unidad||||
3|1|1736|7790895647017|1|CEPITA JUGO MANZANA ZINC TETRA X 1 LT.|1.00|unidad| |4450.00|4450.00|1|unidad||||
3|1|1736|7790895000737|1|CEPITA JUGO MULTIFRUTA TETRA X 200CC|1.00|unidad| |2200.00|2200.00|1|unidad||||
3|1|1736|7790895647123|1|CEPITA JUGO MULTIFRUTA ZINC TETRA X 1 LT.|1.00|unidad| |4450.00|4450.00|1|unidad||||
3|1|1736|7790895648267|1|CEPITA NARANJA 20% 1L|1.00|unidad| |4450.00|4450.00|1|unidad||||
3|1|1736|7790895009815|1|CEPITA NARANJA 995CC|1.00|unidad| |6100.00|6100.00|1|unidad||||
3|1|1736|0000000022630|0|CEREAL MIX BARRA DE CEREAL C/FRUTILLA&YOGHURT X26G|1.00|unidad| |2000.00|2000.00|1|unidad||||
3|1|1736|0000000001341|0|CEREAL MIX BARRA DE CEREAL X 23G|1.00|unidad| |2000.00|2000.00|1|unidad||||
3|1|1736|0000000022631|0|CEREAL MIX BARRA DE CEREAL YOGH/FRUTIL.L.X26g|1.00|unidad| |2000.00|2000.00|1|unidad||||
3|1|1736|7790580123345|1|CH. TL7 MENTHOL 20X16X14G|1.00|unidad| |2300.00|2300.00|1|unidad||||
3|1|1736|0000000019822|0|CH. TL7 VIBR. STRAW. 20X16X14G|1.00|unidad| |2300.00|2300.00|1|unidad||||
3|1|1736|7790580104252|1|CH. TL7 VIOL. CHERRY 20X16X14G|1.00|unidad| |2300.00|2300.00|1|unidad||||
3|1|1736|7790580317607|1|CH. TL7 XPLOS. MINT 20X16X14G|1.00|unidad| |2300.00|2300.00|1|unidad||||
3|1|1736|8445290701961|1|Choc Bananita Dolca 30 grs|1.00|unidad| |2400.00|2400.00|1|unidad||||
3|1|1736|8445290701596|1|Choc. Bananita Dolca 14grs|1.00|unidad| |1400.00|1400.00|1|unidad||||
3|1|1736|7622202328947|1|Choc. Milka 55g Leche NVO|1.00|unidad| |6400.00|6400.00|1|unidad||||
3|1|1736|7790070418296|1|Chocoarroz Blanco est. 22g|1.00|unidad| |2000.00|2000.00|1|unidad||||
3|1|1736|7790070418203|1|Chocoarroz DL 22 gr|1.00|unidad| |2000.00|2000.00|1|unidad||||
3|1|1736|7790580103521|1|CHOCOLATE LECHE CON CONFITES COFLER X 55 G|1.00|unidad| |6200.00|6200.00|1|unidad||||
3|1|1736|7798304840851|1|CHOMPAlmedC/SsaDDL6x180g|1.00|unidad| |10700.00|10700.00|1|unidad||||
3|1|1736|7798130953640|1|CHUPETIN COCO POP X 17 G|1.00|unidad| |3600.00|3600.00|1|unidad||||
3|1|1736|7798130954777|1|CHUPETIN EMOTI POP 11GR|1.00|unidad| |3600.00|3600.00|1|unidad||||
3|1|1736|0000000023604|0|CIRCULAR MEMBRILLO X UN|1.00|unidad| |1700.00|1700.00|1|unidad||||
3|1|1736|7798085680516|1|CITRIC JUGO NARANJA MANGO TETRA X 500CC|1.00|unidad| |3850.00|3850.00|1|unidad||||
3|1|1736|7798085681834|1|CITRIC JUGO NARANJA TETRA X 1L|1.00|unidad| |5750.00|5750.00|1|unidad||||
3|1|1736|7798085681445|1|CITRIC JUGO NARANJA TETRA X 250CC|1.00|unidad| |2200.00|2200.00|1|unidad||||
3|1|1736|7798085681452|1|CITRIC JUGO NARANJA TETRA X 500CC|1.00|unidad| |3850.00|3850.00|1|unidad||||
3|1|1736|7798085680295|1|CITRIC JUGO NARANJA/ DURAZNO TETRA X 500CC|1.00|unidad| |3850.00|3850.00|1|unidad||||
3|1|1736|7790895000997|1|COCA-COLA X 2.25L|1.00|unidad| |8950.00|8950.00|1|unidad||||
3|1|1736|7790040659605|1|COFLER BLOCK ALFAJOR CHOCOLATE X 60 G|1.00|unidad| |3100.00|3100.00|1|unidad||||
3|1|1736|0000000018365|0|COFLER BLOCK CHOCOLATE C/LECHE Y MANI TAB.X 110GR|1.00|unidad| |8300.00|8300.00|1|unidad||||
3|1|1736|0000000015301|0|COFLER BLOCK CHOCOLATE C/LECHE Y MANI TAB.X 38GR|1.00|unidad| |3400.00|3400.00|1|unidad||||
3|1|1736|7790580105013|1|COFLER BLOCK CHOCOLATE X 170G|1.00|unidad| |14000.00|14000.00|1|unidad||||
3|1|1736|7790580115579|1|COFLER BLOCK CHOCOLATE X 1KG|1.00|unidad| |66200.00|66200.00|1|unidad||||
3|1|1736|7790580103385|1|COFLER CHOCOLATE AIREADO BCO/LECHE X 27 GR.|1.00|unidad| |3600.00|3600.00|1|unidad||||
3|1|1736|7790580103378|1|COFLER CHOCOLATE AIREADO BLANCO X 27 GR.|1.00|unidad| |3600.00|3600.00|1|unidad||||
3|1|1736|7790580115869|1|COFLER CHOCOLATE AIREADO BON O BON X 67G|1.00|unidad| |7000.00|7000.00|1|unidad||||
3|1|1736|7790580103361|1|COFLER CHOCOLATE AIREADO LECHE X 27 GR.|1.00|unidad| |3600.00|3600.00|1|unidad||||
3|1|1736|7790580043407|1|COFLER CHOCOLATE AIREADO LECHE X 55G|1.00|unidad| |7100.00|7100.00|1|unidad||||
3|1|1736|7790580003531|1|COFLER CHOCOLATE BCO&COOK X 55G|1.00|unidad| |6200.00|6200.00|1|unidad||||
3|1|1736|7790580043506|1|COFLER CHOCOLATE LECHE CON ALMENDRAS X 55G|1.00|unidad| |6200.00|6200.00|1|unidad||||
3|1|1736|0000000024109|0|CRIOLLITO X UN|1.00|unidad| |1700.00|1700.00|1|unidad||||
3|1|1736|0000000023957|0|CROISSANT J Y Q|1.00|unidad| |6400.00|6400.00|1|unidad||||
3|1|1736|7798024760798|1|CROQUE MONSIEUR J Y Q BLANCO X UN|1.00|unidad| |10100.00|10100.00|1|unidad||||
3|1|1736|7798024760804|1|CROQUE MONSIEUR J Y Q NEGRO X UN|1.00|unidad| |10100.00|10100.00|1|unidad||||
3|1|1736|0000000020568|0|CUADRADO DE PASTA FROLA|1.00|unidad| |5300.00|5300.00|1|unidad||||
3|1|1736|7795735000106|1|DON SATUR TALITAS X 140GR|1.00|unidad| |2800.00|2800.00|1|unidad||||
3|1|1736|7790206007509|1|DOS CORAZONES BOCADITO CHOC.C/LECHE RELL. X 26GR|1.00|unidad| |2200.00|2200.00|1|unidad||||
3|1|1736|7792799000035|1|ECO DE LOS ANDES AGUA CON GAS PET X 500CC.|1.00|unidad| |3300.00|3300.00|1|unidad||||
3|1|1736|7798128000486|1|EL CACHAFAZ ALFAJOR BLANCO FLOWPACK X 60 GR|1.00|unidad| |3300.00|3300.00|1|unidad||||
3|1|1736|7798128000462|1|EL CACHAFAZ ALFAJOR CHOCOLATE FLOWPACK X 60 GR|1.00|unidad| |3200.00|3200.00|1|unidad||||
3|1|1736|7798128001940|1|EL CACHAFAZ ALFAJOR DE MAICENA X 76G|1.00|unidad| |3300.00|3300.00|1|unidad||||
3|1|1736|7798128001797|1|EL CACHAFAZ CONITO DULCE DE LECHE X 38G|1.00|unidad| |2700.00|2700.00|1|unidad||||
3|1|1736|7798024760569|1|ENSALADA CESAR  PREMIUM X UN|1.00|unidad| |14300.00|14300.00|1|unidad||||
3|1|1736|7798024760392|1|ENSALADA CHEF PREMIUM X UN|1.00|unidad| |14300.00|14300.00|1|unidad||||
3|1|1736|7798024766417|1|ENSALADA MIX VEG.C/PECHUGUITAS AL SESAMO X UN|1.00|unidad| |14300.00|14300.00|1|unidad||||
3|1|1736|7613035242524|1|EPA DDL MAX 88GR|1.00|unidad| |6800.00|6800.00|1|unidad||||
3|1|1736|7613035242500|1|EPA ROCKER X 88G|1.00|unidad| |6800.00|6800.00|1|unidad||||
3|1|1736|7898024390121|1|FERRERO ROCHER BOMBON CHOC.RELL.PAQ.3 UNID X 37.5G|1.00|unidad| |5600.00|5600.00|1|unidad||||
3|1|1736|7798024760255|1|FIGAZZITAS DE SALAME Y QUESO X 2 UN|1.00|unidad| |9100.00|9100.00|1|unidad||||
3|1|1736|7798147780062|1|Franui sabor Black 150gr|1.00|unidad| |8500.00|8500.00|1|unidad||||
3|1|1736|7798147783223|1|Franui sabor Leche 150gr|1.00|unidad| |8500.00|8500.00|1|unidad||||
3|1|1736|7790070431936|1|Gallo YoguBar 20gr|1.00|unidad| |1800.00|1800.00|1|unidad||||
3|1|1736|0067061111111|1|GATORADE COOL BLUE PET X 500CC|1.00|unidad| |4300.00|4300.00|1|unidad||||
3|1|1736|0071971211111|1|GATORADE FRUTOS TROPICALES PET X 750CC|1.00|unidad| |5200.00|5200.00|1|unidad||||
3|1|1736|0066011111111|1|GATORADE MANZANA PET X 500CC|1.00|unidad| |4300.00|4300.00|1|unidad||||
3|1|1736|0042831111111|1|GATORADE MANZANA PET X 750CC|1.00|unidad| |5100.00|5100.00|1|unidad||||
3|1|1736|0006602111111|1|GATORADE NARANJA PET X 500CC|1.00|unidad| |4300.00|4300.00|1|unidad||||
3|1|1736|7798024766103|1|GRANDWICH PANINI GRIGLIATTI JAM/QUE/TOM/HUE X 210G|1.00|unidad| |7350.00|7350.00|1|unidad||||
3|1|1736|0000000023445|0|HALLS FREE MENTA X 28 G|1.00|unidad| |1500.00|1500.00|1|unidad||||
3|1|1736|7791249450277|1|HALLS MENTA LYPTUS CARAMELOS DUROS PAQ.X 28G|1.00|unidad| |1300.00|1300.00|1|unidad||||
3|1|1736|0000000023603|0|ICEDREAM CIRCULAR PASTELERA X UN|1.00|unidad| |1700.00|1700.00|1|unidad||||
3|1|1736|0028411111111|1|JORGITO ALFAJOR BLANCO X 50G|1.00|unidad| |1800.00|1800.00|1|unidad||||
3|1|1736|0011111112842|1|JORGITO ALFAJOR CHOCOLATE X 55G|1.00|unidad| |1800.00|1800.00|1|unidad||||
3|1|1736|7790957000545|1|JORGITO MINI ALFAJOR CHOCOLATE PAQ.X 6 UNID.|1.00|unidad| |4900.00|4900.00|1|unidad||||
3|1|1736|7790957000538|1|JORGITO MINI ALFAJOR GLACEADO PAQ.X 6 UNID.X 155GR|1.00|unidad| |4900.00|4900.00|1|unidad||||
3|1|1736|0000080052760|1|KINDER BUENO OBLEA CHOCOLATE CON LECHE X 43G|1.00|unidad| |4900.00|4900.00|1|unidad||||
3|1|1736|0000077949677|1|KINDER CHOCOLATE X 50G|1.00|unidad| |5700.00|5700.00|1|unidad||||
3|1|1736|7891000379073|1|KIT KAT DARK OBLEA BAÑADA CHOCOLATE X 41.5G|1.00|unidad| |3000.00|3000.00|1|unidad||||
3|1|1736|7891000379028|1|KIT KAT OBLEA BAÑADA CHOCOLATE BLANCO X 41.5G|1.00|unidad| |3000.00|3000.00|1|unidad||||
3|1|1736|7791337007260|1|Leche chocolatada Cindor 200ml|1.00|unidad| |3800.00|3800.00|1|unidad||||
3|1|1736|7791337007253|1|Leche chocolatada Cindor x 1L|1.00|unidad| |11500.00|11500.00|1|unidad||||
3|1|1736|7798368470391|1|LUCCIANO´S CHANTILLY X 100GR (02)|1.00|unidad| |7400.00|7400.00|1|unidad||||
3|1|1736|7798368470384|1|LUCCIANO´S CHOCOLATE C/CROCANTE X 100GR (01)|1.00|unidad| |7400.00|7400.00|1|unidad||||
3|1|1736|7798368470421|1|LUCCIANO´S CHOCOLATE X 90GR (05)|1.00|unidad| |7400.00|7400.00|1|unidad||||
3|1|1736|7798368470438|1|LUCCIANO´S DDL C/ CROCANTE X 90GR (06)|1.00|unidad| |7400.00|7400.00|1|unidad||||
3|1|1736|0000000024240|0|LUCCIANO´S DDL X 90GR (03)|1.00|unidad| |6000.00|6000.00|1|unidad||||
3|1|1736|7798368470476|1|LUCCIANO´S MINION ICE POP X 100GR (10)|1.00|unidad| |7900.00|7900.00|1|unidad||||
3|1|1736|7798368470469|1|LUCCIANO´S OLI KING X 90GR (09)|1.00|unidad| |7800.00|7800.00|1|unidad||||
3|1|1736|7798368470735|1|LUCCIANO´S PISTACCHIO X 95GR (08)|1.00|unidad| |7800.00|7800.00|1|unidad||||
3|1|1736|7798368470414|1|LUCCIANO´S SORBETE PATAGONIA X 90GR (04)|1.00|unidad| |7400.00|7400.00|1|unidad||||
3|1|1736|7613034797469|1|LUXOR BOMBON HELADO 53G|1.00|unidad| |3100.00|3100.00|1|unidad||||
3|1|1736|7797453001441|1|M&M Chocolate 48 Grs|1.00|unidad| |5000.00|5000.00|1|unidad||||
3|1|1736|7797453001458|1|M&M MANI PAQ. X 49 GR|1.00|unidad| |5000.00|5000.00|1|unidad||||
3|1|1736|7790387015324|1|MAÑANITA YERBA 4FLEX X 500 GR|1.00|unidad| |4600.00|4600.00|1|unidad||||
3|1|1736|7790206006106|1|MARROC BOCADITO X 14 GR.|1.00|unidad| |1250.00|1250.00|1|unidad||||
3|1|1736|7798024760125|1|MAX PREMIUM JyQ-TOM-HUE- PAN NGO X UN|1.00|unidad| |10600.00|10600.00|1|unidad||||
3|1|1736|7798024766172|1|MAX PREMIUM POLLO-RU-PAR-PAN NGO X UN|1.00|unidad| |10600.00|10600.00|1|unidad||||
3|1|1736|7798024760552|1|MAX TRIANGULO LIGHT POLLO-LEC-PAN NGO X UN|1.00|unidad| |10600.00|10600.00|1|unidad||||
3|1|1736|0000000023602|0|MEDIALUNA DE GRASA X UN|1.00|unidad| |1700.00|1700.00|1|unidad||||
3|1|1736|0000000023601|0|MEDIALUNA DE MANTECA X UN|1.00|unidad| |1700.00|1700.00|1|unidad||||
3|1|1736|7891000120057|1|MEGA AMERICANA CON ALMENDRAS X 74g|1.00|unidad| |7600.00|7600.00|1|unidad||||
3|1|1736|0000000020546|0|MENTHO-PLUS ACIDOS CEREZA X 27.2G|1.00|unidad| |1900.00|1900.00|1|unidad||||
3|1|1736|0000000020540|0|MENTHO-PLUS ACIDOS NARANJA X 27.2G|1.00|unidad| |1900.00|1900.00|1|unidad||||
3|1|1736|0000000021660|0|MENTHO-PLUS CARAMELOS INHALANTES DE CEREZA X 29.4G|1.00|unidad| |1000.00|1000.00|1|unidad||||
3|1|1736|0000000021663|0|MENTHO-PLUS CARAMELOS INHALANTES MIEL X 29.4G|1.00|unidad| |1000.00|1000.00|1|unidad||||
3|1|1736|0000000021661|0|MENTHO-PLUS CARAMELOS INHALANTES STRONG X 29.4G|1.00|unidad| |1000.00|1000.00|1|unidad||||
3|1|1736|0000000017476|0|MENTHO-PLUS CARAMELOS SIN AZUCAR CHERRY X 27.3G|1.00|unidad| |1900.00|1900.00|1|unidad||||
3|1|1736|0000000017474|0|MENTHO-PLUS CARAMELOS SIN AZUCAR MENTOL X 27.3G|1.00|unidad| |1900.00|1900.00|1|unidad||||
3|1|1736|0000000021664|0|MENTHOPLUS MENTA X 29.4G|1.00|unidad| |1000.00|1000.00|1|unidad||||
3|1|1736|0000000021662|0|MENTHOPLUS MENTOL X 29.4G|1.00|unidad| |1000.00|1000.00|1|unidad||||
3|1|1736|0000000021044|0|MENTHOPLUS ZERO CARAMELOS DURAZNO X 26.6G|1.00|unidad| |1900.00|1900.00|1|unidad||||
3|1|1736|0000000021047|0|MENTHOPLUS ZERO CARAMELOS STRONG X 26.6G|1.00|unidad| |1900.00|1900.00|1|unidad||||
3|1|1736|7895144699851|1|MENTOS CARAMELOS MASTICABLES SAB.FRUTA X 29.7GR|1.00|unidad| |1300.00|1300.00|1|unidad||||
3|1|1736|7895144699844|1|MENTOS CARAMELOS MASTICABLES SAB.MENTA X 29.7GR|1.00|unidad| |1300.00|1300.00|1|unidad||||
3|1|1736|0000000021770|0|MERMELADAS X UNIDAD|1.00|unidad| |60.00|60.00|1|unidad||||
3|1|1736|0000077903785|1|MILKA ALFAJOR MOUSSE TRIPLE X 55 GR.|1.00|unidad| |3000.00|3000.00|1|unidad||||
3|1|1736|7622300457303|1|MILKA ALFAJOR TRIPLE BLANCO X 55G|1.00|unidad| |3000.00|3000.00|1|unidad||||
3|1|1736|7622300844967|1|MILKA CHOCOLATE BLANCO CON DULCE DE LECHE X 67.5G|1.00|unidad| |7200.00|7200.00|1|unidad||||
3|1|1736|7622300844943|1|MILKA CHOCOLATE C DULCE DE LECHE X 67.5G|1.00|unidad| |7400.00|7400.00|1|unidad||||
3|1|1736|0000000021565|0|MILKA CHOCOLATE C/LECHE ALMENDRAS|1.00|unidad| |3510.00|3510.00|1|unidad||||
3|1|1736|7622300990114|1|MILKA CHOCOLATE CON LECHE X 150G|1.00|unidad| |14100.00|14100.00|1|unidad||||
3|1|1736|7622201818937|1|MILKA LEGER CHOCOLATE LECHE TABLETA X 50G|1.00|unidad| |6100.00|6100.00|1|unidad||||
3|1|1736|7790580116958|1|MOGUL CARAMELO DE GOMA DINOS X 30G|1.00|unidad| |850.00|850.00|1|unidad||||
3|1|1736|7790580129507|1|MOGUL CARAMELOS DE GOMA ACIDOS BOLSA X 60G|1.00|unidad| |1400.00|1400.00|1|unidad||||
3|1|1736|7790580169312|1|MOGUL CARAMELOS DE GOMA CEREBRITOS X 30G|1.00|unidad| |1200.00|1200.00|1|unidad||||
3|1|1736|7790580116460|1|MOGUL CARAMELOS DE GOMA EXTREME ACIDO ROLLO X 35G|1.00|unidad| |1200.00|1200.00|1|unidad||||
3|1|1736|7790580603809|1|MOGUL CARAMELOS DE GOMA FRUTALES ROLLO X 35G|1.00|unidad| |1200.00|1200.00|1|unidad||||
3|1|1736|7790580199913|1|MOGUL CARAMELOS DE GOMA OSITOS X 30 GR|1.00|unidad| |1200.00|1200.00|1|unidad||||
3|1|1736|7790580200114|1|MOGUL CARAMELOS DE GOMA TIBURON X 30G|1.00|unidad| |1200.00|1200.00|1|unidad||||
3|1|1736|7798422620014|1|MONSTER ENERGY GREEN X 473CC|1.00|unidad| |5500.00|5500.00|1|unidad||||
3|1|1736|7798422620045|1|MONSTER MANGO LOCO 473|1.00|unidad| |5500.00|5500.00|1|unidad||||
3|1|1736|7798422620021|1|MONSTER ULTRA x 473 CC|1.00|unidad| |5500.00|5500.00|1|unidad||||
3|1|1736|1111111111142|1|MUFFIN CHIPS CHOC X UN|1.00|unidad| |4300.00|4300.00|1|unidad||||
3|1|1736|1111111111145|1|MUFFIN VAINILLA C/DDL X UN|1.00|unidad| |4300.00|4300.00|1|unidad||||
3|1|1736|7798304841261|1|NESQUIK NUTRIACTIV B HEL.CHOCOLATE CON CALCIN-N|1.00|unidad| |1900.00|1900.00|1|unidad||||
3|1|1736|7622210723468|1|OREO GALLETITAS BAÑADAS CHOCOLATE x17gr|1.00|unidad| |210.00|210.00|1|unidad||||
3|1|1736|7899975800523|1|Oreo Palito AR 20 x 65g|1.00|unidad| |6800.00|6800.00|1|unidad||||
3|1|1736|7899975800509|1|OREO SANDWICH AR 81GR|1.00|unidad| |6800.00|6800.00|1|unidad||||
3|1|1736|7798304841124|1|OREO TACITA X 95G|1.00|unidad| |6800.00|6800.00|1|unidad||||
3|1|1736|0000000024088|0|PAN DE CHOCOLATE X UN|1.00|unidad| |4300.00|4300.00|1|unidad||||
3|1|1736|7798024766110|1|PANINI GRIGLIATTI DE PECETO X 210G|1.00|unidad| |7350.00|7350.00|1|unidad||||
3|1|1736|7791007000764|1|PAÑUELOS DESCARTABLES CAJA X 75 UNID|1.00|unidad| |3600.00|3600.00|1|unidad||||
3|1|1736|7791070003482|1|PAÑUELOS DESCARTABLES X UNID|1.00|unidad| |700.00|700.00|1|unidad||||
3|1|1736|7798024760781|1|PEBETE PECHUGA CRISPY X UN|1.00|unidad| |10200.00|10200.00|1|unidad||||
3|1|1736|7798024760361|1|PECHUGA GRILLE C/VEGETAL DEL HUERTO X UN|1.00|unidad| |12700.00|12700.00|1|unidad||||
3|1|1736|0000077915481|1|PEPITOS ALFAJOR TRIPLE DE CHOCOLATE X 57GR|1.00|unidad| |3000.00|3000.00|1|unidad||||
3|1|1736|7791813828365|1|PEPSI BLACK PET X 500CC|1.00|unidad| |3450.00|3450.00|1|unidad||||
3|1|1736|1111111111200|1|PICO DULCE CHUPETIN X 14 GR.|1.00|unidad| |500.00|500.00|1|unidad||||
3|1|1736|7790895641183|1|POWERADE FRUTAS TROPICALES PET X 500CC|1.00|unidad| |3500.00|3500.00|1|unidad||||
3|1|1736|7790895640018|1|POWERADE MANZANA PET X 500CC|1.00|unidad| |3500.00|3500.00|1|unidad||||
3|1|1736|7790895640025|1|POWERADE MOUNTAIN BLAST PET X 500CC|1.00|unidad| |3500.00|3500.00|1|unidad||||
3|1|1736|7791519200021|1|PRIME PRESERVATIVO ANATOMICO CAJA X 3 UNID.|1.00|unidad| |6300.00|6300.00|1|unidad||||
3|1|1736|7791519200076|1|PRIME PRESERVATIVO ESPERMICIDA CAJA X 3 UNID.|1.00|unidad| |6300.00|6300.00|1|unidad||||
3|1|1736|7791519000676|1|PRIME PRESERVATIVO EXTRA LUBRICADO CAJA X 3 UNID.|1.00|unidad| |6300.00|6300.00|1|unidad||||
3|1|1736|7791519200045|1|PRIME PRESERVATIVO SUPERFINO CAJA X 3 UNID.|1.00|unidad| |6300.00|6300.00|1|unidad||||
3|1|1736|7791519200090|1|PRIME PRESERVATIVO TACHAS CAJA X 3 UNID.|1.00|unidad| |6300.00|6300.00|1|unidad||||
3|1|1736|7791519200069|1|PRIME PRESERVATIVO TEXTURADO CAJA X 3 UNID.|1.00|unidad| |6300.00|6300.00|1|unidad||||
3|1|1736|7790742167101|1|Queso Finlandia Chef Cheddar 150gr PAQUETE INSUMO|1.00|unidad| |685.00|685.00|1|unidad||||
3|1|1736|0045011111111|1|RED BULL ENERGY DRINK LATA X 250 CC|1.00|unidad| |5500.00|5500.00|1|unidad||||
3|1|1736|0000090435225|1|RED BULL ENERGY DRINK LATA X 355 CC|1.00|unidad| |6900.00|6900.00|1|unidad||||
3|1|1736|9002490232054|1|RED BULL ENERGY DRINK SUGAR FREE LATA X 250CC|1.00|unidad| |5500.00|5500.00|1|unidad||||
3|1|1736|7790580327415|1|ROCKLETS CONFITES DE CHOCOLATE PAQ. X 40 GR|1.00|unidad| |3100.00|3100.00|1|unidad||||
3|1|1736|7790580327613|1|ROCKLETS NARANJA MANI C/CHOCOLATE CONFITADO X 40G|1.00|unidad| |3100.00|3100.00|1|unidad||||
3|1|1736|7798024760507|1|ROLL CHICKEN CAESAR X 210GR|1.00|unidad| |10600.00|10600.00|1|unidad||||
3|1|1736|0000000023605|0|SACRAMENTO MEMBRILLO X UN|1.00|unidad| |1700.00|1700.00|1|unidad||||
3|1|1736|7790580716806|1|SALADIX GALLETITAS SAB. CALABRESA CAJA X 100G|1.00|unidad| |3200.00|3200.00|1|unidad||||
3|1|1736|7790580716707|1|SALADIX GALLETITAS SAB. JAMON CAJA X 100G|1.00|unidad| |3200.00|3200.00|1|unidad||||
3|1|1736|7790580697303|1|SALADIX GALLETITAS SAB. PIZZA CAJA X 100G|1.00|unidad| |3200.00|3200.00|1|unidad||||
3|1|1736|7790040374607|1|SALADIX GALLETITAS SAB.DUO CAJA X 80G|1.00|unidad| |3200.00|3200.00|1|unidad||||
3|1|1736|7790040123434|1|SALADIX GALLETITAS SAB.KESITOS X80G|1.00|unidad| |2700.00|2700.00|1|unidad||||
3|1|1736|0000077956699|1|SHOT ALFAJOR TRISHOT TRIPLE X 60G|1.00|unidad| |3000.00|3000.00|1|unidad||||
3|1|1736|7622300424084|1|SHOT CHOCOLATE CON LECHE Y MANI TABLETA X 170 GR|1.00|unidad| |12500.00|12500.00|1|unidad||||
3|1|1736|0000077914217|1|SHOT CHOCOLATE LECHE CON MANI TABLETA X 35G|1.00|unidad| |3000.00|3000.00|1|unidad||||
3|1|1736|7798304841803|1|SIN PARAR CHOCOLATE DULCE DE LECHE X 90G|1.00|unidad| |3000.00|3000.00|1|unidad||||
3|1|1736|7798304841797|1|SIN PARAR DULCE DE LECHE Y AMERICANA X 90G|1.00|unidad| |3000.00|3000.00|1|unidad||||
3|1|1736|7798304841780|1|SIN PARAR FRUTILLA CREMA X 90G|1.00|unidad| |3000.00|3000.00|1|unidad||||
3|1|1736|0022000018465|1|SKITTLES CONFITES ORIGINAL FRUIT PAQ.X 61.5GR|1.00|unidad| |4700.00|4700.00|1|unidad||||
3|1|1736|0022000018489|1|SKITTLES CONFITES WILDBERRY PAQ.X 61.5GR|1.00|unidad| |4700.00|4700.00|1|unidad||||
3|1|1736|7790895646027|1|SMART WATER C/G 591 ML|1.00|unidad| |3500.00|3500.00|1|unidad||||
3|1|1736|7790895645778|1|SMART WATER S/G 591 ML|1.00|unidad| |3500.00|3500.00|1|unidad||||
3|1|1736|7506174512248|1|SNICKERS BARRA RELL.MANI CUB.C/CHOCOLATE X 48 GR|1.00|unidad| |4700.00|4700.00|1|unidad||||
3|1|1736|0522111111111|1|SPEED UNLIMITED LATA X 250CC|1.00|unidad| |4200.00|4200.00|1|unidad||||
3|1|1736|0040000000518|1|STARBURST CARAMELO MASTICABLE SURTIDO PAQ.X 58.7G|1.00|unidad| |5100.00|5100.00|1|unidad||||
3|1|1736|7790580060206|1|SUGUS CARAMELO MASTICABLE SUELTO X 3.3 GR|1.00|unidad| |50.00|50.00|1|unidad||||
3|1|1736|7790580056001|1|SUGUS CONFITADOS CONFITES DE CARAMELO SURT.X 50 G|1.00|unidad| |2000.00|2000.00|1|unidad||||
3|1|1736|7790387000849|1|TARAGUI MATE COCIDO X 25 UNID S ENS|1.00|unidad| |135.00|135.00|1|unidad||||
3|1|1736|0029601111111|1|TARAGUI MATE LISTO X 35 GR.|1.00|unidad| |4000.00|4000.00|1|unidad||||
3|1|1736|0029621111111|1|TARAGUI TERMO MATE-LISTO CAPACIDAD 500 CC.|1.00|unidad| |5900.00|5900.00|1|unidad||||
3|1|1736|7790387013627|1|TARAGUI YERBA 4FLEX X 500 GR.|1.00|unidad| |4600.00|4600.00|1|unidad||||
3|1|1736|0000077939234|1|TERRABUSI ALFAJOR CHOCOLATE X 50 GR|1.00|unidad| |2000.00|2000.00|1|unidad||||
3|1|1736|0000077903792|1|TERRABUSI ALFAJOR TRIPLE CHOCOLATE X 70G.|1.00|unidad| |3000.00|3000.00|1|unidad||||
3|1|1736|0000077903860|1|TERRABUSI ALFAJOR TRIPLE TIPO TORTA CHOCOLAT.X 70G|1.00|unidad| |3000.00|3000.00|1|unidad||||
3|1|1736|7622300335052|1|TERRABUSI SNACKY X 60GR|1.00|unidad| |4600.00|4600.00|1|unidad||||
3|1|1736|7861002910314|1|TIC TAC PASTILLAS SABOR MENTA CAJA X 16 GR.|1.00|unidad| |1600.00|1600.00|1|unidad||||
3|1|1736|7861002910321|1|TIC TAC PASTILLAS SABOR NARANJA CAJA X 16 GR.|1.00|unidad| |1600.00|1600.00|1|unidad||||
3|1|1736|7790580746612|1|TOFI CHOCOLATE C/LECHE RELLENO D.LECHE X 55G|1.00|unidad| |420.00|420.00|1|unidad||||
3|1|1736|7798024760354|1|TOP PBT DE JAMON COCIDO Y QUESO X UN|1.00|unidad| |9100.00|9100.00|1|unidad||||
3|1|1736|0000000019823|0|TOPLINE 7 CHICLE S/AZUCAR ATM STRONG X 14G|1.00|unidad| |2300.00|2300.00|1|unidad||||
3|1|1736|0000000018843|0|TOPLINE 7 CHICLE S/AZUCAR MANDARINA  CAJA X 14G|1.00|unidad| |2300.00|2300.00|1|unidad||||
3|1|1736|7790580120573|1|TOPLINE 7 ULTRA CLEAN X 24G|1.00|unidad| |3600.00|3600.00|1|unidad||||
3|1|1736|7790580120702|1|TOPLINE 7 ULTRA GREEN MINT X 24G|1.00|unidad| |3600.00|3600.00|1|unidad||||
3|1|1736|7790580121013|1|TOPLINE 7 ULTRA RED BERRY X 24G|1.00|unidad| |3600.00|3600.00|1|unidad||||
3|1|1736|7798304841421|1|TORPEDO FRUTILLA|1.00|unidad| |2100.00|2100.00|1|unidad||||
3|1|1736|7798304841414|1|TORPEDO LIMON|1.00|unidad| |2100.00|2100.00|1|unidad||||
3|1|1736|7798024760460|1|TRIPLE MIGA BLANCO J.COCIDO Y QUESO X 3 UN|1.00|unidad| |9600.00|9600.00|1|unidad||||
3|1|1736|7798024760477|1|TRIPLE MIGA NEGRO J.COCIDO Y QUESO X 3 UN|1.00|unidad| |9600.00|9600.00|1|unidad||||
3|1|1736|7622202839962|1|VARIEDAD GALLETITAS DULCES SURTIDAS X 390GR.|1.00|unidad|VARIEDAD|5800.00|5800.00|1|unidad||||
3|1|1736|0016871111111|1|VASO REUTILIZABLE|1.00|unidad| |4500.00|4500.00|1|unidad||||
3|1|1736|0000000004361|0|VAUQUITA TABLETA DE DULCE DE LECHE X 25 GR.|1.00|unidad| |190.00|190.00|1|unidad||||
3|1|1736|7790315100184|1|VDS LEVITE CERO AGUA S/G MANZANA PET X 500cc|1.00|unidad| |3450.00|3450.00|1|unidad||||
3|1|1736|0021352111111|1|VDS LEVITE CERO AGUA S/G NARANJA PET X 500cc|1.00|unidad| |3450.00|3450.00|1|unidad||||
3|1|1736|0021347111111|1|VILLA DEL SUR LEVITE S/G MANZANA PET X 500cc|1.00|unidad| |3450.00|3450.00|1|unidad||||
3|1|1736|7798062548655|1|VILLA DEL SUR LEVITE S/G NARANJA PET X 500cc|1.00|unidad| |3450.00|3450.00|1|unidad||||
3|1|1736|0021349111111|1|VILLA DEL SUR LEVITE S/G PERA PET X 500cc|1.00|unidad| |3450.00|3450.00|1|unidad||||
3|1|1736|7799155000982|1|VILLA DEL SUR LEVITE S/G POMELO PET X 500cc|1.00|unidad| |3450.00|3450.00|1|unidad||||
3|1|1736|7799155000210|1|VILLAVICENCIO AGUA FINAMENTE GASIFICADA PET X 1.5L|1.00|unidad| |5300.00|5300.00|1|unidad||||
3|1|1736|7799155000203|1|VILLAVICENCIO AGUA FINAMENTE GASIFICADA PET X 500C|1.00|unidad| |3650.00|3650.00|1|unidad||||
3|1|1736|0022000293220|1|Wrigleys Doubl 12.5g|1.00|unidad| |2600.00|2600.00|1|unidad||||
3|1|1736|0022000293305|1|Wrigleys Spear 12.5g|1.00|unidad| |2600.00|2600.00|1|unidad||||
3|1|1736|7791337010826|1|Yogurisimo Botellita Frutilla x 190g|1.00|unidad| |5500.00|5500.00|1|unidad||||
3|1|1736|7798187760246|1|ZAFRAN BARRA DE CEREAL ALM/COCO X 28G|1.00|unidad| |1900.00|1900.00|1|unidad||||
3|1|1736|7798187760277|1|ZAFRAN BARRA DE CEREAL CAJU/ZAPALLO 28G|1.00|unidad| |1900.00|1900.00|1|unidad||||
3|1|1736|7798187760253|1|ZAFRAN BARRA DE CEREAL MANI/CACAO 28G|1.00|unidad| |1900.00|1900.00|1|unidad||||
3|1|1736|7798187760260|1|ZAFRAN BARRA DE CEREAL MZNA/CHIA 28G|1.00|unidad| |1900.00|1900.00|1|unidad||||
 
Ultima actualizacion: 2026-09-09T16:00:01-03:00
